problem_id,problem_set_id,problem_part,problem_type,answer_types,normalized_text,math_preserving_text,answer_key,domain_family,node_codes,node_names,total_interactions,unique_students,clean_first_attempt_interactions,nonempty_answer_count,saw_answer_rate,mean_hint_count,discrete_score_mean,top_answer_surfaces_json,split,reason_codes
88,PSBBH,1,Fill-in-the-blank(s),Numeric,Calculate (1.6) · (0.215).,Calculate (1.6) * (0.215).,0.344,decimal,6.NS.B.3,"Add, Subtract, Multiply & Divide Multi-Digit Decimals",334,311,274,334,0.1526946107784431,0.0838323353293413,0.6077844311377245,"[{""answer_norm"": ""0.344"", ""n"": 133}, {""answer_norm"": "".3440"", ""n"": 33}, {""answer_norm"": ""0.3440"", ""n"": 32}, {""answer_norm"": "".344"", ""n"": 20}, {""answer_norm"": ""0.334"", ""n"": 15}]",model_dev,
93,PSBCC,1,Fill-in-the-blank(s),Numeric,"Given the equation y = ‐ 3 x + 2 . 5 : When x is 1, what value of y makes the equation true? y =","Given the equation y = - 3 x + 2.5: When x is 1, what value of y makes the equation true? y =",-0.5,ratio_percent,6.EE.A.2c | 7.NS.A.1d | 7.NS.A.2c,Evaluate Expression in Real-World Context | Apply Properties of Operations to Add/Subtract Rational Numbers | Apply Properties of Operations to Multiply/Divide Rational Numbers,97,94,76,97,0.2164948453608247,0.1443298969072164,0.5876288659793815,"[{""answer_norm"": ""-0.5"", ""n"": 51}, {""answer_norm"": ""-.5"", ""n"": 13}, {""answer_norm"": ""0.5"", ""n"": 6}, {""answer_norm"": ""5.5"", ""n"": 6}, {""answer_norm"": "".5"", ""n"": 3}]",validation,
95,PSBB9,1,Fill-in-the-blank(s),Numeric,"There are 12 inches in 1 foot and 5,280 feet in 1 mile. Jada ran 3 1 4 miles. How many feet is that? feet","There are 12 inches in 1 foot and 5,280 feet in 1 mile. Jada ran 3 1 / 4 miles. How many feet is that? feet",17160,other,5.MD.A.1,Convert Among Standard Measurement Units,47,47,44,47,0.0,0.1063829787234042,0.8297872340425532,"[{""answer_norm"": ""17160"", ""n"": 34}, {""answer_norm"": ""17,160"", ""n"": 7}, {""answer_norm"": ""12952"", ""n"": 1}, {""answer_norm"": ""15840"", ""n"": 1}, {""answer_norm"": ""17220"", ""n"": 1}]",model_dev,
207,PSBCC,2,Fill-in-the-blank(s),Numeric,"Given the equation y = ‐ 3 x + 2 . 5 : When x is -1.5, what value of y makes the equation true? y =","Given the equation y = - 3 x + 2.5: When x is -1.5, what value of y makes the equation true? y =",7,ratio_percent,6.EE.A.2c | 7.NS.A.1d | 7.NS.A.2c,Evaluate Expression in Real-World Context | Apply Properties of Operations to Add/Subtract Rational Numbers | Apply Properties of Operations to Multiply/Divide Rational Numbers,97,94,80,97,0.1752577319587628,0.1030927835051546,0.6288659793814433,"[{""answer_norm"": ""7"", ""n"": 66}, {""answer_norm"": ""-2"", ""n"": 8}, {""answer_norm"": ""1"", ""n"": 4}, {""answer_norm"": ""2"", ""n"": 2}, {""answer_norm"": ""4.5"", ""n"": 2}]",validation,
311,PSBC5,2,Fill-in-the-blank(s),Numeric,"A builder was building a fence. In the morning, he worked for 2 5 of an hour. In the afternoon, he worked for 9 10 of an hour. How many times as long as in the morning did he work in the afternoon? Answer the question. times as long","A builder was building a fence. In the morning, he worked for 2 / 5 of an hour. In the afternoon, he worked for 9 / 10 of an hour. How many times as long as in the morning did he work in the afternoon? Answer the question. times as long",2 1/4,fraction,6.NS.A.1,Interpret & Compute using Division of Fractions,450,400,298,450,0.3133333333333333,0.1933333333333333,0.5044444444444445,"[{""answer_norm"": ""2 1/4"", ""n"": 155}, {""answer_norm"": ""45/20"", ""n"": 51}, {""answer_norm"": ""20/45"", ""n"": 27}, {""answer_norm"": ""4/9"", ""n"": 25}, {""answer_norm"": ""9/4"", ""n"": 25}]",test,
312,PSBCC,3,Fill-in-the-blank(s),Numeric,"Given the equation y = ‐ 3 x + 2 . 5 : When y is 8.5, what value of x makes the equation true? y =","Given the equation y = - 3 x + 2.5: When y is 8.5, what value of x makes the equation true? y =",-2,ratio_percent,6.EE.A.2c | 7.NS.A.1d | 7.NS.A.2c,Evaluate Expression in Real-World Context | Apply Properties of Operations to Add/Subtract Rational Numbers | Apply Properties of Operations to Multiply/Divide Rational Numbers,97,94,76,97,0.2061855670103092,0.1134020618556701,0.4432989690721649,"[{""answer_norm"": ""-2"", ""n"": 50}, {""answer_norm"": ""-23"", ""n"": 10}, {""answer_norm"": ""2"", ""n"": 7}, {""answer_norm"": ""5.5"", ""n"": 3}, {""answer_norm"": ""3.4"", ""n"": 2}]",validation,
457,PSBEV,1,Fill-in-the-blank(s),Numeric,A circular field has area 14400 π square feet. What is the radius of the field? feet,A circular field has area 14400 pi square feet. What is the radius of the field? feet,120,equation_algebra,7.G.B.4,Solve Problems Involving Area & Circumference of Circles,81,77,51,81,0.3333333333333333,0.2469135802469135,0.2098765432098765,"[{""answer_norm"": ""120"", ""n"": 30}, {""answer_norm"": ""67.7"", ""n"": 10}, {""answer_norm"": ""7200"", ""n"": 4}, {""answer_norm"": ""3600"", ""n"": 3}, {""answer_norm"": ""100"", ""n"": 1}]",test,
503,PSBFF,2,Fill-in-the-blank(s),Numeric,"Diego has $11 and begins saving $5 each week toward buying a new phone. At the same time that Diego begins saving, Lin has $60 and begins spending $2 per week on supplies for her art class. After how many weeks will Diego and Lin have the same amount of money? After weeks","Diego has $11 and begins saving $5 each week toward buying a new phone. At the same time that Diego begins saving, Lin has $60 and begins spending $2 per week on supplies for her art class. After how many weeks will Diego and Lin have the same amount of money? After weeks",7,equation_algebra,8.EE.C.8c,Solve Systems of Linear Equations Word Problems,795,786,567,795,0.2779874213836478,0.1371069182389937,0.6050314465408805,"[{""answer_norm"": ""7"", ""n"": 552}, {""answer_norm"": ""6"", ""n"": 29}, {""answer_norm"": ""5"", ""n"": 27}, {""answer_norm"": ""8"", ""n"": 25}, {""answer_norm"": ""16"", ""n"": 17}]",model_dev,
569,PSBEV,2,Fill-in-the-blank(s),Numeric,A circular field has area 14400 π square feet. What is the diameter of the field? feet,A circular field has area 14400 pi square feet. What is the diameter of the field? feet,240,equation_algebra,7.G.B.4,Solve Problems Involving Area & Circumference of Circles,80,77,62,80,0.1625,0.1625,0.4,"[{""answer_norm"": ""240"", ""n"": 43}, {""answer_norm"": ""135.41"", ""n"": 5}, {""answer_norm"": ""60"", ""n"": 4}, {""answer_norm"": ""7200"", ""n"": 4}, {""answer_norm"": ""135.4"", ""n"": 3}]",test,
662,PSBEV,3,Fill-in-the-blank(s),Numeric,"A circular field has area 14400 π square feet. What is the circumference of the field, to the nearest foot? feet","A circular field has area 14400 pi square feet. What is the circumference of the field, to the nearest foot? feet",754,equation_algebra,7.G.B.4,Solve Problems Involving Area & Circumference of Circles,79,76,54,79,0.2911392405063291,0.2531645569620253,0.2278481012658227,"[{""answer_norm"": ""754"", ""n"": 31}, {""answer_norm"": ""425.39"", ""n"": 4}, {""answer_norm"": ""480"", ""n"": 4}, {""answer_norm"": ""753.6"", ""n"": 4}, {""answer_norm"": ""120"", ""n"": 2}]",test,
682,PSBFF,3,Fill-in-the-blank(s),Numeric,"Diego has $11 and begins saving $5 each week toward buying a new phone. At the same time that Diego begins saving, Lin has $60 and begins spending $2 per week on supplies for her art class. How much money do they have at that time? $","Diego has $11 and begins saving $5 each week toward buying a new phone. At the same time that Diego begins saving, Lin has $60 and begins spending $2 per week on supplies for her art class. How much money do they have at that time? $",46,equation_algebra,8.EE.C.8c,Solve Systems of Linear Equations Word Problems,792,783,583,792,0.2638888888888889,0.034090909090909,0.6338383838383839,"[{""answer_norm"": ""46"", ""n"": 573}, {""answer_norm"": ""36"", ""n"": 56}, {""answer_norm"": ""49"", ""n"": 28}, {""answer_norm"": ""74"", ""n"": 20}, {""answer_norm"": ""35"", ""n"": 10}]",model_dev,
1195,PRABEVSZ,1,Fill-in-the-blank(s),Algebraic Expression,"There are 16 cups in a gallon. The equation c = 16 g gives the number of cups in terms of the number of gallons. Write another equation for this situation, giving the number of gallons in terms of the number of cups: g = Use c as your variable.","There are 16 cups in a gallon. The equation c = 16 g gives the number of cups in terms of the number of gallons. Write another equation for this situation, giving the number of gallons in terms of the number of cups: g = Use c as your variable.",1/16c,ratio_percent,7.RP.A.2c,Represent Proportional Relationships with Equations,83,79,60,83,0.2771084337349397,0.216867469879518,0.3734939759036144,"[{""answer_norm"": ""16c"", ""n"": 23}, {""answer_norm"": ""c/16"", ""n"": 23}, {""answer_norm"": ""1/16c"", ""n"": 16}, {""answer_norm"": ""256c"", ""n"": 3}, {""answer_norm"": ""16/c"", ""n"": 2}]",model_dev,
1468,PRABEVDE,1,Fill-in-the-blank(s),Numeric,A right rectangular prism has a volume of 30 cubic inches. Its length is 1 3 inch and its width is 3 feet. What is its height in inches? inches,A right rectangular prism has a volume of 30 cubic inches. Its length is 1 / 3 inch and its width is 3 feet. What is its height in inches? inches,2.5,fraction,6.G.A.2,Find the Volume of Rectangular Prisms with Fractional Sides,142,142,96,142,0.3169014084507042,0.0845070422535211,0.1126760563380281,"[{""answer_norm"": ""30"", ""n"": 36}, {""answer_norm"": ""10"", ""n"": 19}, {""answer_norm"": ""2.5"", ""n"": 16}, {""answer_norm"": ""5/2"", ""n"": 15}, {""answer_norm"": ""1"", ""n"": 8}]",model_dev,
1638,PSBN4,1,Fill-in-the-blank(s),Numeric,"A bag contains 150 marbles. Some are blue, and the rest are white. There are 21 blue marbles for every 4 white marbles. How many blue marbles are in the bag? blue marbles","A bag contains 150 marbles. Some are blue, and the rest are white. There are 21 blue marbles for every 4 white marbles. How many blue marbles are in the bag? blue marbles",126,ratio_percent,6.RP.A.3b,Solve Unit Rate Problems,56,42,53,56,0.0535714285714285,0.0714285714285714,0.4821428571428571,"[{""answer_norm"": ""126"", ""n"": 28}, {""answer_norm"": ""84"", ""n"": 5}, {""answer_norm"": ""120"", ""n"": 2}, {""answer_norm"": ""129"", ""n"": 2}, {""answer_norm"": ""5.25"", ""n"": 2}]",model_dev,
2532,PSBXG,2,Fill-in-the-blank(s),Numeric,What is the scale factor?,What is the scale factor?,3,ratio_percent,7.G.A.1,Solve Scale Drawing Problems,1028,1017,605,1028,0.4046692607003891,0.036964980544747,0.4747081712062256,"[{""answer_norm"": ""3"", ""n"": 585}, {""answer_norm"": ""30"", ""n"": 68}, {""answer_norm"": ""2"", ""n"": 59}, {""answer_norm"": ""10"", ""n"": 49}, {""answer_norm"": ""4"", ""n"": 28}]",test,
2695,PSBYY,1,Fill-in-the-blank(s),Numeric,Evaluate the expression. 11 - 4.9,Evaluate the expression. 11 - 4.9,6.1,ratio_percent,5.NBT.B.7,Compute Decimal Problems Involving All 4 Operations,19,19,19,19,0.0,0.0,0.9473684210526316,"[{""answer_norm"": ""6.1"", ""n"": 18}, {""answer_norm"": ""2.24"", ""n"": 1}]",validation,
2812,PSBYY,2,Fill-in-the-blank(s),Numeric,Evaluate the expression. 7 - 0.18,Evaluate the expression. 7 - 0.18,6.82,ratio_percent,5.NBT.B.7,Compute Decimal Problems Involving All 4 Operations,19,19,19,19,0.0,0.0,0.8947368421052632,"[{""answer_norm"": ""6.82"", ""n"": 17}, {""answer_norm"": ""6.88"", ""n"": 1}, {""answer_norm"": ""7.82"", ""n"": 1}]",validation,
2930,PSBYY,3,Fill-in-the-blank(s),Numeric,Evaluate the expression. 13.23 + 2.67,Evaluate the expression. 13.23 + 2.67,15.9,ratio_percent,5.NBT.B.7,Compute Decimal Problems Involving All 4 Operations,19,19,19,19,0.0,0.0,0.8421052631578947,"[{""answer_norm"": ""15.9"", ""n"": 11}, {""answer_norm"": ""15.90"", ""n"": 5}, {""answer_norm"": ""15.94"", ""n"": 1}, {""answer_norm"": ""15.95"", ""n"": 1}, {""answer_norm"": ""16"", ""n"": 1}]",validation,
3036,PSBYY,4,Fill-in-the-blank(s),Numeric,Evaluate the expression. 6.08 + 2.02,Evaluate the expression. 6.08 + 2.02,8.1,ratio_percent,5.NBT.B.7,Compute Decimal Problems Involving All 4 Operations,19,19,19,19,0.0,0.0,0.8947368421052632,"[{""answer_norm"": ""8.1"", ""n"": 13}, {""answer_norm"": ""8.10"", ""n"": 4}, {""answer_norm"": ""4.06"", ""n"": 1}, {""answer_norm"": ""9"", ""n"": 1}]",validation,
3098,PSB2A,1,Fill-in-the-blank(s),Numeric,It takes Andre 4 minutes to swim 5 laps. How many laps per minute is that? laps per minute,It takes Andre 4 minutes to swim 5 laps. How many laps per minute is that? laps per minute,1.25,ratio_percent,6.RP.A.2 | 6.RP.A.3b,Understand & Describe Unit Rate | Solve Unit Rate Problems,157,114,141,157,0.0764331210191082,0.1210191082802547,0.554140127388535,"[{""answer_norm"": ""1.25"", ""n"": 74}, {""answer_norm"": ""0.8"", ""n"": 17}, {""answer_norm"": ""1 1/4"", ""n"": 10}, {""answer_norm"": ""20"", ""n"": 9}, {""answer_norm"": ""5/4"", ""n"": 8}]",model_dev,
3201,PSBYY,5,Fill-in-the-blank(s),Numeric,Evaluate the expression. 35 - 0.02,Evaluate the expression. 35 - 0.02,34.98,ratio_percent,5.NBT.B.7,Compute Decimal Problems Involving All 4 Operations,19,19,19,19,0.0,0.0,0.8421052631578947,"[{""answer_norm"": ""34.98"", ""n"": 16}, {""answer_norm"": ""34.08"", ""n"": 2}, {""answer_norm"": ""24.98"", ""n"": 1}]",validation,
3256,PSB2A,2,Fill-in-the-blank(s),Numeric,It takes Andre 4 minutes to swim 5 laps. How many minutes per lap is that? minutes per lap,It takes Andre 4 minutes to swim 5 laps. How many minutes per lap is that? minutes per lap,5-Apr,ratio_percent,6.RP.A.3b,Solve Unit Rate Problems,157,114,141,157,0.0573248407643312,0.1337579617834395,0.4331210191082802,"[{""answer_norm"": ""0.8"", ""n"": 50}, {""answer_norm"": ""1.25"", ""n"": 22}, {""answer_norm"": ""1"", ""n"": 16}, {""answer_norm"": ""4/5"", ""n"": 9}, {""answer_norm"": "".8"", ""n"": 8}]",model_dev,
3418,PSB2A,3,Fill-in-the-blank(s),Numeric,"If Andre swims 22 laps at the same rate, how long does it take him? minutes","If Andre swims 22 laps at the same rate, how long does it take him? minutes",17.6,ratio_percent,6.RP.A.3b,Solve Unit Rate Problems,157,114,132,157,0.0891719745222929,0.2229299363057325,0.2993630573248407,"[{""answer_norm"": ""17.6"", ""n"": 53}, {""answer_norm"": ""27.5"", ""n"": 15}, {""answer_norm"": ""21"", ""n"": 5}, {""answer_norm"": ""18"", ""n"": 4}, {""answer_norm"": ""20"", ""n"": 4}]",model_dev,
4344,PRABQMXP,1,Fill-in-the-blank(s),Numeric,"Noah and Andre are 15 miles apart on a bike path when they start biking toward each other. Noah rides at a constant speed of 4 miles per hour, and Andre rides at a constant speed of 2 miles per hour. How long does it take until Noah and Andre meet? hours","Noah and Andre are 15 miles apart on a bike path when they start biking toward each other. Noah rides at a constant speed of 4 miles per hour, and Andre rides at a constant speed of 2 miles per hour. How long does it take until Noah and Andre meet? hours",2.5,ratio_percent,6.RP.A.3b,Solve Unit Rate Problems,150,111,122,150,0.14,0.3133333333333333,0.3466666666666667,"[{""answer_norm"": ""2.5"", ""n"": 44}, {""answer_norm"": ""2 1/2"", ""n"": 14}, {""answer_norm"": ""2"", ""n"": 9}, {""answer_norm"": ""8"", ""n"": 8}, {""answer_norm"": ""7.5"", ""n"": 7}]",model_dev,
4480,PRABEPVY,1,Fill-in-the-blank(s),Numeric,"Quadrilateral A has side lengths 6, 9, 9, and 12. Quadrilateral B is a scaled copy of Quadrilateral A, with its shortest side of length 2. What is the perimeter of Quadrilateral B?","Quadrilateral A has side lengths 6, 9, 9, and 12. Quadrilateral B is a scaled copy of Quadrilateral A, with its shortest side of length 2. What is the perimeter of Quadrilateral B?",12,ratio_percent,7.G.A.1,Solve Scale Drawing Problems,1407,1369,883,1407,0.3560767590618336,0.1236673773987206,0.5110163468372424,"[{""answer_norm"": ""12"", ""n"": 891}, {""answer_norm"": ""3"", ""n"": 92}, {""answer_norm"": ""14"", ""n"": 34}, {""answer_norm"": ""1/3"", ""n"": 31}, {""answer_norm"": ""18"", ""n"": 28}]",test,
5236,PSBBC3,1,Fill-in-the-blank(s),Numeric,"Three sixth-grade classes raised $25.50, $49.75, and $37.25 for their classroom libraries. They agreed to share the money raised equally. What is each class’s equal share? $","Three sixth-grade classes raised $25.50, $49.75, and $37.25 for their classroom libraries. They agreed to share the money raised equally. What is each class’s equal share? $",37.5,statistics_probability,6.SP.B.5c,Give & Describe Quantitative Measures of Center & Variability,682,672,571,682,0.1466275659824047,0.0894428152492668,0.7111436950146628,"[{""answer_norm"": ""37.5"", ""n"": 310}, {""answer_norm"": ""37.50"", ""n"": 222}, {""answer_norm"": ""112.5"", ""n"": 28}, {""answer_norm"": ""112.50"", ""n"": 18}, {""answer_norm"": ""37.05"", ""n"": 5}]",model_dev,
6006,PSBBH8,1,Fill-in-the-blank(s),Numeric,"Noah scored 20 points in a game. Mai's score was 30 points. The mean score for Noah, Mai, and Clare was 40 points. What was Clare's score? points","Noah scored 20 points in a game. Mai's score was 30 points. The mean score for Noah, Mai, and Clare was 40 points. What was Clare's score? points",70,statistics_probability,6.SP.B.5c,Give & Describe Quantitative Measures of Center & Variability,500,500,366,500,0.248,0.214,0.522,"[{""answer_norm"": ""70"", ""n"": 283}, {""answer_norm"": ""30"", ""n"": 42}, {""answer_norm"": ""10"", ""n"": 33}, {""answer_norm"": ""50"", ""n"": 30}, {""answer_norm"": ""60"", ""n"": 27}]",model_dev,
6562,PSBBM6,1,Fill-in-the-blank(s),Numeric,"Imagine a large, solid cube made out of 64 white snap cubes. Someone spray paints all 6 faces of the large cube blue. After the paint dries, they disassemble the large cube into a pile of 64 snap cubes. How many of those 64 snap cubes have exactly 2 faces that are blue? snap cubes","Imagine a large, solid cube made out of 64 white snap cubes. Someone spray paints all 6 faces of the large cube blue. After the paint dries, they disassemble the large cube into a pile of 64 snap cubes. How many of those 64 snap cubes have exactly 2 faces that are blue? snap cubes",24,geometry_measurement,7.G.B.6,"Find Area, Volume & Surface Area of 2D/3D Objects",2,2,2,2,0.0,0.0,0.5,"[{""answer_norm"": ""24"", ""n"": 1}, {""answer_norm"": ""66"", ""n"": 1}]",validation,
7096,PSBBP6,1,Fill-in-the-blank(s),Numeric,"Four runners are training for long races. Noah ran 5.123 miles, Andre ran 6.34 miles, Jada ran 7.1 miles, and Diego ran 8 miles. What is the total running distance of the four runners? miles","Four runners are training for long races. Noah ran 5.123 miles, Andre ran 6.34 miles, Jada ran 7.1 miles, and Diego ran 8 miles. What is the total running distance of the four runners? miles",26.563,decimal,6.NS.B.3,"Add, Subtract, Multiply & Divide Multi-Digit Decimals",30,30,27,30,0.1,0.0,0.7666666666666667,"[{""answer_norm"": ""26.563"", ""n"": 24}, {""answer_norm"": ""18.323"", ""n"": 1}, {""answer_norm"": ""18.557"", ""n"": 1}, {""answer_norm"": ""18.563"", ""n"": 1}, {""answer_norm"": ""26.463"", ""n"": 1}]",model_dev,
7158,PSBBSR,2,Fill-in-the-blank(s),Numeric,If the volume of each prism is 60 units 3 what would be the height of prism A? units,If the volume of each prism is 60 units^(3) what would be the height of prism A? units,7.5,geometry_measurement,7.G.A.3,Describe 2D Cross Sections of 3D figures,71,71,61,71,0.1267605633802817,0.1690140845070422,0.8169014084507042,"[{""answer_norm"": ""7.5"", ""n"": 66}, {""answer_norm"": ""10"", ""n"": 2}, {""answer_norm"": ""2"", ""n"": 1}, {""answer_norm"": ""3"", ""n"": 1}, {""answer_norm"": ""6.67"", ""n"": 1}]",model_dev,
7207,PSBBP6,2,Fill-in-the-blank(s),Numeric,"Four runners are training for long races. Noah ran 5.123 miles, Andre ran 6.34 miles, Jada ran 7.1 miles, and Diego ran 8 miles. Jada ran how much farther than Noah? miles","Four runners are training for long races. Noah ran 5.123 miles, Andre ran 6.34 miles, Jada ran 7.1 miles, and Diego ran 8 miles. Jada ran how much farther than Noah? miles",1.977,decimal,6.NS.B.3,"Add, Subtract, Multiply & Divide Multi-Digit Decimals",30,30,26,30,0.1333333333333333,0.0,0.5666666666666667,"[{""answer_norm"": ""1.977"", ""n"": 18}, {""answer_norm"": ""2.023"", ""n"": 3}, {""answer_norm"": ""0.9"", ""n"": 1}, {""answer_norm"": ""0.987"", ""n"": 1}, {""answer_norm"": ""1.217"", ""n"": 1}]",model_dev,
7280,PSBBSR,3,Fill-in-the-blank(s),Numeric,If the volume of each prism is 60 units 3 what would be the height of prism B? units,If the volume of each prism is 60 units^(3) what would be the height of prism B? units,10,geometry_measurement,7.G.A.3,Describe 2D Cross Sections of 3D figures,71,71,61,71,0.1126760563380281,0.1971830985915492,0.7605633802816901,"[{""answer_norm"": ""10"", ""n"": 58}, {""answer_norm"": ""7.5"", ""n"": 2}, {""answer_norm"": ""11"", ""n"": 1}, {""answer_norm"": ""12"", ""n"": 1}, {""answer_norm"": ""13.33"", ""n"": 1}]",model_dev,
7369,PSBBRP,1,Fill-in-the-blank(s),Numeric,Calculate the difference. 13 . 2 − 1 . 78,Calculate the difference. 13.2 - 1.78,11.42,decimal,6.NS.B.3,"Add, Subtract, Multiply & Divide Multi-Digit Decimals",799,783,699,799,0.1063829787234042,0.0876095118898623,0.7672090112640801,"[{""answer_norm"": ""11.42"", ""n"": 648}, {""answer_norm"": ""14.98"", ""n"": 26}, {""answer_norm"": ""12.42"", ""n"": 15}, {""answer_norm"": ""11.32"", ""n"": 14}, {""answer_norm"": ""11.58"", ""n"": 12}]",test,
7381,PSBBRG,1,Fill-in-the-blank(s),Numeric,One way to compute a 15% tip for a bill is to multiply it by 0.15. A restaurant bill was $42.40. Calculate the tip. $,One way to compute a 15% tip for a bill is to multiply it by 0.15. A restaurant bill was $42.40. Calculate the tip. $,6.36,decimal,6.NS.B.3,"Add, Subtract, Multiply & Divide Multi-Digit Decimals",28,28,24,28,0.1428571428571428,0.0,0.5714285714285714,"[{""answer_norm"": ""6.36"", ""n"": 18}, {""answer_norm"": ""6.3600"", ""n"": 2}, {""answer_norm"": ""2.5440"", ""n"": 1}, {""answer_norm"": ""216.240"", ""n"": 1}, {""answer_norm"": ""254.40"", ""n"": 1}]",validation,
7407,PSBBSR,4,Fill-in-the-blank(s),Numeric,If the volume of each prism is 60 units 3 what would be the height of prism C? units,If the volume of each prism is 60 units^(3) what would be the height of prism C? units,5,geometry_measurement,7.G.A.3,Describe 2D Cross Sections of 3D figures,71,71,51,71,0.2112676056338028,0.4929577464788732,0.4084507042253521,"[{""answer_norm"": ""5"", ""n"": 34}, {""answer_norm"": ""4.28"", ""n"": 8}, {""answer_norm"": ""4.29"", ""n"": 8}, {""answer_norm"": ""4.3"", ""n"": 6}, {""answer_norm"": ""4"", ""n"": 5}]",model_dev,
7514,PSBBSR,5,Fill-in-the-blank(s),Numeric,If the volume of each prism is 60 units 3 what would be the height of prism D? units,If the volume of each prism is 60 units^(3) what would be the height of prism D? units,12,geometry_measurement,7.G.A.3,Describe 2D Cross Sections of 3D figures,71,71,64,71,0.0985915492957746,0.0845070422535211,0.8591549295774648,"[{""answer_norm"": ""12"", ""n"": 67}, {""answer_norm"": ""10"", ""n"": 1}, {""answer_norm"": ""12.5"", ""n"": 1}, {""answer_norm"": ""15"", ""n"": 1}, {""answer_norm"": ""3"", ""n"": 1}]",model_dev,
7635,PSBBT7,1,Fill-in-the-blank(s),Numeric,"Han found a way to compute complicated expressions more easily. Since 2 ⋅ 5 = 10 , he looks for pairings of 2s and 5s that he knows equal 10. For example, 3 · 2 4 · 5 5 = 3 · 2 4 · 5 4 · 5 = ( 3 · 5 ) · ( 2 · 5 ) 4 = 15 · 10 4 = 150 , 000. Use Han's technique to compute the following: 2 4 · 5 · ( 3 · 5 ) 3","Han found a way to compute complicated expressions more easily. Since 2 * 5 = 10, he looks for pairings of 2s and 5s that he knows equal 10. For example, 3 * 2^(4) * 5^(5) = 3 * 2^(4) * 5^(4) * 5 = (3 * 5) * (2 * 5)^(4) = 15 * 10^(4) = 150, 000. Use Han's technique to compute the following: 2^(4) * 5 * (3 * 5)^(3)",270000,equation_algebra,8.EE.A.1,Know & Apply Properties of Exponents,666,664,435,666,0.3363363363363363,0.2207207207207207,0.5645645645645646,"[{""answer_norm"": ""270000"", ""n"": 403}, {""answer_norm"": ""270,000"", ""n"": 132}, {""answer_norm"": ""27000"", ""n"": 12}, {""answer_norm"": ""30000"", ""n"": 8}, {""answer_norm"": ""180,000"", ""n"": 6}]",model_dev,
7710,PSBBTU,1,Fill-in-the-blank(s),Numeric,Calculate the difference. 23 . 11 − 0 . 376,Calculate the difference. 23.11 - 0.376,22.734,decimal,6.NS.B.3,"Add, Subtract, Multiply & Divide Multi-Digit Decimals",762,747,683,762,0.0984251968503937,0.0354330708661417,0.7939632545931758,"[{""answer_norm"": ""22.734"", ""n"": 634}, {""answer_norm"": ""22.624"", ""n"": 11}, {""answer_norm"": ""22.73400"", ""n"": 11}, {""answer_norm"": ""23.734"", ""n"": 6}, {""answer_norm"": ""22.374"", ""n"": 4}]",model_dev,
7859,PRABEQAV,1,Fill-in-the-blank(s),Numeric,"a and b represent the length of a leg of a right triangle, and c represents the length of its hypotenuse. Find the missing length, given the other two lengths. a = 12 , b = 5 , c = ? c =","a and b represent the length of a leg of a right triangle, and c represents the length of its hypotenuse. Find the missing length, given the other two lengths. a = 12, b = 5, c = ? c =",13,geometry_measurement,8.G.B.7,Apply the Pythagorean Theorem to 2D & 3D FIgures,520,514,430,520,0.1653846153846153,0.0788461538461538,0.75,"[{""answer_norm"": ""13"", ""n"": 432}, {""answer_norm"": ""169"", ""n"": 36}, {""answer_norm"": ""17"", ""n"": 7}, {""answer_norm"": ""7"", ""n"": 4}, {""answer_norm"": ""14"", ""n"": 3}]",model_dev,
8050,PRABEQAW,1,Fill-in-the-blank(s),Numeric,"a and b represent the length of a leg of a right triangle, and c represents the length of its hypotenuse. Find the missing length, given the other two lengths. a = ? , b = 21 , c = 29 a =","a and b represent the length of a leg of a right triangle, and c represents the length of its hypotenuse. Find the missing length, given the other two lengths. a = ?, b = 21, c = 29 a =",20,geometry_measurement,8.G.B.7,Apply the Pythagorean Theorem to 2D & 3D FIgures,521,515,415,521,0.2034548944337812,0.1151631477927063,0.7658349328214972,"[{""answer_norm"": ""20"", ""n"": 452}, {""answer_norm"": ""8"", ""n"": 16}, {""answer_norm"": ""35"", ""n"": 4}, {""answer_norm"": ""400"", ""n"": 4}, {""answer_norm"": ""10"", ""n"": 3}]",model_dev,
8064,PSBBVU,1,Fill-in-the-blank(s),Numeric,Calculate the difference. 0 . 9 − 0 . 245,Calculate the difference. 0.9 - 0.245,0.655,decimal,6.NS.B.3,"Add, Subtract, Multiply & Divide Multi-Digit Decimals",792,778,703,792,0.0997474747474747,0.0479797979797979,0.7954545454545454,"[{""answer_norm"": ""0.655"", ""n"": 526}, {""answer_norm"": "".655"", ""n"": 150}, {""answer_norm"": ""0.755"", ""n"": 13}, {""answer_norm"": ""0.665"", ""n"": 9}, {""answer_norm"": "".665"", ""n"": 7}]",test,
8659,PSBBYW,3,Fill-in-the-blank(s),Numeric,What is ( 0 . 3 ) · ( 0 . 5 ) ?,What is (0.3) * (0.5)?,0.15,decimal,6.NS.B.3,"Add, Subtract, Multiply & Divide Multi-Digit Decimals",404,401,383,404,0.047029702970297,0.0198019801980198,0.8712871287128713,"[{""answer_norm"": ""0.15"", ""n"": 298}, {""answer_norm"": "".15"", ""n"": 60}, {""answer_norm"": ""1.5"", ""n"": 20}, {""answer_norm"": ""0.015"", ""n"": 7}, {""answer_norm"": ""0.1"", ""n"": 5}]",model_dev,
8680,PRABD46C,1,Fill-in-the-blank(s),Numeric,"Triangle D E F is a right triangle, and the measure of angle D is 28 ° . What are the measures of the other two angles? ° and °","Triangle D E F is a right triangle, and the measure of angle D is 28 °. What are the measures of the other two angles? ° and °","90, 62",geometry_measurement,8.G.A.5,Use Informal Arguments to Establish Facts about Angles for Similar Triangles,435,427,236,435,0.4459770114942529,0.1103448275862069,0.360919540229885,"[{""answer_norm"": ""90,62"", ""n"": 158}, {""answer_norm"": ""62"", ""n"": 52}, {""answer_norm"": ""62,90"", ""n"": 26}, {""answer_norm"": ""90"", ""n"": 17}, {""answer_norm"": ""28"", ""n"": 15}]",validation,
8869,PRABFFDZ,1,Fill-in-the-blank(s),Numeric,Calculate the sum. 33 . 1 + 1 . 95,Calculate the sum. 33.1 + 1.95,35.05,decimal,6.NS.B.3,"Add, Subtract, Multiply & Divide Multi-Digit Decimals",789,772,712,789,0.0887198986058301,0.0430925221799746,0.7782002534854245,"[{""answer_norm"": ""35.05"", ""n"": 637}, {""answer_norm"": ""34.96"", ""n"": 35}, {""answer_norm"": ""34.05"", ""n"": 15}, {""answer_norm"": ""35.5"", ""n"": 14}, {""answer_norm"": ""5.26"", ""n"": 10}]",validation,
9017,PRABGJXF,1,Fill-in-the-blank(s),Numeric,Calculate the sum. 1 . 075 + 27 . 105,Calculate the sum. 1.075 + 27.105,28.18,decimal,6.NS.B.3,"Add, Subtract, Multiply & Divide Multi-Digit Decimals",772,756,707,772,0.0764248704663212,0.0556994818652849,0.8691709844559585,"[{""answer_norm"": ""28.180"", ""n"": 386}, {""answer_norm"": ""28.18"", ""n"": 324}, {""answer_norm"": ""28.08"", ""n"": 4}, {""answer_norm"": ""29.137875"", ""n"": 4}, {""answer_norm"": ""28.108"", ""n"": 3}]",test,
9184,PRABGJXG,1,Fill-in-the-blank(s),Numeric,Calculate the sum. 0 . 401 + 9 . 28,Calculate the sum. 0.401 + 9.28,9.681,decimal,6.NS.B.3,"Add, Subtract, Multiply & Divide Multi-Digit Decimals",657,642,612,657,0.0639269406392694,0.0197869101978691,0.8508371385083714,"[{""answer_norm"": ""9.681"", ""n"": 571}, {""answer_norm"": ""9.68100"", ""n"": 12}, {""answer_norm"": ""9.429"", ""n"": 11}, {""answer_norm"": ""9.629"", ""n"": 7}, {""answer_norm"": ""9.68"", ""n"": 5}]",model_dev,
9419,PRABJCHU,1,Fill-in-the-blank(s),Numeric,An airplane moves at a constant speed of 120 miles per hour for 3 hours. How far does it go? miles,An airplane moves at a constant speed of 120 miles per hour for 3 hours. How far does it go? miles,360,ratio_percent,7.RP.A.2a,Identify Proportional Relationships,188,188,171,188,0.0851063829787234,0.0159574468085106,0.8351063829787234,"[{""answer_norm"": ""360"", ""n"": 163}, {""answer_norm"": ""40"", ""n"": 15}, {""answer_norm"": ""7.46"", ""n"": 3}, {""answer_norm"": ""260"", ""n"": 1}, {""answer_norm"": ""316"", ""n"": 1}]",model_dev,
9567,PRABJCHV,1,Fill-in-the-blank(s),Numeric,A train moves at constant speed and travels 6 miles in 4 minutes. What is its speed in miles per minute? miles per minute,A train moves at constant speed and travels 6 miles in 4 minutes. What is its speed in miles per minute? miles per minute,2-Mar,ratio_percent,7.RP.A.2a,Identify Proportional Relationships,144,144,136,144,0.0555555555555555,0.0,0.8263888888888888,"[{""answer_norm"": ""1.5"", ""n"": 107}, {""answer_norm"": ""24"", ""n"": 10}, {""answer_norm"": ""1 1/2"", ""n"": 8}, {""answer_norm"": ""0.6"", ""n"": 3}, {""answer_norm"": ""2.5"", ""n"": 3}]",model_dev,
9673,PRABJCHW,1,Fill-in-the-blank(s),Numeric,A car moves at a constant speed of 50 miles per hour. How long does it take the car to go 200 miles? hours,A car moves at a constant speed of 50 miles per hour. How long does it take the car to go 200 miles? hours,4,ratio_percent,7.RP.A.2a,Identify Proportional Relationships,135,135,131,135,0.0296296296296296,0.0,0.9111111111111112,"[{""answer_norm"": ""4"", ""n"": 124}, {""answer_norm"": ""10000"", ""n"": 3}, {""answer_norm"": ""40"", ""n"": 3}, {""answer_norm"": ""50"", ""n"": 2}, {""answer_norm"": ""0.25"", ""n"": 1}]",model_dev,
9946,PSBB8W,4,Fill-in-the-blank(s),Numeric,"If you are standing on a beach right next to the ocean, what is your elevation?","If you are standing on a beach right next to the ocean, what is your elevation?",0,other,6.NS.C.5,Use Positive & Negative Numbers to Represent Quantities,160,158,133,160,0.16875,0.03125,0.775,"[{""answer_norm"": ""0"", ""n"": 138}, {""answer_norm"": ""33"", ""n"": 4}, {""answer_norm"": ""-0"", ""n"": 2}, {""answer_norm"": ""1"", ""n"": 2}, {""answer_norm"": ""50"", ""n"": 2}]",model_dev,
10241,PSBB9H,1,Fill-in-the-blank(s),Numeric,"During the first part of a hike, Andre drank 1.5 liters of the water he brought. If this is 50% of the water he brought, how much water did he bring? liters of water","During the first part of a hike, Andre drank 1.5 liters of the water he brought. If this is 50% of the water he brought, how much water did he bring? liters of water",3,ratio_percent,6.RP.A.3c,Solve Problems Involving Percents,155,155,139,155,0.0903225806451612,0.032258064516129,0.7935483870967742,"[{""answer_norm"": ""3"", ""n"": 126}, {""answer_norm"": ""0.3"", ""n"": 5}, {""answer_norm"": ""3.0"", ""n"": 3}, {""answer_norm"": ""0.75"", ""n"": 2}, {""answer_norm"": "".75"", ""n"": 1}]",test,
10342,PSBB9H,2,Fill-in-the-blank(s),Numeric,"If he drank 80% of his water on his entire hike, how much did he drink? liters of water","If he drank 80% of his water on his entire hike, how much did he drink? liters of water",2.4,ratio_percent,6.RP.A.3c,Solve Problems Involving Percents,155,155,118,155,0.2064516129032258,0.1290322580645161,0.6,"[{""answer_norm"": ""2.4"", ""n"": 103}, {""answer_norm"": ""2.5"", ""n"": 9}, {""answer_norm"": ""2"", ""n"": 5}, {""answer_norm"": ""0.3"", ""n"": 3}, {""answer_norm"": ""1.2"", ""n"": 3}]",test,
10412,PSBCBU,1,Fill-in-the-blank(s),Algebraic Expression,"A right triangle has side lengths of a , b , and c units. The longest side has a length of c units. Complete the equations to show three relations among a , b , and c . c 2 = Use the ^ symbol to represent an exponent. For example: 5 2 should be typed as 5^2","A right triangle has side lengths of a, b, and c units. The longest side has a length of c units. Complete the equations to show three relations among a, b, and c. c^2 = Use the^symbol to represent an exponent. For example: 5^(2) should be typed as 5^2",a^2+b^2,equation_algebra,8.G.B.7,Apply the Pythagorean Theorem to 2D & 3D FIgures,394,392,275,394,0.3020304568527919,0.0507614213197969,0.6649746192893401,"[{""answer_norm"": ""a^2+b^2"", ""n"": 310}, {""answer_norm"": ""a^2 + b^2"", ""n"": 44}, {""answer_norm"": ""b^2+a^2"", ""n"": 12}, {""answer_norm"": ""a^2-b^2"", ""n"": 3}, {""answer_norm"": ""a+b"", ""n"": 2}]",model_dev,
10467,PSBCAR,2,Fill-in-the-blank(s),Numeric,"Use Priya’s method to calculate 1 . 05 · 2 . 8 . You can use the fact that 105 · 28 = 2 , 940 .","Use Priya’s method to calculate (1.05) * (2.8). You can use the fact that 105 * 28 = 2, 940.",2.94,decimal,6.NS.B.3,"Add, Subtract, Multiply & Divide Multi-Digit Decimals",194,193,164,194,0.1443298969072164,0.0515463917525773,0.7680412371134021,"[{""answer_norm"": ""2.940"", ""n"": 91}, {""answer_norm"": ""2.94"", ""n"": 73}, {""answer_norm"": ""2940"", ""n"": 7}, {""answer_norm"": ""29.40"", ""n"": 4}, {""answer_norm"": ""1.05"", ""n"": 2}]",model_dev,
10564,PSBCBU,2,Fill-in-the-blank(s),Algebraic Expression,a 2 = Use the ^ symbol to represent an exponent. For example: 5 2 should be typed as 5^2,a^2 = Use the^symbol to represent an exponent. For example: 5^(2) should be typed as 5^2,c^2-b^2,equation_algebra,8.G.B.7,Apply the Pythagorean Theorem to 2D & 3D FIgures,390,388,285,390,0.2692307692307692,0.0487179487179487,0.6512820512820513,"[{""answer_norm"": ""c^2-b^2"", ""n"": 285}, {""answer_norm"": ""c^2 - b^2"", ""n"": 41}, {""answer_norm"": ""b^2+c^2"", ""n"": 18}, {""answer_norm"": ""c^2+b^2"", ""n"": 13}, {""answer_norm"": ""b^2-c^2"", ""n"": 11}]",model_dev,
10585,PSBCAR,3,Fill-in-the-blank(s),Numeric,Use Priya’s method to calculate 0 . 0015 · 0 . 024 .,Use Priya’s method to calculate (0.0015) * (0.024).,0.000036,decimal,6.NS.B.3,"Add, Subtract, Multiply & Divide Multi-Digit Decimals",194,193,155,194,0.2010309278350515,0.0515463917525773,0.7010309278350515,"[{""answer_norm"": ""0.000036"", ""n"": 79}, {""answer_norm"": ""0.0000360"", ""n"": 46}, {""answer_norm"": "".0000360"", ""n"": 14}, {""answer_norm"": "".000036"", ""n"": 7}, {""answer_norm"": ""0.360"", ""n"": 3}]",model_dev,
10706,PSBCCG,1,Fill-in-the-blank(s),Numeric,The scale of a map says that 8 cm represents 5 km. What distance on the map (in centimeters) represents an actual distance of 8 kilometers? centimeters,The scale of a map says that 8 cm represents 5 km. What distance on the map (in centimeters) represents an actual distance of 8 kilometers? centimeters,12.8,ratio_percent,7.G.A.1,Solve Scale Drawing Problems,9,9,9,9,0.0,0.0,0.5555555555555556,"[{""answer_norm"": ""12.8"", ""n"": 5}, {""answer_norm"": ""9.5"", ""n"": 2}, {""answer_norm"": ""1.25"", ""n"": 1}, {""answer_norm"": ""1.6"", ""n"": 1}]",validation,
10729,PSBCBU,3,Fill-in-the-blank(s),Algebraic Expression,b 2 = Use the ^ symbol to represent an exponent. For example: 5 2 should be typed as 5^2,b^2 = Use the^symbol to represent an exponent. For example: 5^(2) should be typed as 5^2,c^2-a^2,equation_algebra,8.G.B.7,Apply the Pythagorean Theorem to 2D & 3D FIgures,390,388,321,390,0.1769230769230769,0.0256410256410256,0.764102564102564,"[{""answer_norm"": ""c^2-a^2"", ""n"": 312}, {""answer_norm"": ""c^2 - a^2"", ""n"": 41}, {""answer_norm"": ""a^2-c^2"", ""n"": 12}, {""answer_norm"": ""a^2+c^2"", ""n"": 5}, {""answer_norm"": ""a^2 - c^2"", ""n"": 3}]",model_dev,
10737,PSBCB7,1,Fill-in-the-blank(s),Numeric,"Priya, Han, and Elena, are members of the running club at school. Priya was busy studying this week and ran 7 fewer miles than last week. She ran 9 times as far as Elena ran this week. Elena only had time to run 4 miles this week. How many miles did Priya run last week? miles","Priya, Han, and Elena, are members of the running club at school. Priya was busy studying this week and ran 7 fewer miles than last week. She ran 9 times as far as Elena ran this week. Elena only had time to run 4 miles this week. How many miles did Priya run last week? miles",43,equation_algebra,7.EE.B.4a,Solve 2-Step Equations,8,8,8,8,0.0,0.0,0.625,"[{""answer_norm"": ""43"", ""n"": 5}, {""answer_norm"": ""35"", ""n"": 3}]",model_dev,
10794,PRABPNNB,1,Fill-in-the-blank(s),Numeric,Find the value of 49 50 ÷ 7 6 using any method.,Find the value of 49 / 50 / 7 / 6 using any method.,21/25,fraction,6.NS.A.1,Interpret & Compute using Division of Fractions,371,371,314,371,0.1509433962264151,0.1239892183288409,0.7735849056603774,"[{""answer_norm"": ""21/25"", ""n"": 199}, {""answer_norm"": ""0.84"", ""n"": 56}, {""answer_norm"": ""294/350"", ""n"": 29}, {""answer_norm"": ""42/50"", ""n"": 20}, {""answer_norm"": "".84"", ""n"": 5}]",model_dev,
10844,PSBCCG,2,Fill-in-the-blank(s),Numeric,The scale of a map says that 3 cm represents 5 km. What actual distance is represented by 15 cm on the map? kilometers,The scale of a map says that 3 cm represents 5 km. What actual distance is represented by 15 cm on the map? kilometers,25,ratio_percent,7.G.A.1,Solve Scale Drawing Problems,9,9,9,9,0.0,0.0,0.5555555555555556,"[{""answer_norm"": ""3.125"", ""n"": 5}, {""answer_norm"": ""2"", ""n"": 1}, {""answer_norm"": ""2.25"", ""n"": 1}, {""answer_norm"": ""6.25"", ""n"": 1}, {""answer_norm"": ""8"", ""n"": 1}]",validation,
11040,PRABTREC,1,Fill-in-the-blank(s),Numeric,"One day last week, 6 teachers joined 5 7 of the members of the running club in an after-school run. Priya counted a total of 31 people running that day. How many members does the running club have? members","One day last week, 6 teachers joined 5 / 7 of the members of the running club in an after-school run. Priya counted a total of 31 people running that day. How many members does the running club have? members",35,equation_algebra,7.EE.B.4a,Solve 2-Step Equations,10,10,10,10,0.0,0.0,0.9,"[{""answer_norm"": ""35"", ""n"": 9}, {""answer_norm"": ""5/217"", ""n"": 1}]",model_dev,
11049,PSBCD4,1,Fill-in-the-blank(s),Numeric,"There are two different maps of California. On the first map, the scale is 1 cm to 20 km. The distance from Fresno to San Francisco is 15 cm. On the second map, the scale is 1 cm to 100 km. What is the distance from Fresno to San Francisco on the second map? cm","There are two different maps of California. On the first map, the scale is 1 cm to 20 km. The distance from Fresno to San Francisco is 15 cm. On the second map, the scale is 1 cm to 100 km. What is the distance from Fresno to San Francisco on the second map? cm",3,ratio_percent,7.G.A.1,Solve Scale Drawing Problems,22,22,20,22,0.0,0.1363636363636363,0.6818181818181818,"[{""answer_norm"": ""3"", ""n"": 15}, {""answer_norm"": ""1500"", ""n"": 2}, {""answer_norm"": ""75"", ""n"": 2}, {""answer_norm"": ""15"", ""n"": 1}, {""answer_norm"": ""300"", ""n"": 1}]",model_dev,
11131,PRABTRED,1,Fill-in-the-blank(s),Numeric,"Priya and Han plan a fundraiser for the running club. They begin with a balance of - 80 because of expenses. In the first hour of the fundraiser they collect equal donations from 9 parents, which brings their balance to - 44 . How much did each parent give? $","Priya and Han plan a fundraiser for the running club. They begin with a balance of - 80 because of expenses. In the first hour of the fundraiser they collect equal donations from 9 parents, which brings their balance to - 44. How much did each parent give? $",4,equation_algebra,7.EE.B.4a,Solve 2-Step Equations,8,8,8,8,0.0,0.0,1.0,"[{""answer_norm"": ""4"", ""n"": 8}]",model_dev,
11235,PRABTREE,1,Fill-in-the-blank(s),Numeric,"The running club uses the money they raised to pay for a trip to a canyon. At one point during a run in the canyon, the students are at an elevation of 128 feet. After descending at a rate of 50 feet per minute, they reach an elevation of -472 feet. How long did the descent take? minutes","The running club uses the money they raised to pay for a trip to a canyon. At one point during a run in the canyon, the students are at an elevation of 128 feet. After descending at a rate of 50 feet per minute, they reach an elevation of -472 feet. How long did the descent take? minutes",12,equation_algebra,7.EE.B.4a,Solve 2-Step Equations,10,10,10,10,0.0,0.0,0.7,"[{""answer_norm"": ""12"", ""n"": 7}, {""answer_norm"": ""-472"", ""n"": 1}, {""answer_norm"": ""6.88"", ""n"": 1}, {""answer_norm"": ""9.2"", ""n"": 1}]",model_dev,
11331,PRABQYEC,1,Fill-in-the-blank(s),Numeric,"A musician performed at three local fairs. At the first he doubled his money and spent $30. At the second he tripled his money and spent $54. At the third, he quadrupled his money and spent $72. In the end he had $48 left. How much did he have before performing at the fairs? $","A musician performed at three local fairs. At the first he doubled his money and spent $30. At the second he tripled his money and spent $54. At the third, he quadrupled his money and spent $72. In the end he had $48 left. How much did he have before performing at the fairs? $",29,equation_algebra,7.EE.B.4a,Solve 2-Step Equations,17,17,9,17,0.4705882352941176,0.0,0.4705882352941176,"[{""answer_norm"": ""29"", ""n"": 9}, {""answer_norm"": ""15"", ""n"": 2}, {""answer_norm"": ""156"", ""n"": 2}, {""answer_norm"": ""204"", ""n"": 1}, {""answer_norm"": ""27"", ""n"": 1}]",model_dev,
11875,PSBCJK,1,Fill-in-the-blank(s),Numeric,"In 2015, there were roughly 1 × 10 6 high school football players and 2 × 10 3 professional football players in the United States. About how many times more high school football players are there? times more high school football players","In 2015, there were roughly 1 * 10^6 high school football players and 2 * 10^3 professional football players in the United States. About how many times more high school football players are there? times more high school football players",500,ratio_percent,8.EE.A.4,Apply Scientific Notation Operations,259,258,169,259,0.3243243243243243,0.1081081081081081,0.5675675675675675,"[{""answer_norm"": ""500"", ""n"": 181}, {""answer_norm"": ""998000"", ""n"": 11}, {""answer_norm"": ""3"", ""n"": 7}, {""answer_norm"": ""50"", ""n"": 7}, {""answer_norm"": ""1000"", ""n"": 6}]",model_dev,
11914,PSBCM3,1,Fill-in-the-blank(s),Numeric,"Noah bought 15 baseball cards for $9.00. Assuming each baseball card costs the same amount, answer the following questions. At this rate, how much will 30 baseball cards cost? $","Noah bought 15 baseball cards for $9.00. Assuming each baseball card costs the same amount, answer the following questions. At this rate, how much will 30 baseball cards cost? $",18,ratio_percent,6.RP.A.3b,Solve Unit Rate Problems,792,790,691,792,0.1022727272727272,0.0467171717171717,0.8042929292929293,"[{""answer_norm"": ""18"", ""n"": 577}, {""answer_norm"": ""18.00"", ""n"": 97}, {""answer_norm"": ""50"", ""n"": 20}, {""answer_norm"": ""270"", ""n"": 11}, {""answer_norm"": ""7.20"", ""n"": 6}]",model_dev,
12177,PSBCM3,3,Fill-in-the-blank(s),Numeric,"Noah bought 15 baseball cards for $9.00. Assuming each baseball card costs the same amount. At this rate, how much will 12 baseball cards cost? $","Noah bought 15 baseball cards for $9.00. Assuming each baseball card costs the same amount. At this rate, how much will 12 baseball cards cost? $",7.2,ratio_percent,6.RP.A.3b,Solve Unit Rate Problems,789,787,557,789,0.2458808618504436,0.1901140684410646,0.6172370088719898,"[{""answer_norm"": ""7.20"", ""n"": 336}, {""answer_norm"": ""7.2"", ""n"": 215}, {""answer_norm"": ""6"", ""n"": 27}, {""answer_norm"": ""20"", ""n"": 17}, {""answer_norm"": ""7"", ""n"": 13}]",model_dev,
12211,PSBCMS,1,Fill-in-the-blank(s),Numeric,Evaluate: 1 2 3,Evaluate: ((1 / 2))^3,8-Jan,other,8.EE.A.1,Know & Apply Properties of Exponents,310,308,266,310,0.1419354838709677,0.0387096774193548,0.7516129032258064,"[{""answer_norm"": ""1/8"", ""n"": 199}, {""answer_norm"": ""0.125"", ""n"": 40}, {""answer_norm"": "".125"", ""n"": 16}, {""answer_norm"": ""1/16"", ""n"": 9}, {""answer_norm"": ""3/6"", ""n"": 5}]",test,
12381,PSBCMS,2,Fill-in-the-blank(s),Numeric,Evaluate: 1 2 - 3,Evaluate: ((1 / 2))^(- 3),8,other,8.EE.A.1,Know & Apply Properties of Exponents,310,308,245,310,0.2,0.0838709677419354,0.6709677419354839,"[{""answer_norm"": ""8"", ""n"": 224}, {""answer_norm"": ""-1/8"", ""n"": 29}, {""answer_norm"": ""1/8"", ""n"": 11}, {""answer_norm"": ""-0.125"", ""n"": 9}, {""answer_norm"": ""1/0.125"", ""n"": 5}]",test,
12985,PSBCRQ,3,Fill-in-the-blank(s),Numeric,"A caterer needs to buy 21 pounds of pasta to cater a wedding. At a local store, 8 pounds of pasta cost $12. How much will the caterer pay for the pasta there? $","A caterer needs to buy 21 pounds of pasta to cater a wedding. At a local store, 8 pounds of pasta cost $12. How much will the caterer pay for the pasta there? $",31.5,ratio_percent,6.RP.A.3b,Solve Unit Rate Problems,955,892,561,955,0.3675392670157068,0.206282722513089,0.4701570680628272,"[{""answer_norm"": ""31.5"", ""n"": 323}, {""answer_norm"": ""31.50"", ""n"": 249}, {""answer_norm"": ""1.5"", ""n"": 47}, {""answer_norm"": ""1.50"", ""n"": 42}, {""answer_norm"": ""1"", ""n"": 23}]",validation,
14761,PRABEAZ4,1,Fill-in-the-blank(s),Numeric,"Solve the system of equations: y = 7 x + 10 y = - 4 x - 23 ( , )","Solve the system of equations: y = 7 x + 10 y = - 4 x - 23 (,)","-11, -3",equation_algebra,8.EE.C.8b,Solve Systems of Linear Equations Algebraically,670,663,449,670,0.3283582089552239,0.1074626865671641,0.5283582089552239,"[{""answer_norm"": ""(-3,-11)"", ""n"": 460}, {""answer_norm"": ""-3"", ""n"": 46}, {""answer_norm"": ""(-3,11)"", ""n"": 23}, {""answer_norm"": ""-3,-11"", ""n"": 15}, {""answer_norm"": ""0"", ""n"": 7}]",model_dev,
14914,PSBC4Z,1,Fill-in-the-blank(s),Numeric,Three cylinders have a volume of 2826 cm 3 . Cylinder A has a height of 900 cm. Cylinder B has a height of 225 cm. Cylinder C has a height of 100 cm. Find the radius of the cylinder. Use 3.14 as an approximation for π . Cylinder A has a radius of cm,Three cylinders have a volume of 2826 cm^(3). Cylinder A has a height of 900 cm. Cylinder B has a height of 225 cm. Cylinder C has a height of 100 cm. Find the radius of the cylinder. Use 3.14 as an approximation for pi. Cylinder A has a radius of cm,1,geometry_measurement,8.G.C.9,Know & Use Volume Formulas,533,530,349,533,0.324577861163227,0.1313320825515947,0.6116322701688556,"[{""answer_norm"": ""1"", ""n"": 440}, {""answer_norm"": ""3.14"", ""n"": 26}, {""answer_norm"": ""3"", ""n"": 6}, {""answer_norm"": ""1.57"", ""n"": 4}, {""answer_norm"": ""5"", ""n"": 4}]",model_dev,
15072,PSBC4Z,2,Fill-in-the-blank(s),Numeric,Three cylinders have a volume of 2826 cm 3 . Cylinder A has a height of 900 cm. Cylinder B has a height of 225 cm. Cylinder C has a height of 100 cm. Find the radius of the cylinder. Use 3.14 as an approximation for π . Cylinder B has a radius of cm,Three cylinders have a volume of 2826 cm^(3). Cylinder A has a height of 900 cm. Cylinder B has a height of 225 cm. Cylinder C has a height of 100 cm. Find the radius of the cylinder. Use 3.14 as an approximation for pi. Cylinder B has a radius of cm,2,geometry_measurement,8.G.C.9,Know & Use Volume Formulas,531,528,371,531,0.2806026365348399,0.1506591337099811,0.5800376647834274,"[{""answer_norm"": ""2"", ""n"": 411}, {""answer_norm"": ""4"", ""n"": 58}, {""answer_norm"": ""3"", ""n"": 10}, {""answer_norm"": ""1"", ""n"": 7}, {""answer_norm"": ""12.56"", ""n"": 4}]",model_dev,
15120,PSBC6R,1,Fill-in-the-blank(s),Numeric,An adult pass at the amusement park costs 1.6 times as much as a child’s pass. How many dollars does an adult pass cost if a child’s pass costs $5? $,An adult pass at the amusement park costs 1.6 times as much as a child’s pass. How many dollars does an adult pass cost if a child’s pass costs $5? $,8,equation_algebra,6.EE.B.6,Write Expressions with Variables to Solve Problems,957,907,838,957,0.1170323928944618,0.0344827586206896,0.7983281086729362,"[{""answer_norm"": ""8"", ""n"": 769}, {""answer_norm"": ""8.00"", ""n"": 32}, {""answer_norm"": ""8.0"", ""n"": 18}, {""answer_norm"": ""80"", ""n"": 14}, {""answer_norm"": ""1.6"", ""n"": 9}]",model_dev,
15234,PSBC4Z,3,Fill-in-the-blank(s),Numeric,Three cylinders have a volume of 2826 cm 3 . Cylinder A has a height of 900 cm. Cylinder B has a height of 225 cm. Cylinder C has a height of 100 cm. Find the radius of the cylinder. Use 3.14 as an approximation for π . Cylinder C has a radius of cm,Three cylinders have a volume of 2826 cm^(3). Cylinder A has a height of 900 cm. Cylinder B has a height of 225 cm. Cylinder C has a height of 100 cm. Find the radius of the cylinder. Use 3.14 as an approximation for pi. Cylinder C has a radius of cm,3,geometry_measurement,8.G.C.9,Know & Use Volume Formulas,529,526,430,529,0.1814744801512287,0.1134215500945179,0.775047258979206,"[{""answer_norm"": ""3"", ""n"": 481}, {""answer_norm"": ""9"", ""n"": 13}, {""answer_norm"": ""4.5"", ""n"": 8}, {""answer_norm"": ""4"", ""n"": 6}, {""answer_norm"": ""1"", ""n"": 3}]",model_dev,
15760,PRABHX6P,1,Fill-in-the-blank(s),Numeric,"A salesperson sold a car for $18,250 and their commission is $693.50. What percentage of the sale price is their commission? %","A salesperson sold a car for $18,250 and their commission is $693.50. What percentage of the sale price is their commission? %",3.8,ratio_percent,7.RP.A.3,Use Proportional Relationships to Solve Ratio & Percent Problems,186,183,143,186,0.2311827956989247,0.0483870967741935,0.6290322580645161,"[{""answer_norm"": ""3.8"", ""n"": 135}, {""answer_norm"": ""26"", ""n"": 8}, {""answer_norm"": ""0.038"", ""n"": 7}, {""answer_norm"": ""38"", ""n"": 5}, {""answer_norm"": ""26.3"", ""n"": 2}]",test,
16591,PSBDEV,1,Fill-in-the-blank(s),Numeric,Complete the equation so that it is true for all values of x . 3 x = 6 = 3 ( x + ),Complete the equation so that it is true for all values of x. 3 x = 6 = 3 (x + ),2,equation_algebra,8.EE.C.7a,"Solve Linear Equations with One, Multiple or No Solutions",29,29,23,29,0.2068965517241379,0.1379310344827586,0.7241379310344828,"[{""answer_norm"": ""2"", ""n"": 22}, {""answer_norm"": ""6"", ""n"": 5}, {""answer_norm"": ""-8"", ""n"": 1}, {""answer_norm"": ""4"", ""n"": 1}]",model_dev,
16728,PSBDEV,2,Fill-in-the-blank(s),Numeric,Complete the equation so that it is true for all values of x . x - 2 = - ( - x ),Complete the equation so that it is true for all values of x. x - 2 = - (- x),2,equation_algebra,8.EE.C.7a,"Solve Linear Equations with One, Multiple or No Solutions",28,28,25,28,0.1071428571428571,0.0,0.8571428571428571,"[{""answer_norm"": ""2"", ""n"": 26}, {""answer_norm"": ""-2"", ""n"": 1}, {""answer_norm"": ""4"", ""n"": 1}]",model_dev,
16856,PSBDEV,3,Fill-in-the-blank(s),Algebraic Expression,Complete the equation so that it is true for all values of x . 15 x - 10 5 = - 2 Use x as your variable.,Complete the equation so that it is true for all values of x. (15 x - 10) / 5 = - 2 Use x as your variable.,3x,equation_algebra,8.EE.C.7a,"Solve Linear Equations with One, Multiple or No Solutions",28,28,22,28,0.1785714285714285,0.1785714285714285,0.7857142857142857,"[{""answer_norm"": ""3x"", ""n"": 22}, {""answer_norm"": ""3x/1"", ""n"": 3}, {""answer_norm"": ""-3x"", ""n"": 1}, {""answer_norm"": ""5x"", ""n"": 1}, {""answer_norm"": ""x"", ""n"": 1}]",model_dev,
17475,PRABEFVX,1,Fill-in-the-blank(s),Numeric,A cylinder has volume 45π and radius 3. What is its height? units,A cylinder has volume 45pi and radius 3. What is its height? units,5,geometry_measurement,8.G.C.9,Know & Use Volume Formulas,547,543,435,547,0.1992687385740402,0.0712979890310786,0.6892138939670932,"[{""answer_norm"": ""5"", ""n"": 442}, {""answer_norm"": ""15"", ""n"": 30}, {""answer_norm"": ""1.59"", ""n"": 18}, {""answer_norm"": ""1"", ""n"": 8}, {""answer_norm"": ""3"", ""n"": 5}]",model_dev,
17631,PSBDJR,1,Fill-in-the-blank(s),Numeric,"The set of points are connected to form a line segment. What is the length of the line segment? A = ( 3 , 5 ) a n d B = ( 3 , 6 ) units","The set of points are connected to form a line segment. What is the length of the line segment? A = (3, 5) a n d B = (3, 6) units",1,equation_algebra,6.NS.C.8,Solve Real-World Problems by Graphing on a Coordinate Plane,809,746,621,809,0.1940667490729295,0.0778739184177997,0.6823238566131026,"[{""answer_norm"": ""1"", ""n"": 664}, {""answer_norm"": ""11"", ""n"": 34}, {""answer_norm"": ""3"", ""n"": 27}, {""answer_norm"": ""2"", ""n"": 14}, {""answer_norm"": ""6"", ""n"": 13}]",validation,
17667,PRABHUQ4,1,Fill-in-the-blank(s),Numeric,"Consecutive numbers follow one right after the other. An example of three consecutive numbers is 17, 18, and 19. Another example is -100, -99, -98. How many sets of two or more consecutive positive integers can be added to obtain a sum of 100? sets","Consecutive numbers follow one right after the other. An example of three consecutive numbers is 17, 18, and 19. Another example is -100, -99, -98. How many sets of two or more consecutive positive integers can be added to obtain a sum of 100? sets",2,equation_algebra,8.EE.C.7a,"Solve Linear Equations with One, Multiple or No Solutions",21,21,14,21,0.3333333333333333,0.0,0.3333333333333333,"[{""answer_norm"": ""2"", ""n"": 11}, {""answer_norm"": ""0"", ""n"": 2}, {""answer_norm"": ""50"", ""n"": 2}, {""answer_norm"": ""99"", ""n"": 2}, {""answer_norm"": ""1"", ""n"": 1}]",model_dev,
17786,PSBDJR,2,Fill-in-the-blank(s),Numeric,"The set of points are connected to form a line segment. What is the length of the line segment? C = ( - 2 , - 3 ) a n d D = ( - 2 , - 6 ) units","The set of points are connected to form a line segment. What is the length of the line segment? C = (- 2, - 3) a n d D = (- 2, - 6) units",3,equation_algebra,6.NS.C.8,Solve Real-World Problems by Graphing on a Coordinate Plane,808,745,727,808,0.0829207920792079,0.0358910891089108,0.7623762376237624,"[{""answer_norm"": ""3"", ""n"": 657}, {""answer_norm"": ""-3"", ""n"": 77}, {""answer_norm"": ""2"", ""n"": 36}, {""answer_norm"": ""1"", ""n"": 11}, {""answer_norm"": ""-1"", ""n"": 5}]",validation,
17938,PSBDJR,3,Fill-in-the-blank(s),Numeric,"The set of points are connected to form a line segment. What is the length of the line segment? E = ( - 3 , 1 ) a n d D = ( - 3 , - 1 ) units","The set of points are connected to form a line segment. What is the length of the line segment? E = (- 3, 1) a n d D = (- 3, - 1) units",2,equation_algebra,6.NS.C.8,Solve Real-World Problems by Graphing on a Coordinate Plane,808,745,656,808,0.1423267326732673,0.073019801980198,0.6027227722772277,"[{""answer_norm"": ""2"", ""n"": 525}, {""answer_norm"": ""0"", ""n"": 127}, {""answer_norm"": ""1"", ""n"": 61}, {""answer_norm"": ""3"", ""n"": 25}, {""answer_norm"": ""4"", ""n"": 13}]",validation,
18591,PRABD8HX,1,Fill-in-the-blank(s),Algebraic Expression,"Write an equation for the line that passes through (2, 5) and (6, 7). y = Use x as your variable.","Write an equation for the line that passes through (2, 5) and (6, 7). y = Use x as your variable.",0.5x+4,equation_algebra,8.F.B.4,Use Functions to Model Relationships Between Quantities,637,631,468,629,0.2527472527472527,0.0,0.1601941747572815,"[{""answer_norm"": ""(1/2)x+4"", ""n"": 28}, {""answer_norm"": "".5x+4"", ""n"": 26}, {""answer_norm"": ""1/2x+4"", ""n"": 26}, {""answer_norm"": ""1/2x"", ""n"": 25}, {""answer_norm"": ""1/2"", ""n"": 17}]",model_dev,
18775,PRABEPAU,1,Fill-in-the-blank(s),Algebraic Expression,"Write an equation for the line that passes through ( - 8 . 5 , 11 ) and ( 5 , - 2 . 5 ) . y = Use x as your variable.","Write an equation for the line that passes through (- 8.5, 11) and (5, - 2.5). y = Use x as your variable.",#NAME?,equation_algebra,8.F.B.4,Use Functions to Model Relationships Between Quantities,451,449,224,451,0.5011086474501109,0.4700665188470067,0.4168514412416851,"[{""answer_norm"": ""-x+2.5"", ""n"": 257}, {""answer_norm"": ""-1x+2.5"", ""n"": 62}, {""answer_norm"": ""-1x"", ""n"": 14}, {""answer_norm"": ""x+2.5"", ""n"": 14}, {""answer_norm"": ""-x+5/2"", ""n"": 7}]",validation,
19386,PSBDV4,1,Fill-in-the-blank(s),Numeric,"Lin’s family needs to travel 325 miles to reach her grandmother’s house. At 26 miles, what percentage of the trip’s distance have they completed? %","Lin’s family needs to travel 325 miles to reach her grandmother’s house. At 26 miles, what percentage of the trip’s distance have they completed? %",8,ratio_percent,6.RP.A.3c,Solve Problems Involving Percents,545,545,329,545,0.2880733944954128,0.4018348623853211,0.4440366972477064,"[{""answer_norm"": ""8"", ""n"": 314}, {""answer_norm"": ""12.5"", ""n"": 78}, {""answer_norm"": ""84.5"", ""n"": 20}, {""answer_norm"": ""0.08"", ""n"": 8}, {""answer_norm"": ""8%"", ""n"": 7}]",test,
19558,PSBDVK,1,Fill-in-the-blank(s),Numeric,How many cubic centimeters are there in 1 cubic meter? cubic centimeters,How many cubic centimeters are there in 1 cubic meter? cubic centimeters,1000000,ratio_percent,7.RP.A.2a,Identify Proportional Relationships,16,16,12,16,0.25,0.0,0.5625,"[{""answer_norm"": ""1000000"", ""n"": 7}, {""answer_norm"": ""1"", ""n"": 2}, {""answer_norm"": ""1,000,000"", ""n"": 2}, {""answer_norm"": ""10"", ""n"": 1}, {""answer_norm"": ""10,000"", ""n"": 1}]",model_dev,
19578,PSBDV4,2,Fill-in-the-blank(s),Numeric,Lin’s family needs to travel 325 miles to reach her grandmother’s house. How far have they traveled when they have completed 72% of the trip’s distance? miles,Lin’s family needs to travel 325 miles to reach her grandmother’s house. How far have they traveled when they have completed 72% of the trip’s distance? miles,234,ratio_percent,6.RP.A.3c,Solve Problems Involving Percents,533,533,367,533,0.2607879924953096,0.3170731707317073,0.5984990619136961,"[{""answer_norm"": ""234"", ""n"": 398}, {""answer_norm"": ""9"", ""n"": 9}, {""answer_norm"": ""235"", ""n"": 7}, {""answer_norm"": ""243"", ""n"": 5}, {""answer_norm"": ""243.75"", ""n"": 5}]",test,
19594,PSBDUT,2,Fill-in-the-blank(s),Numeric,Find the perimeter of the polygon. units,Find the perimeter of the polygon. units,22,equation_algebra,6.NS.C.6c | 6.NS.C.8,Plot Integers Points on a Number Line & Coordinate Planes | Solve Real-World Problems by Graphing on a Coordinate Plane,511,499,320,511,0.3209393346379647,0.2191780821917808,0.4951076320939334,"[{""answer_norm"": ""22"", ""n"": 331}, {""answer_norm"": ""21"", ""n"": 24}, {""answer_norm"": ""24"", ""n"": 21}, {""answer_norm"": ""26"", ""n"": 21}, {""answer_norm"": ""18"", ""n"": 14}]",validation,
19738,PSBDV4,3,Fill-in-the-blank(s),Numeric,"Lin’s family needs to travel 325 miles to reach her grandmother’s house. At 377 miles, what percentage of the trip’s distance have they completed? %","Lin’s family needs to travel 325 miles to reach her grandmother’s house. At 377 miles, what percentage of the trip’s distance have they completed? %",116,ratio_percent,6.RP.A.3c,Solve Problems Involving Percents,528,528,321,528,0.2935606060606061,0.3617424242424242,0.5303030303030303,"[{""answer_norm"": ""116"", ""n"": 395}, {""answer_norm"": ""1.16"", ""n"": 10}, {""answer_norm"": ""120"", ""n"": 8}, {""answer_norm"": ""110"", ""n"": 7}, {""answer_norm"": ""125"", ""n"": 7}]",test,
19879,PSBDW5,2,Fill-in-the-blank(s),Numeric,Choose one equation and solve it. x = kg,Choose one equation and solve it. x = kg,4.65,equation_algebra,6.EE.B.6,Write Expressions with Variables to Solve Problems,434,416,360,434,0.152073732718894,0.0921658986175115,0.7188940092165899,"[{""answer_norm"": ""4.65"", ""n"": 346}, {""answer_norm"": ""2.25"", ""n"": 13}, {""answer_norm"": ""4.47"", ""n"": 7}, {""answer_norm"": ""3.57"", ""n"": 4}, {""answer_norm"": ""3.65"", ""n"": 4}]",model_dev,
19954,PRABPUKN,1,Fill-in-the-blank(s),Numeric,"In rectangle A B C D , side A B is 8 centimeters and side B C is 6 centimeters. F is a point on B C and E is a point on A B . The area of triangle D F C is 20 square centimeters, and the area of triangle D E F is 16 square centimeters. What is the area of triangle A E D ? square centimeters","In rectangle A B C D, side A B is 8 centimeters and side B C is 6 centimeters. F is a point on B C and E is a point on A B. The area of triangle D F C is 20 square centimeters, and the area of triangle D E F is 16 square centimeters. What is the area of triangle A E D? square centimeters",48/5,equation_algebra,8.EE.C.8c,Solve Systems of Linear Equations Word Problems,3,2,0,3,1.0,0.0,0.0,"[{""answer_norm"": ""48/5"", ""n"": 2}, {""answer_norm"": ""12"", ""n"": 1}]",model_dev,
20026,PSBD3S,1,Fill-in-the-blank(s),Numeric,"Money in a particular savings account increases by about 6% after a year. How much money will be in the account after one year if the initial amount is $100? If you get stuck, consider using diagrams or a table to organize your work. $","Money in a particular savings account increases by about 6% after a year. How much money will be in the account after one year if the initial amount is $100? If you get stuck, consider using diagrams or a table to organize your work. $",106,ratio_percent,7.RP.A.3,Use Proportional Relationships to Solve Ratio & Percent Problems,151,148,125,151,0.1721854304635761,0.0198675496688741,0.7019867549668874,"[{""answer_norm"": ""106"", ""n"": 123}, {""answer_norm"": ""6"", ""n"": 5}, {""answer_norm"": ""160"", ""n"": 4}, {""answer_norm"": ""1.06"", ""n"": 3}, {""answer_norm"": ""100.06"", ""n"": 2}]",model_dev,
20199,PSBD3S,2,Fill-in-the-blank(s),Numeric,"How much money will be in the account after one year if the initial amount is $50? If you get stuck, consider using diagrams or a table to organize your work. $","How much money will be in the account after one year if the initial amount is $50? If you get stuck, consider using diagrams or a table to organize your work. $",53,ratio_percent,7.RP.A.3,Use Proportional Relationships to Solve Ratio & Percent Problems,149,146,121,149,0.1879194630872483,0.0,0.697986577181208,"[{""answer_norm"": ""53"", ""n"": 117}, {""answer_norm"": ""56"", ""n"": 13}, {""answer_norm"": ""150"", ""n"": 4}, {""answer_norm"": ""3"", ""n"": 3}, {""answer_norm"": ""106"", ""n"": 2}]",model_dev,
20357,PSBD3S,3,Fill-in-the-blank(s),Numeric,"How much money will be in the account after one year if the initial amount is $200? If you get stuck, consider using diagrams or a table to organize your work. $","How much money will be in the account after one year if the initial amount is $200? If you get stuck, consider using diagrams or a table to organize your work. $",212,ratio_percent,7.RP.A.3,Use Proportional Relationships to Solve Ratio & Percent Problems,149,146,131,149,0.1208053691275167,0.0,0.8053691275167785,"[{""answer_norm"": ""212"", ""n"": 134}, {""answer_norm"": ""206"", ""n"": 6}, {""answer_norm"": ""112"", ""n"": 2}, {""answer_norm"": ""12"", ""n"": 1}, {""answer_norm"": ""136.50"", ""n"": 1}]",model_dev,
20500,PSBD24,3,Fill-in-the-blank(s),Numeric,Elena paints the back of the second aquarium. It has a height of 1 3 4 feet. The painted area is 5 5 6 square feet. What is its length? feet,Elena paints the back of the second aquarium. It has a height of 1 3 / 4 feet. The painted area is 5 5 / 6 square feet. What is its length? feet,3-Oct,fraction,6.NS.A.1 | 6.G.A.2,Interpret & Compute using Division of Fractions | Find the Volume of Rectangular Prisms with Fractional Sides,28,28,23,28,0.1785714285714285,0.0,0.5,"[{""answer_norm"": ""3 1/3"", ""n"": 7}, {""answer_norm"": ""140/42"", ""n"": 5}, {""answer_norm"": ""10/3"", ""n"": 3}, {""answer_norm"": ""3 2/6"", ""n"": 2}, {""answer_norm"": ""42/140"", ""n"": 2}]",model_dev,
20515,PSBD3S,4,Fill-in-the-blank(s),Numeric,"How much money will be in the account after one year if the initial amount is $125? If you get stuck, consider using diagrams or a table to organize your work. $","How much money will be in the account after one year if the initial amount is $125? If you get stuck, consider using diagrams or a table to organize your work. $",132.5,ratio_percent,7.RP.A.3,Use Proportional Relationships to Solve Ratio & Percent Problems,148,145,122,148,0.1756756756756756,0.0405405405405405,0.7162162162162162,"[{""answer_norm"": ""132.5"", ""n"": 98}, {""answer_norm"": ""132.50"", ""n"": 22}, {""answer_norm"": ""132"", ""n"": 3}, {""answer_norm"": ""127"", ""n"": 2}, {""answer_norm"": ""1.6"", ""n"": 1}]",model_dev,
20885,PSBD8C,1,Fill-in-the-blank(s),Numeric,"The value of a new car decreases by about 15% in the first year. How much will a car be worth after one year if its initial value was $1,000? If you get stuck, consider using diagrams or a table to organize your work. $","The value of a new car decreases by about 15% in the first year. How much will a car be worth after one year if its initial value was $1,000? If you get stuck, consider using diagrams or a table to organize your work. $",850,ratio_percent,7.RP.A.3,Use Proportional Relationships to Solve Ratio & Percent Problems,173,169,140,173,0.1907514450867052,0.0173410404624277,0.653179190751445,"[{""answer_norm"": ""850"", ""n"": 130}, {""answer_norm"": ""150"", ""n"": 8}, {""answer_norm"": ""1150"", ""n"": 6}, {""answer_norm"": ""1015"", ""n"": 3}, {""answer_norm"": ""1,015"", ""n"": 2}]",model_dev,
20908,PRABFH7D,1,Fill-in-the-blank(s),Numeric,How many times larger is the first number in the pair than the second? 3 4 is times larger than 3 3 .,How many times larger is the first number in the pair than the second? 3^4 is times larger than 3^3.,3,equation_algebra,6.EE.A.1,Write & Evaluate Numerical Expressions with Exponents,627,619,502,627,0.1866028708133971,0.1068580542264752,0.6762360446570973,"[{""answer_norm"": ""3"", ""n"": 461}, {""answer_norm"": ""1"", ""n"": 69}, {""answer_norm"": ""54"", ""n"": 21}, {""answer_norm"": ""2"", ""n"": 18}, {""answer_norm"": ""4"", ""n"": 12}]",model_dev,
21043,PSBD8C,2,Fill-in-the-blank(s),Numeric,"How much will a car be worth after one year if its initial value was $5,000? If you get stuck, consider using diagrams or a table to organize your work. $","How much will a car be worth after one year if its initial value was $5,000? If you get stuck, consider using diagrams or a table to organize your work. $",4250,ratio_percent,7.RP.A.3,Use Proportional Relationships to Solve Ratio & Percent Problems,173,169,151,173,0.1271676300578034,0.0173410404624277,0.791907514450867,"[{""answer_norm"": ""4250"", ""n"": 143}, {""answer_norm"": ""4,250"", ""n"": 3}, {""answer_norm"": ""4250.00"", ""n"": 3}, {""answer_norm"": ""750"", ""n"": 3}, {""answer_norm"": ""425"", ""n"": 2}]",model_dev,
21076,PRABGKQT,1,Fill-in-the-blank(s),Numeric,How many times larger is the first number in the pair than the second? 5 3 is times larger than 5 2 .,How many times larger is the first number in the pair than the second? 5^3 is times larger than 5^2.,5,equation_algebra,6.EE.A.1,Write & Evaluate Numerical Expressions with Exponents,556,548,509,556,0.0719424460431654,0.0449640287769784,0.8471223021582733,"[{""answer_norm"": ""5"", ""n"": 488}, {""answer_norm"": ""3"", ""n"": 24}, {""answer_norm"": ""1"", ""n"": 12}, {""answer_norm"": ""2"", ""n"": 8}, {""answer_norm"": ""25"", ""n"": 8}]",model_dev,
21181,PRABQKWF,1,Fill-in-the-blank(s),Numeric,"How many 1 4 -inch cubes does it take to fill a box with width 2 1 4 inches, length 2 1 2 inches, and height 1 3 4 inches? 1 4 -inch cubes","How many 1 / 4 -inch cubes does it take to fill a box with width 2 1 / 4 inches, length 2 1 / 2 inches, and height 1 3 / 4 inches? 1 / 4 -inch cubes",630,fraction,6.G.A.2,Find the Volume of Rectangular Prisms with Fractional Sides,21,21,12,21,0.4285714285714285,0.0,0.2857142857142857,"[{""answer_norm"": ""630"", ""n"": 5}, {""answer_norm"": ""20160/32"", ""n"": 2}, {""answer_norm"": ""315/32"", ""n"": 2}, {""answer_norm"": ""1/2"", ""n"": 1}, {""answer_norm"": ""10 1/3"", ""n"": 1}]",model_dev,
21201,PSBD8C,3,Fill-in-the-blank(s),Numeric,"How much will a car be worth after one year if its initial value was $5,020? If you get stuck, consider using diagrams or a table to organize your work. $","How much will a car be worth after one year if its initial value was $5,020? If you get stuck, consider using diagrams or a table to organize your work. $",4267,ratio_percent,7.RP.A.3,Use Proportional Relationships to Solve Ratio & Percent Problems,173,169,140,173,0.1907514450867052,0.0,0.6936416184971098,"[{""answer_norm"": ""4267"", ""n"": 129}, {""answer_norm"": ""4247"", ""n"": 8}, {""answer_norm"": ""753"", ""n"": 6}, {""answer_norm"": ""4267.00"", ""n"": 4}, {""answer_norm"": ""4270"", ""n"": 3}]",model_dev,
21258,PRABGKQU,1,Fill-in-the-blank(s),Numeric,How many times larger is the first number in the pair than the second? 7 10 is times larger than 7 8 .,How many times larger is the first number in the pair than the second? 7^10 is times larger than 7^8.,49,equation_algebra,6.EE.A.1,Write & Evaluate Numerical Expressions with Exponents,528,521,327,528,0.2575757575757575,0.4375,0.3977272727272727,"[{""answer_norm"": ""49"", ""n"": 234}, {""answer_norm"": ""14"", ""n"": 152}, {""answer_norm"": ""7"", ""n"": 70}, {""answer_norm"": ""2"", ""n"": 23}, {""answer_norm"": ""10"", ""n"": 9}]",model_dev,
21347,PSBD8C,4,Fill-in-the-blank(s),Algebraic Expression,"How much will a car be worth after one year if its initial value was x dollars? If you get stuck, consider using diagrams or a table to organize your work. dollars Use x as your variable.","How much will a car be worth after one year if its initial value was x dollars? If you get stuck, consider using diagrams or a table to organize your work. dollars Use x as your variable.",0.85x,ratio_percent,7.RP.A.3,Use Proportional Relationships to Solve Ratio & Percent Problems,172,168,120,172,0.3023255813953488,0.0174418604651162,0.5290697674418605,"[{""answer_norm"": ""0.85x"", ""n"": 73}, {""answer_norm"": "".85x"", ""n"": 25}, {""answer_norm"": ""1.15x"", ""n"": 13}, {""answer_norm"": ""0.15x"", ""n"": 8}, {""answer_norm"": ""850x"", ""n"": 5}]",model_dev,
21399,PRABGKQV,1,Fill-in-the-blank(s),Numeric,How many times larger is the first number in the pair than the second? 17 6 is times larger than 17 4 .,How many times larger is the first number in the pair than the second? 17^6 is times larger than 17^4.,289,equation_algebra,6.EE.A.1,Write & Evaluate Numerical Expressions with Exponents,509,502,365,509,0.2278978388998035,0.2986247544204322,0.5834970530451866,"[{""answer_norm"": ""289"", ""n"": 352}, {""answer_norm"": ""34"", ""n"": 31}, {""answer_norm"": ""17"", ""n"": 23}, {""answer_norm"": ""2"", ""n"": 17}, {""answer_norm"": ""49"", ""n"": 9}]",model_dev,
21595,PRABGKQW,1,Fill-in-the-blank(s),Numeric,How many times larger is the first number in the pair than the second? 5 10 is times larger than 5 4 .,How many times larger is the first number in the pair than the second? 5^10 is times larger than 5^4.,"15,625",equation_algebra,6.EE.A.1,Write & Evaluate Numerical Expressions with Exponents,531,524,337,531,0.3088512241054614,0.384180790960452,0.5216572504708098,"[{""answer_norm"": ""15625"", ""n"": 293}, {""answer_norm"": ""25"", ""n"": 37}, {""answer_norm"": ""15,625"", ""n"": 36}, {""answer_norm"": ""30"", ""n"": 33}, {""answer_norm"": ""6"", ""n"": 18}]",test,
21711,PSBEBS,1,Fill-in-the-blank(s),Exact Match,Write the expression with fewer terms. 10x − 2x,Write the expression with fewer terms. 10x - 2x,8x,ratio_percent,7.EE.A.1,Apply Properties of Operations to Create Equivalent Expressions,306,294,246,306,0.1928104575163398,0.0261437908496732,0.7156862745098039,"[{""answer_norm"": ""8x"", ""n"": 245}, {""answer_norm"": ""8"", ""n"": 10}, {""answer_norm"": ""10-2"", ""n"": 5}, {""answer_norm"": ""12x"", ""n"": 3}, {""answer_norm"": ""-12x"", ""n"": 2}]",model_dev,
22023,PSBEGN,1,Fill-in-the-blank(s),Numeric,Evaluate the expression: ( - 1 ) · 2 · 3,Evaluate the expression: (- 1) * 2 * 3,-6,ratio_percent,7.NS.A.2c,Apply Properties of Operations to Multiply/Divide Rational Numbers,1370,1352,1286,1370,0.0598540145985401,0.0321167883211678,0.845985401459854,"[{""answer_norm"": ""-6"", ""n"": 1216}, {""answer_norm"": ""6"", ""n"": 94}, {""answer_norm"": ""5"", ""n"": 9}, {""answer_norm"": ""-5"", ""n"": 8}, {""answer_norm"": ""3"", ""n"": 5}]",model_dev,
22078,PSBEEZ,2,Fill-in-the-blank(s),Numeric,How far are the hurdles from one another? meters,How far are the hurdles from one another? meters,9.14,decimal,6.NS.B.3,"Add, Subtract, Multiply & Divide Multi-Digit Decimals",34,34,26,34,0.2352941176470588,0.1176470588235294,0.6176470588235294,"[{""answer_norm"": ""9.14"", ""n"": 22}, {""answer_norm"": ""82.26"", ""n"": 3}, {""answer_norm"": ""0.000928"", ""n"": 1}, {""answer_norm"": ""0.12"", ""n"": 1}, {""answer_norm"": ""0.3"", ""n"": 1}]",model_dev,
22093,PSBED4,1,Fill-in-the-blank(s),Exact Match,Write the expression with fewer terms. 10x − 3y + 2x,Write the expression with fewer terms. 10x - 3y + 2x,"-3y+12x, 12x-3y",ratio_percent,7.EE.A.1,Apply Properties of Operations to Create Equivalent Expressions,305,293,168,305,0.4393442622950819,0.140983606557377,0.4163934426229508,"[{""answer_norm"": ""12x-3y"", ""n"": 142}, {""answer_norm"": ""9x"", ""n"": 29}, {""answer_norm"": ""12x - 3y"", ""n"": 23}, {""answer_norm"": ""9xy"", ""n"": 18}, {""answer_norm"": ""5x"", ""n"": 8}]",validation,
22349,PSBEEZ,4,Fill-in-the-blank(s),Numeric,A professional runner takes 3 strides between each pair of hurdles. The runner leaves the ground 2.2 meters before the hurdle and returns to the ground 1 meter after the hurdle. About how long are each of the runner’s strides between the hurdles? meters,A professional runner takes 3 strides between each pair of hurdles. The runner leaves the ground 2.2 meters before the hurdle and returns to the ground 1 meter after the hurdle. About how long are each of the runner’s strides between the hurdles? meters,"2.0, 1.98",decimal,6.NS.B.3,"Add, Subtract, Multiply & Divide Multi-Digit Decimals",32,32,25,32,0.1875,0.0625,0.65625,"[{""answer_norm"": ""1.98"", ""n"": 24}, {""answer_norm"": ""2"", ""n"": 2}, {""answer_norm"": ""1.36363636"", ""n"": 1}, {""answer_norm"": ""1.9"", ""n"": 1}, {""answer_norm"": ""4.23"", ""n"": 1}]",model_dev,
22470,PSBEGA,1,Fill-in-the-blank(s),Numeric,The gas tank in dad’s car holds 12 gallons. The gas tank in mom’s truck holds 50% more than that. How much gas does the truck’s tank hold? gallons,The gas tank in dad’s car holds 12 gallons. The gas tank in mom’s truck holds 50% more than that. How much gas does the truck’s tank hold? gallons,18,ratio_percent,7.RP.A.3,Use Proportional Relationships to Solve Ratio & Percent Problems,198,148,174,198,0.1212121212121212,0.0,0.7626262626262627,"[{""answer_norm"": ""18"", ""n"": 163}, {""answer_norm"": ""24"", ""n"": 5}, {""answer_norm"": ""6"", ""n"": 5}, {""answer_norm"": ""150"", ""n"": 4}, {""answer_norm"": ""16"", ""n"": 3}]",model_dev,
23822,PSBESA,2,Fill-in-the-blank(s),Numeric,The equation d = 3t represents the relationship between the distance ( d ) in inches that a snail is from a certain rock and the time ( t ) in minutes. How many minutes does it take the snail to get 9 inches from the rock? minutes,The equation d = 3t represents the relationship between the distance (d) in inches that a snail is from a certain rock and the time (t) in minutes. How many minutes does it take the snail to get 9 inches from the rock? minutes,3,ratio_percent,7.RP.A.2b | 7.RP.A.2c,Identify the Constant of Proportionality | Represent Proportional Relationships with Equations,1621,1558,1166,1621,0.2732880937692782,0.0962368908081431,0.5755706354102406,"[{""answer_norm"": ""3"", ""n"": 1115}, {""answer_norm"": ""27"", ""n"": 311}, {""answer_norm"": ""9"", ""n"": 63}, {""answer_norm"": ""6"", ""n"": 23}, {""answer_norm"": ""2"", ""n"": 20}]",model_dev,
24068,PSBESA,3,Fill-in-the-blank(s),Numeric,The equation d = 3t represents the relationship between the distance ( d ) in inches that a snail is from a certain rock and the time ( t ) in minutes. How far will the snail be from the rock after 9 minutes? inches,The equation d = 3t represents the relationship between the distance (d) in inches that a snail is from a certain rock and the time (t) in minutes. How far will the snail be from the rock after 9 minutes? inches,27,ratio_percent,7.RP.A.2b | 7.RP.A.2c,Identify the Constant of Proportionality | Represent Proportional Relationships with Equations,1615,1557,1284,1615,0.2006191950464396,0.0767801857585139,0.7095975232198143,"[{""answer_norm"": ""27"", ""n"": 1244}, {""answer_norm"": ""3"", ""n"": 154}, {""answer_norm"": ""9"", ""n"": 59}, {""answer_norm"": ""6"", ""n"": 32}, {""answer_norm"": ""18"", ""n"": 23}]",model_dev,
24777,PRABETM3,1,Fill-in-the-blank(s),Numeric,"Last week, the price of oranges at the farmer's market was $1.75 per pound. This week, the price has decreased by 20%. What is the price of oranges this week? $ per pound","Last week, the price of oranges at the farmer's market was $1.75 per pound. This week, the price has decreased by 20%. What is the price of oranges this week? $ per pound",1.4,ratio_percent,7.RP.A.3,Use Proportional Relationships to Solve Ratio & Percent Problems,2138,1989,1682,2138,0.2104770813844714,0.0804490177736202,0.666510757717493,"[{""answer_norm"": ""1.40"", ""n"": 1042}, {""answer_norm"": ""1.4"", ""n"": 540}, {""answer_norm"": ""0.35"", ""n"": 59}, {""answer_norm"": ""140"", ""n"": 34}, {""answer_norm"": ""2.1"", ""n"": 34}]",model_dev,
24870,PSBEWH,3,Fill-in-the-blank(s),Numeric,It took Clare 30 minutes to walk around the garden at a constant speed. At what speed was she walking? feet per hour,It took Clare 30 minutes to walk around the garden at a constant speed. At what speed was she walking? feet per hour,16800,ratio_percent,6.RP.A.3b | 7.G.A.1,Solve Unit Rate Problems | Solve Scale Drawing Problems,14,14,5,14,0.6428571428571429,0.0,0.3571428571428571,"[{""answer_norm"": ""280"", ""n"": 9}, {""answer_norm"": ""23"", ""n"": 1}, {""answer_norm"": ""3.75"", ""n"": 1}, {""answer_norm"": ""30"", ""n"": 1}, {""answer_norm"": ""5"", ""n"": 1}]",model_dev,
24873,PRABEV4K,1,Fill-in-the-blank(s),Numeric,"A random sample of people were asked which hand they prefer to write with. l means they prefer to use their left hand. r means they prefer to use their right hand. l r r r r r r r r r l r r r r Based on this sample, estimate the proportion of the population that prefers to write with their left hand.","A random sample of people were asked which hand they prefer to write with. l means they prefer to use their left hand. r means they prefer to use their right hand. l r r r r r r r r r l r r r r Based on this sample, estimate the proportion of the population that prefers to write with their left hand.",15-Feb,statistics_probability,7.SP.A.2,Use Random Samples to Draw Influences,37,37,24,37,0.3513513513513513,0.0,0.5675675675675675,"[{""answer_norm"": ""2/15"", ""n"": 29}, {""answer_norm"": "".13"", ""n"": 1}, {""answer_norm"": ""1"", ""n"": 1}, {""answer_norm"": ""1/15"", ""n"": 1}, {""answer_norm"": ""12/15"", ""n"": 1}]",validation,
25209,PRABESKP,1,Fill-in-the-blank(s),Numeric,"A small, test batch of lemonade used 1 4 cup of sugar added to 1 cup of water and 1 4 cup of lemon juice. After confirming it tasted good, a larger batch is going to be made with the same ratios using 10 cups of water. How much sugar should be added so that the large batch tastes the same as the test batch? cups","A small, test batch of lemonade used 1 / 4 cup of sugar added to 1 cup of water and 1 / 4 cup of lemon juice. After confirming it tasted good, a larger batch is going to be made with the same ratios using 10 cups of water. How much sugar should be added so that the large batch tastes the same as the test batch? cups",2.5,ratio_percent,7.RP.A.2a,Identify Proportional Relationships,1574,1531,1183,1574,0.2420584498094028,0.0883100381194409,0.6747141041931385,"[{""answer_norm"": ""2.5"", ""n"": 763}, {""answer_norm"": ""2 1/2"", ""n"": 260}, {""answer_norm"": ""10/4"", ""n"": 94}, {""answer_norm"": ""2 2/4"", ""n"": 75}, {""answer_norm"": ""10"", ""n"": 56}]",test,
25486,PRABMSES,1,Fill-in-the-blank(s),Numeric,Find the value of the expression. - 1 3 · 39,Find the value of the expression. (- 1 / 3) * 39,-13,ratio_percent,7.NS.A.2c,Apply Properties of Operations to Multiply/Divide Rational Numbers,1463,1436,1263,1463,0.1367053998632946,0.0095693779904306,0.7464114832535885,"[{""answer_norm"": ""-13"", ""n"": 1142}, {""answer_norm"": ""13"", ""n"": 92}, {""answer_norm"": ""-39/3"", ""n"": 33}, {""answer_norm"": ""-12.87"", ""n"": 22}, {""answer_norm"": ""-11.7"", ""n"": 18}]",model_dev,
25576,PRABTS92,1,Fill-in-the-blank(s),Numeric,Find the area of the rectangle with the following side lengths. 5 in and 1 3 in square inches,Find the area of the rectangle with the following side lengths. 5 in and 1 / 3 in square inches,3-May,geometry_measurement,4.MD.A.3,Apply Area & Perimeter Formulas for Rectangles,214,212,161,214,0.2383177570093458,0.0467289719626168,0.5467289719626168,"[{""answer_norm"": ""1 2/3"", ""n"": 76}, {""answer_norm"": ""5/3"", ""n"": 49}, {""answer_norm"": ""15"", ""n"": 20}, {""answer_norm"": ""5 1/3"", ""n"": 7}, {""answer_norm"": ""1/15"", ""n"": 6}]",model_dev,
25718,PRABMSET,1,Fill-in-the-blank(s),Numeric,Find the value of the expression. - 4 5 · ( - 75 ),Find the value of the expression. (- 4 / 5) * (- 75),60,ratio_percent,7.NS.A.2c,Apply Properties of Operations to Multiply/Divide Rational Numbers,1463,1428,1271,1463,0.1298701298701298,0.010252904989747,0.7723855092276145,"[{""answer_norm"": ""60"", ""n"": 1218}, {""answer_norm"": ""-60"", ""n"": 68}, {""answer_norm"": ""15"", ""n"": 17}, {""answer_norm"": ""-15"", ""n"": 10}, {""answer_norm"": ""300/5"", ""n"": 10}]",validation,
25949,PRABTS95,1,Fill-in-the-blank(s),Numeric,Find the area of the rectangle with the following side lengths. 7 6 in and 6 7 in square inch,Find the area of the rectangle with the following side lengths. 7 / 6 in and 6 / 7 in square inch,1,geometry_measurement,4.MD.A.3,Apply Area & Perimeter Formulas for Rectangles,196,195,177,196,0.0918367346938775,0.0255102040816326,0.8724489795918368,"[{""answer_norm"": ""1"", ""n"": 128}, {""answer_norm"": ""42/42"", ""n"": 42}, {""answer_norm"": ""42/7"", ""n"": 3}, {""answer_norm"": ""1/1"", ""n"": 2}, {""answer_norm"": ""1 10/18"", ""n"": 1}]",model_dev,
26005,PRABMSEU,1,Fill-in-the-blank(s),Numeric,Find the value of the expression. - 2 5 · - 3 4,Find the value of the expression. - 2 / 5 * (- 3 / 4),10-Mar,ratio_percent,7.NS.A.2c,Apply Properties of Operations to Multiply/Divide Rational Numbers,1471,1427,1242,1471,0.1556764106050306,0.0135961930659415,0.7627464309993202,"[{""answer_norm"": ""3/10"", ""n"": 553}, {""answer_norm"": ""0.3"", ""n"": 415}, {""answer_norm"": "".3"", ""n"": 139}, {""answer_norm"": ""6/20"", ""n"": 118}, {""answer_norm"": ""6"", ""n"": 20}]",model_dev,
26296,PRABMSEV,1,Fill-in-the-blank(s),Numeric,Find the value of the expression. 8 3 · - 42,Find the value of the expression. 8 / 3 * - 42,-112,ratio_percent,7.NS.A.2c,Apply Properties of Operations to Multiply/Divide Rational Numbers,1451,1416,1204,1451,0.1702274293590627,0.0110268780151619,0.6940041350792557,"[{""answer_norm"": ""-112"", ""n"": 1107}, {""answer_norm"": ""112"", ""n"": 125}, {""answer_norm"": ""-122"", ""n"": 18}, {""answer_norm"": ""-336/3"", ""n"": 17}, {""answer_norm"": ""-109.2"", ""n"": 7}]",model_dev,
26568,PSBE7T,1,Fill-in-the-blank(s),Numeric,A painter needs to paint the bottom of a circular pool. The pool has a radius of 30 feet. A store sells 5-gallon cans of paint. One gallon of paint covers 300 square feet. What is the smallest number of 5-gallon cans the painter must buy to cover the bottom of the pool? 5-gallon cans,A painter needs to paint the bottom of a circular pool. The pool has a radius of 30 feet. A store sells 5-gallon cans of paint. One gallon of paint covers 300 square feet. What is the smallest number of 5-gallon cans the painter must buy to cover the bottom of the pool? 5-gallon cans,2,ratio_percent,7.RP.A.2a | 7.G.B.4,Identify Proportional Relationships | Solve Problems Involving Area & Circumference of Circles,43,43,32,43,0.2325581395348837,0.0697674418604651,0.3953488372093023,"[{""answer_norm"": ""2"", ""n"": 22}, {""answer_norm"": ""10"", ""n"": 5}, {""answer_norm"": ""3"", ""n"": 2}, {""answer_norm"": ""9"", ""n"": 2}, {""answer_norm"": ""1"", ""n"": 1}]",model_dev,
26766,PSBE8J,2,Fill-in-the-blank(s),Numeric,"If the volume of the cone is 120 cm 3 , what is the volume of the cylinder? cm 3","If the volume of the cone is 120 cm^(3), what is the volume of the cylinder? cm^(3)",360,geometry_measurement,8.G.C.9,Know & Use Volume Formulas,38,38,34,38,0.1052631578947368,0.0,0.7105263157894737,"[{""answer_norm"": ""360"", ""n"": 27}, {""answer_norm"": ""40"", ""n"": 8}, {""answer_norm"": ""120"", ""n"": 1}, {""answer_norm"": ""60"", ""n"": 1}, {""answer_norm"": ""90"", ""n"": 1}]",model_dev,
27930,PRABEGMJ,1,Fill-in-the-blank(s),Numeric,A cone has volume 12 π cubic inches. Its height is 4 inches. What is its radius? inches,A cone has volume 12 pi cubic inches. Its height is 4 inches. What is its radius? inches,3,geometry_measurement,8.G.C.9,Know & Use Volume Formulas,541,533,383,541,0.2791127541589648,0.1959334565619223,0.5859519408502772,"[{""answer_norm"": ""3"", ""n"": 398}, {""answer_norm"": ""9"", ""n"": 24}, {""answer_norm"": ""1"", ""n"": 17}, {""answer_norm"": ""1.69"", ""n"": 16}, {""answer_norm"": ""2"", ""n"": 12}]",test,
28432,PSBFMQ,1,Fill-in-the-blank(s),Numeric,"Costs of homes can be very different in different parts of the United States. A 450-square-foot apartment in New York City costs $540,000. What is the price per square foot? $ per square foot","Costs of homes can be very different in different parts of the United States. A 450-square-foot apartment in New York City costs $540,000. What is the price per square foot? $ per square foot",1200,ratio_percent,6.RP.A.3b,Solve Unit Rate Problems,1578,1497,1236,1578,0.1856780735107731,0.0709759188846641,0.7015209125475285,"[{""answer_norm"": ""1200"", ""n"": 976}, {""answer_norm"": ""1,200"", ""n"": 276}, {""answer_norm"": ""120"", ""n"": 36}, {""answer_norm"": ""1.2"", ""n"": 30}, {""answer_norm"": ""1000"", ""n"": 17}]",model_dev,
28730,PSBFMQ,3,Fill-in-the-blank(s),Numeric,"Costs of homes can be very different in different parts of the United States. A 2,100-square-foot home in Cheyenne, Wyoming, costs $110 per square foot. How much does this home cost? $","Costs of homes can be very different in different parts of the United States. A 2,100-square-foot home in Cheyenne, Wyoming, costs $110 per square foot. How much does this home cost? $","231,000",ratio_percent,6.RP.A.3b,Solve Unit Rate Problems,1512,1435,1155,1512,0.2242063492063492,0.0462962962962962,0.6673280423280423,"[{""answer_norm"": ""231000"", ""n"": 737}, {""answer_norm"": ""231,000"", ""n"": 380}, {""answer_norm"": ""23100"", ""n"": 44}, {""answer_norm"": ""19"", ""n"": 43}, {""answer_norm"": ""19.09"", ""n"": 28}]",model_dev,
30276,PSBFVZ,1,Fill-in-the-blank(s),Numeric,"Diego made 6 boxes of spaghetti to feed 20 people who attended his dinner party. Next time, 50 people are coming! How many boxes of spaghetti should Diego buy to feed all those people? boxes of spaghetti","Diego made 6 boxes of spaghetti to feed 20 people who attended his dinner party. Next time, 50 people are coming! How many boxes of spaghetti should Diego buy to feed all those people? boxes of spaghetti",15,ratio_percent,6.RP.A.3a,Create Tables to Compare Equivalent Ratios,129,129,102,129,0.1317829457364341,0.1240310077519379,0.5658914728682171,"[{""answer_norm"": ""15"", ""n"": 80}, {""answer_norm"": ""14"", ""n"": 4}, {""answer_norm"": ""16"", ""n"": 4}, {""answer_norm"": ""167"", ""n"": 4}, {""answer_norm"": ""18"", ""n"": 4}]",validation,
30601,PSBFXP,1,Fill-in-the-blank(s),Numeric,"Elena is feeding her neighbor’s dogs. Each dog gets 2 3 cup of dog food, and she uses 3 1 3 cups of food. How many dogs does her neighbor have? dogs","Elena is feeding her neighbor’s dogs. Each dog gets 2 / 3 cup of dog food, and she uses 3 1 / 3 cups of food. How many dogs does her neighbor have? dogs",5,ratio_percent,6.RP.A.3b,Solve Unit Rate Problems,127,127,110,127,0.1102362204724409,0.0866141732283464,0.6850393700787402,"[{""answer_norm"": ""5"", ""n"": 93}, {""answer_norm"": ""4"", ""n"": 8}, {""answer_norm"": ""2"", ""n"": 6}, {""answer_norm"": ""6"", ""n"": 6}, {""answer_norm"": ""3"", ""n"": 4}]",model_dev,
30604,PSBFYQ,1,Fill-in-the-blank(s),Numeric,Elena bought 8 tokens for $4.40. At this rate: How many tokens could she buy with $6.05? tokens,Elena bought 8 tokens for $4.40. At this rate: How many tokens could she buy with $6.05? tokens,11,ratio_percent,6.RP.A.3b,Solve Unit Rate Problems,964,884,652,964,0.2925311203319502,0.183609958506224,0.578838174273859,"[{""answer_norm"": ""11"", ""n"": 690}, {""answer_norm"": ""10"", ""n"": 60}, {""answer_norm"": ""12"", ""n"": 26}, {""answer_norm"": ""0.55"", ""n"": 17}, {""answer_norm"": ""9"", ""n"": 16}]",model_dev,
30779,PSBFYQ,2,Fill-in-the-blank(s),Numeric,Elena bought 8 tokens for $4.40. At this rate: How much do 19 tokens cost? $,Elena bought 8 tokens for $4.40. At this rate: How much do 19 tokens cost? $,10.45,ratio_percent,6.RP.A.3b,Solve Unit Rate Problems,952,875,632,952,0.3077731092436975,0.180672268907563,0.5735294117647058,"[{""answer_norm"": ""10.45"", ""n"": 670}, {""answer_norm"": ""1045"", ""n"": 25}, {""answer_norm"": ""19"", ""n"": 15}, {""answer_norm"": ""8.80"", ""n"": 14}, {""answer_norm"": ""10"", ""n"": 11}]",model_dev,
30898,PSBFY7,1,Fill-in-the-blank(s),Numeric,5 5 8 cups of water fill 4 1 2 identical water bottles. How many cups fill each bottle? cups of water,5 5 / 8 cups of water fill 4 1 / 2 identical water bottles. How many cups fill each bottle? cups of water,4-May,ratio_percent,6.RP.A.3b,Solve Unit Rate Problems,122,122,76,122,0.3524590163934426,0.1557377049180328,0.4918032786885246,"[{""answer_norm"": ""1.25"", ""n"": 25}, {""answer_norm"": ""5/4"", ""n"": 21}, {""answer_norm"": ""1 1/4"", ""n"": 19}, {""answer_norm"": ""1 18/72"", ""n"": 6}, {""answer_norm"": ""4/5"", ""n"": 4}]",model_dev,
31058,PSBF26,1,Fill-in-the-blank(s),Numeric,A snail travels 10 cm in 4 minutes. At this rate: How long will it take the snail to travel 24 cm? minutes,A snail travels 10 cm in 4 minutes. At this rate: How long will it take the snail to travel 24 cm? minutes,9.6,ratio_percent,6.RP.A.3b,Solve Unit Rate Problems,919,892,478,919,0.441784548422198,0.2665941240478781,0.3764961915125136,"[{""answer_norm"": ""9.6"", ""n"": 450}, {""answer_norm"": ""60"", ""n"": 146}, {""answer_norm"": ""10"", ""n"": 35}, {""answer_norm"": ""6"", ""n"": 35}, {""answer_norm"": ""9"", ""n"": 19}]",model_dev,
31188,PSBF4D,1,Fill-in-the-blank(s),Numeric,Diego pours 6.8 ounces of water from a full bottle. He estimates that he poured out 20% of the water in the bottle. About how much water was in the full bottle? ounces of water,Diego pours 6.8 ounces of water from a full bottle. He estimates that he poured out 20% of the water in the bottle. About how much water was in the full bottle? ounces of water,34,ratio_percent,6.RP.A.3c | 7.RP.A.3,Solve Problems Involving Percents | Use Proportional Relationships to Solve Ratio & Percent Problems,111,111,84,111,0.1891891891891892,0.1261261261261261,0.5225225225225225,"[{""answer_norm"": ""34"", ""n"": 62}, {""answer_norm"": ""1.36"", ""n"": 10}, {""answer_norm"": ""136"", ""n"": 3}, {""answer_norm"": ""27.2"", ""n"": 3}, {""answer_norm"": ""13.6"", ""n"": 2}]",test,
31250,PSBF26,2,Fill-in-the-blank(s),Numeric,A snail travels 10 cm in 4 minutes. At this rate: How far does the snail travel in 6 minutes? cm,A snail travels 10 cm in 4 minutes. At this rate: How far does the snail travel in 6 minutes? cm,15,ratio_percent,6.RP.A.3b,Solve Unit Rate Problems,915,889,574,915,0.3224043715846995,0.2251366120218579,0.5234972677595628,"[{""answer_norm"": ""15"", ""n"": 593}, {""answer_norm"": ""2.4"", ""n"": 89}, {""answer_norm"": ""12"", ""n"": 31}, {""answer_norm"": ""12.5"", ""n"": 12}, {""answer_norm"": ""15.0"", ""n"": 8}]",model_dev,
31433,PSBF4D,3,Fill-in-the-blank(s),Numeric,Diego pours out 25% of the remaining water. About how many ounces did he pour the second time? ounces of water,Diego pours out 25% of the remaining water. About how many ounces did he pour the second time? ounces of water,6.8,ratio_percent,7.RP.A.3,Use Proportional Relationships to Solve Ratio & Percent Problems,108,108,50,108,0.5092592592592593,0.2037037037037037,0.1296296296296296,"[{""answer_norm"": ""6.8"", ""n"": 21}, {""answer_norm"": ""8.5"", ""n"": 21}, {""answer_norm"": ""27.2"", ""n"": 10}, {""answer_norm"": ""1.7"", ""n"": 6}, {""answer_norm"": ""25.5"", ""n"": 4}]",test,
32363,PSBGBG,2,Fill-in-the-blank(s),Numeric,On which day did it occur? Day,On which day did it occur? Day,14,functions_graphs,6.NS.C.6c,Plot Integers Points on a Number Line & Coordinate Planes,95,93,81,95,0.1473684210526315,0.0,0.8315789473684211,"[{""answer_norm"": ""14"", ""n"": 83}, {""answer_norm"": ""3"", ""n"": 3}, {""answer_norm"": ""-95"", ""n"": 1}, {""answer_norm"": ""1"", ""n"": 1}, {""answer_norm"": ""12"", ""n"": 1}]",test,
33513,PSBGGX,2,Fill-in-the-blank(s),Numeric,What is the slope of the line you graphed?,What is the slope of the line you graphed?,-1,functions_graphs,8.EE.B.6,Find Slope of a Line using Similar Triangles,563,562,332,563,0.3907637655417407,0.1172291296625222,0.4866785079928952,"[{""answer_norm"": ""-1"", ""n"": 367}, {""answer_norm"": ""1"", ""n"": 99}, {""answer_norm"": ""2"", ""n"": 37}, {""answer_norm"": ""-2"", ""n"": 8}, {""answer_norm"": ""1/2"", ""n"": 7}]",model_dev,
34746,PSBGS5,1,Fill-in-the-blank(s),Numeric,Some boats were traveling up and down a river. A satellite recorded the movements of several boats. A motorboat traveled -3.4 miles per hour for 0.75 hours. How far did it go? miles,Some boats were traveling up and down a river. A satellite recorded the movements of several boats. A motorboat traveled -3.4 miles per hour for 0.75 hours. How far did it go? miles,-2.55,ratio_percent,7.RP.A.2a,Identify Proportional Relationships,1608,1565,1046,1608,0.347636815920398,0.1075870646766169,0.5062189054726368,"[{""answer_norm"": ""-2.55"", ""n"": 1008}, {""answer_norm"": ""2.55"", ""n"": 164}, {""answer_norm"": ""-4.53"", ""n"": 24}, {""answer_norm"": ""-2.550"", ""n"": 20}, {""answer_norm"": ""-4.5"", ""n"": 18}]",model_dev,
35010,PSBGS5,2,Fill-in-the-blank(s),Numeric,A tugboat traveled -1.5 miles in 0.3 hours. What was its velocity? miles per hour,A tugboat traveled -1.5 miles in 0.3 hours. What was its velocity? miles per hour,-5,ratio_percent,7.RP.A.2a,Identify Proportional Relationships,1597,1556,971,1597,0.3894802755165936,0.121477770820288,0.3951158422041327,"[{""answer_norm"": ""-5"", ""n"": 835}, {""answer_norm"": ""-0.45"", ""n"": 227}, {""answer_norm"": ""5"", ""n"": 132}, {""answer_norm"": ""-.45"", ""n"": 66}, {""answer_norm"": ""-0.5"", ""n"": 30}]",model_dev,
36149,PSBG5F,1,Fill-in-the-blank(s),Numeric,A submarine is only allowed to change its depth by rising toward the surface in 60-meter stages. It starts off at -340 meters. At what depth is it after 1 stage? meters,A submarine is only allowed to change its depth by rising toward the surface in 60-meter stages. It starts off at -340 meters. At what depth is it after 1 stage? meters,-280,ratio_percent,7.RP.A.2a,Identify Proportional Relationships,1531,1491,1176,1531,0.2273024167210973,0.0979751796211626,0.6094056172436316,"[{""answer_norm"": ""-280"", ""n"": 1062}, {""answer_norm"": ""280"", ""n"": 169}, {""answer_norm"": ""-400"", ""n"": 62}, {""answer_norm"": ""-20400"", ""n"": 15}, {""answer_norm"": ""-5.6"", ""n"": 12}]",validation,
36318,PSBGZP,1,Fill-in-the-blank(s),Numeric,A zookeeper is 6 1 4 feet tall. A young giraffe in his care is 9 3 8 feet tall. How many times as tall as the zookeeper is the giraffe? times as tall,A zookeeper is 6 1 / 4 feet tall. A young giraffe in his care is 9 3 / 8 feet tall. How many times as tall as the zookeeper is the giraffe? times as tall,1 1/2,fraction,6.NS.A.1,Interpret & Compute using Division of Fractions,1254,1209,866,1254,0.2567783094098884,0.2041467304625199,0.5486443381180224,"[{""answer_norm"": ""1 1/2"", ""n"": 397}, {""answer_norm"": ""1.5"", ""n"": 267}, {""answer_norm"": ""3/2"", ""n"": 130}, {""answer_norm"": ""2/3"", ""n"": 94}, {""answer_norm"": ""3"", ""n"": 22}]",test,
36440,PSBG5F,2,Fill-in-the-blank(s),Numeric,At what depth is it after 2 stages? meters,At what depth is it after 2 stages? meters,-220,ratio_percent,7.RP.A.2a,Identify Proportional Relationships,1526,1486,1264,1526,0.1671035386631716,0.0688073394495412,0.7477064220183486,"[{""answer_norm"": ""-220"", ""n"": 1245}, {""answer_norm"": ""220"", ""n"": 78}, {""answer_norm"": ""-560"", ""n"": 65}, {""answer_norm"": ""100"", ""n"": 8}, {""answer_norm"": ""-120"", ""n"": 7}]",validation,
36700,PSBG5F,3,Fill-in-the-blank(s),Numeric,At what depth is it after 4 stages? meters,At what depth is it after 4 stages? meters,-100,ratio_percent,7.RP.A.2a,Identify Proportional Relationships,1523,1483,1249,1523,0.1772816808929743,0.0505581089954038,0.6822061720288903,"[{""answer_norm"": ""-100"", ""n"": 1148}, {""answer_norm"": ""100"", ""n"": 75}, {""answer_norm"": ""-160"", ""n"": 72}, {""answer_norm"": ""-120"", ""n"": 20}, {""answer_norm"": ""-440"", ""n"": 18}]",validation,
36743,PSBG4B,1,Fill-in-the-blank(s),Numeric,A rectangular bathroom floor is covered with square tiles that are 1 1 2 feet by 1 1 2 feet. The length of the bathroom floor is 10 1 2 feet and the width is 6 1 2 feet. How many tiles does it take to cover the length of the floor? tiles,A rectangular bathroom floor is covered with square tiles that are 1 1 / 2 feet by 1 1 / 2 feet. The length of the bathroom floor is 10 1 / 2 feet and the width is 6 1 / 2 feet. How many tiles does it take to cover the length of the floor? tiles,7,fraction,6.NS.A.1,Interpret & Compute using Division of Fractions,1108,1071,584,1108,0.3844765342960289,0.3068592057761732,0.434115523465704,"[{""answer_norm"": ""7"", ""n"": 625}, {""answer_norm"": ""30 1/3"", ""n"": 60}, {""answer_norm"": ""42/6"", ""n"": 16}, {""answer_norm"": ""7/1"", ""n"": 11}, {""answer_norm"": ""4 1/3"", ""n"": 10}]",model_dev,
36971,PSBG5F,4,Fill-in-the-blank(s),Numeric,A submarine is only allowed to change its depth by rising toward the surface in 60-meter stages. It starts off at -340 meters. How many stages will it take to return to the surface? stages of change,A submarine is only allowed to change its depth by rising toward the surface in 60-meter stages. It starts off at -340 meters. How many stages will it take to return to the surface? stages of change,6,ratio_percent,7.RP.A.2a,Identify Proportional Relationships,1520,1481,1080,1520,0.2881578947368421,0.075,0.555921052631579,"[{""answer_norm"": ""6"", ""n"": 957}, {""answer_norm"": ""5"", ""n"": 76}, {""answer_norm"": ""5 2/3"", ""n"": 54}, {""answer_norm"": ""2"", ""n"": 50}, {""answer_norm"": ""4"", ""n"": 39}]",validation,
37276,PSBG69,2,Fill-in-the-blank(s),Numeric,What fraction of the daily recommended value of iron is in 1 cup of oatmeal?,What fraction of the daily recommended value of iron is in 1 cup of oatmeal?,15-Feb,fraction,6.NS.A.1,Interpret & Compute using Division of Fractions,701,690,417,699,0.3980028530670471,0.0641940085592011,0.4245439469320066,"[{""answer_norm"": ""2/15"", ""n"": 292}, {""answer_norm"": ""4/30"", ""n"": 68}, {""answer_norm"": ""7 1/2"", ""n"": 33}, {""answer_norm"": ""30/4"", ""n"": 31}, {""answer_norm"": ""1/10"", ""n"": 19}]",test,
37332,PRABETRY,1,Fill-in-the-blank(s),Numeric,A cookie recipe uses 3 cups of flour to make 15 cookies. How many cookies can you make with this recipe with 4 cups of flour? (Assume you have enough of the other ingredients.) cookies,A cookie recipe uses 3 cups of flour to make 15 cookies. How many cookies can you make with this recipe with 4 cups of flour? (Assume you have enough of the other ingredients.) cookies,20,ratio_percent,7.RP.A.2a,Identify Proportional Relationships,1617,1571,1427,1617,0.1168831168831168,0.0321583178726035,0.8268398268398268,"[{""answer_norm"": ""20"", ""n"": 1415}, {""answer_norm"": ""5"", ""n"": 26}, {""answer_norm"": ""16"", ""n"": 16}, {""answer_norm"": ""4"", ""n"": 16}, {""answer_norm"": ""12"", ""n"": 11}]",validation,
37662,PRABMSGW,1,Fill-in-the-blank(s),Numeric,"A teacher uses 36 centimeters of tape to hang up 9 student projects. At that rate, how much tape would the teacher need to hang up 10 student projects? centimeters","A teacher uses 36 centimeters of tape to hang up 9 student projects. At that rate, how much tape would the teacher need to hang up 10 student projects? centimeters",40,ratio_percent,7.RP.A.2a,Identify Proportional Relationships,1598,1556,1389,1598,0.1282853566958698,0.0100125156445556,0.7903629536921152,"[{""answer_norm"": ""40"", ""n"": 1332}, {""answer_norm"": ""45"", ""n"": 47}, {""answer_norm"": ""4"", ""n"": 36}, {""answer_norm"": ""10"", ""n"": 22}, {""answer_norm"": ""2.5"", ""n"": 14}]",model_dev,
37999,PRABQP48,1,Fill-in-the-blank(s),Numeric,"How long is the segment from - 5 , 2 to - 5 , - 8 ? units","How long is the segment from (- 5, 2) to (- 5, - 8)? units",10,functions_graphs,6.G.A.3,Use Coordinates on a Graph to Create Polygons & Find Side Lengths,56,54,50,56,0.1071428571428571,0.0,0.5178571428571429,"[{""answer_norm"": ""10"", ""n"": 33}, {""answer_norm"": ""-6"", ""n"": 5}, {""answer_norm"": ""-10"", ""n"": 4}, {""answer_norm"": ""6"", ""n"": 4}, {""answer_norm"": ""-5"", ""n"": 2}]",model_dev,
39724,PSBHPP,1,Fill-in-the-blank(s),Numeric,Strawberries cost $3.00 per pound. How many pounds of strawberries can you buy for $1.00? pounds of strawberries,Strawberries cost $3.00 per pound. How many pounds of strawberries can you buy for $1.00? pounds of strawberries,3-Jan,ratio_percent,6.RP.A.2 | 6.RP.A.3b,Understand & Describe Unit Rate | Solve Unit Rate Problems,37,37,30,37,0.1621621621621621,0.3783783783783784,0.5675675675675675,"[{""answer_norm"": ""1/3"", ""n"": 21}, {""answer_norm"": ""0.3"", ""n"": 5}, {""answer_norm"": ""3"", ""n"": 4}, {""answer_norm"": ""4"", ""n"": 2}, {""answer_norm"": "".35"", ""n"": 1}]",model_dev,
39959,PSBHPP,3,Fill-in-the-blank(s),Numeric,Strawberries cost $3.00 per pound. How many pounds of strawberries can you buy for $11.00? pounds of strawberries,Strawberries cost $3.00 per pound. How many pounds of strawberries can you buy for $11.00? pounds of strawberries,3-Nov,ratio_percent,6.RP.A.2 | 6.RP.A.3b,Understand & Describe Unit Rate | Solve Unit Rate Problems,34,34,29,34,0.1176470588235294,0.2352941176470588,0.2941176470588235,"[{""answer_norm"": ""3 2/3"", ""n"": 10}, {""answer_norm"": ""3.6"", ""n"": 3}, {""answer_norm"": ""3"", ""n"": 2}, {""answer_norm"": ""3 1/3"", ""n"": 2}, {""answer_norm"": ""33"", ""n"": 2}]",model_dev,
40293,PSBHRT,1,Fill-in-the-blank(s),Numeric,Clare made some lemonade by mixing 6 cups of water with 8 tablespoons of lemonade powder. How many tablespoons of powder per cup of water is that? tablespoons of powder per cup of water,Clare made some lemonade by mixing 6 cups of water with 8 tablespoons of lemonade powder. How many tablespoons of powder per cup of water is that? tablespoons of powder per cup of water,6-Aug,ratio_percent,6.RP.A.2 | 6.RP.A.3b,Understand & Describe Unit Rate | Solve Unit Rate Problems,32,32,25,32,0.21875,0.4375,0.0625,"[{""answer_norm"": ""1 1/3"", ""n"": 7}, {""answer_norm"": ""3/4"", ""n"": 4}, {""answer_norm"": ""0.75"", ""n"": 3}, {""answer_norm"": ""48"", ""n"": 3}, {""answer_norm"": ""2"", ""n"": 2}]",model_dev,
40426,PSBHRT,2,Fill-in-the-blank(s),Numeric,Clare made some lemonade by mixing 6 cups of water with 8 tablespoons of lemonade powder. How many cups of water per tablespoon of powder is that? cups of water per tablespoon of powder,Clare made some lemonade by mixing 6 cups of water with 8 tablespoons of lemonade powder. How many cups of water per tablespoon of powder is that? cups of water per tablespoon of powder,8-Jun,ratio_percent,6.RP.A.2 | 6.RP.A.3b,Understand & Describe Unit Rate | Solve Unit Rate Problems,31,31,27,31,0.032258064516129,0.1612903225806451,0.2903225806451613,"[{""answer_norm"": ""0.75"", ""n"": 8}, {""answer_norm"": ""3/4"", ""n"": 3}, {""answer_norm"": ""6/8"", ""n"": 3}, {""answer_norm"": "".75"", ""n"": 2}, {""answer_norm"": ""1"", ""n"": 2}]",model_dev,
40656,PSBHTH,1,Fill-in-the-blank(s),Numeric,An area of 6 square yards is equal to 54 square feet. 9 square yards is equal to how many square feet? square feet,An area of 6 square yards is equal to 54 square feet. 9 square yards is equal to how many square feet? square feet,81,ratio_percent,6.RP.A.1 | 6.RP.A.3a,Understand & Describe Ratios | Create Tables to Compare Equivalent Ratios,30,30,28,30,0.0,0.1333333333333333,0.6,"[{""answer_norm"": ""81"", ""n"": 18}, {""answer_norm"": ""6"", ""n"": 4}, {""answer_norm"": ""8.1"", ""n"": 2}, {""answer_norm"": ""1"", ""n"": 1}, {""answer_norm"": ""27"", ""n"": 1}]",model_dev,
41676,PRABQP4G,1,Fill-in-the-blank(s),Numeric,"Diego has some money in his bank account before he starts a summer job. He deposits the money from the summer job in his bank account and doesn’t spend any of it. After working 3 hours, he has $71 in the account. After working 12 hours, he has $134 in the account. How much money does Diego earn per hour? $ per hour","Diego has some money in his bank account before he starts a summer job. He deposits the money from the summer job in his bank account and doesn’t spend any of it. After working 3 hours, he has $71 in the account. After working 12 hours, he has $134 in the account. How much money does Diego earn per hour? $ per hour",7,ratio_percent,6.RP.A.3b,Solve Unit Rate Problems,13,13,2,13,0.8461538461538461,0.0,0.1538461538461538,"[{""answer_norm"": ""7"", ""n"": 10}, {""answer_norm"": ""0"", ""n"": 1}, {""answer_norm"": ""14"", ""n"": 1}, {""answer_norm"": ""9"", ""n"": 1}]",model_dev,
42388,PSBH52,1,Fill-in-the-blank(s),Numeric,"Another temperature scale frequently used in science is the Kelvin scale. In this scale, 0 is the lowest possible temperature of anything in the universe, and it is -273.15 degrees in the Celsius scale. Each 1 K is the same as 1°C so 10 K is the same as -263.15°C. Water boils at 100°C. What is this temperature in K? K","Another temperature scale frequently used in science is the Kelvin scale. In this scale, 0 is the lowest possible temperature of anything in the universe, and it is -273.15 degrees in the Celsius scale. Each 1 K is the same as 1°C so 10 K is the same as -263.15°C. Water boils at 100°C. What is this temperature in K? K",373.15,ratio_percent,6.RP.A.3d,Use Ratios to Convert Measurement Units,19,19,9,19,0.5263157894736842,0.0,0.4210526315789473,"[{""answer_norm"": ""373.15"", ""n"": 12}, {""answer_norm"": ""0"", ""n"": 1}, {""answer_norm"": ""10"", ""n"": 1}, {""answer_norm"": ""26315"", ""n"": 1}, {""answer_norm"": ""273.15"", ""n"": 1}]",model_dev,
42486,PSBH52,2,Fill-in-the-blank(s),Numeric,Ammonia boils at -35.5°C. What is the boiling point of ammonia in K? K,Ammonia boils at -35.5°C. What is the boiling point of ammonia in K? K,237.65,ratio_percent,6.RP.A.3d,Use Ratios to Convert Measurement Units,18,18,7,18,0.6111111111111112,0.0,0.3888888888888889,"[{""answer_norm"": ""237.65"", ""n"": 15}, {""answer_norm"": ""-237.65"", ""n"": 1}, {""answer_norm"": ""-273.15"", ""n"": 1}, {""answer_norm"": ""35.5"", ""n"": 1}]",model_dev,
42515,PRABE37P,1,Fill-in-the-blank(s),Numeric,A parallelogram has a base of 9 units and a corresponding height of 2 3 units. What is its area? square units,A parallelogram has a base of 9 units and a corresponding height of 2 / 3 units. What is its area? square units,18/3,geometry_measurement,6.G.A.1,"Find the Area of Triangles, Quadrilaterals & Polygons",1236,1141,986,1236,0.1699029126213592,0.0655339805825242,0.7273462783171522,"[{""answer_norm"": ""6"", ""n"": 739}, {""answer_norm"": ""18/3"", ""n"": 252}, {""answer_norm"": ""18"", ""n"": 24}, {""answer_norm"": ""3"", ""n"": 18}, {""answer_norm"": ""18/27"", ""n"": 15}]",model_dev,
42567,PSBH65,2,Fill-in-the-blank(s),Numeric,"How many mini muffins could Diego buy with $3.00? If you get stuck, consider using the table. mini muffins","How many mini muffins could Diego buy with $3.00? If you get stuck, consider using the table. mini muffins",8,ratio_percent,6.RP.A.3a | 6.RP.A.3b,Create Tables to Compare Equivalent Ratios | Solve Unit Rate Problems,418,415,250,418,0.3732057416267942,0.1770334928229665,0.4712918660287081,"[{""answer_norm"": ""8"", ""n"": 260}, {""answer_norm"": ""9"", ""n"": 19}, {""answer_norm"": ""2"", ""n"": 16}, {""answer_norm"": ""1.05"", ""n"": 10}, {""answer_norm"": ""6"", ""n"": 10}]",model_dev,
42671,PRABFEN9,1,Fill-in-the-blank(s),Numeric,A parallelogram has a base of 9 units and an area of 12 square units. What is the corresponding height for that base? units,A parallelogram has a base of 9 units and an area of 12 square units. What is the corresponding height for that base? units,9-Dec,geometry_measurement,6.G.A.1,"Find the Area of Triangles, Quadrilaterals & Polygons",1207,1109,609,1207,0.4714167357083678,0.1350455675227837,0.352112676056338,"[{""answer_norm"": ""12/9"", ""n"": 177}, {""answer_norm"": ""1 1/3"", ""n"": 166}, {""answer_norm"": ""108"", ""n"": 162}, {""answer_norm"": ""4/3"", ""n"": 149}, {""answer_norm"": ""1/3"", ""n"": 59}]",model_dev,
42913,PRABFEPA,1,Fill-in-the-blank(s),Numeric,"A parallelogram has an area of 7 square units. If the height that corresponds to a base is 1 4 unit, what is the base? units","A parallelogram has an area of 7 square units. If the height that corresponds to a base is 1 / 4 unit, what is the base? units",28,geometry_measurement,6.G.A.1,"Find the Area of Triangles, Quadrilaterals & Polygons",1076,1006,670,1076,0.3308550185873606,0.1840148698884758,0.4879182156133829,"[{""answer_norm"": ""28"", ""n"": 588}, {""answer_norm"": ""7/4"", ""n"": 146}, {""answer_norm"": ""1 3/4"", ""n"": 61}, {""answer_norm"": ""1.75"", ""n"": 30}, {""answer_norm"": ""7"", ""n"": 28}]",validation,
43045,PSBH83,2,Fill-in-the-blank(s),Algebraic Expression,Write the equation of the line. y = Use x as your variable.,Write the equation of the line. y = Use x as your variable.,(-2/3)x-3,equation_algebra,8.EE.B.6 | 8.F.B.4,Find Slope of a Line using Similar Triangles | Use Functions to Model Relationships Between Quantities,383,381,148,383,0.608355091383812,0.1801566579634465,0.3054830287206266,"[{""answer_norm"": ""-(2/3)x-3"", ""n"": 114}, {""answer_norm"": ""-2/3x-3"", ""n"": 56}, {""answer_norm"": ""(-2/3)x-3"", ""n"": 37}, {""answer_norm"": ""-(2/3)x - 3"", ""n"": 32}, {""answer_norm"": ""-2/3x"", ""n"": 22}]",model_dev,
43208,PSBJBR,1,Fill-in-the-blank(s),Numeric,Andre picks blocks out of a bag 60 times and notes that 43 of them were green. What should Andre estimate for the probability of picking out a green block from this bag?,Andre picks blocks out of a bag 60 times and notes that 43 of them were green. What should Andre estimate for the probability of picking out a green block from this bag?,43/60,statistics_probability,7.SP.C.7b,Develop a Probability Model of a Single Event,767,739,651,767,0.1473272490221642,0.0482398956975228,0.7366362451108214,"[{""answer_norm"": ""43/60"", ""n"": 596}, {""answer_norm"": ""4/6"", ""n"": 29}, {""answer_norm"": ""13/57"", ""n"": 16}, {""answer_norm"": ""60/43"", ""n"": 8}, {""answer_norm"": ""71"", ""n"": 8}]",model_dev,
43417,PRABD8HP,1,Fill-in-the-blank(s),Numeric,A restaurant offers delivery for their pizzas. The total cost is a delivery fee added to the price of the pizzas. One customer pays $25 to have 2 pizzas delivered. Another customer pays $58 for 5 pizzas. How many pizzas are delivered to a customer who pays $80? pizzas,A restaurant offers delivery for their pizzas. The total cost is a delivery fee added to the price of the pizzas. One customer pays $25 to have 2 pizzas delivered. Another customer pays $58 for 5 pizzas. How many pizzas are delivered to a customer who pays $80? pizzas,7,ratio_percent,7.RP.A.2a,Identify Proportional Relationships,909,895,616,909,0.3047304730473047,0.1496149614961496,0.5181518151815182,"[{""answer_norm"": ""7"", ""n"": 587}, {""answer_norm"": ""6"", ""n"": 75}, {""answer_norm"": ""6.4"", ""n"": 46}, {""answer_norm"": ""8"", ""n"": 38}, {""answer_norm"": ""11"", ""n"": 23}]",model_dev,
43771,PSBJFK,1,Fill-in-the-blank(s),Algebraic Expression,"Each serving of a certain fruit snack contains 90 calories. Han wants to know how many calories he gets from the fruit snacks. Write an equation that shows the number of calories, c , in terms of the number of servings, n. c = Use n as your variable.","Each serving of a certain fruit snack contains 90 calories. Han wants to know how many calories he gets from the fruit snacks. Write an equation that shows the number of calories, c, in terms of the number of servings, n. c = Use n as your variable.",90n,equation_algebra,6.EE.C.9,Write & Analyze Relationships Between Dependent & Independent Variables,888,872,648,888,0.2601351351351351,0.0923423423423423,0.615990990990991,"[{""answer_norm"": ""90n"", ""n"": 606}, {""answer_norm"": ""n/90"", ""n"": 26}, {""answer_norm"": ""n90"", ""n"": 22}, {""answer_norm"": ""n*90"", ""n"": 19}, {""answer_norm"": ""90 n"", ""n"": 17}]",model_dev,
44115,PSBJGY,2,Fill-in-the-blank(s),Numeric,A textbook has 428 pages numbered in order starting with 1. You flip to a random page in the book in a way that it is equally likely to stop at any of the pages. What is the probability that you turn to page 45?,A textbook has 428 pages numbered in order starting with 1. You flip to a random page in the book in a way that it is equally likely to stop at any of the pages. What is the probability that you turn to page 45?,1/428,statistics_probability,7.SP.C.7a,Develop a Uniform Probabilty Model of a Single Event,292,288,231,292,0.1815068493150685,0.2226027397260274,0.702054794520548,"[{""answer_norm"": ""1/428"", ""n"": 217}, {""answer_norm"": ""45/428"", ""n"": 30}, {""answer_norm"": ""1/45"", ""n"": 7}, {""answer_norm"": ""1/2"", ""n"": 4}, {""answer_norm"": ""1/248"", ""n"": 3}]",model_dev,
44248,PSBJGY,3,Fill-in-the-blank(s),Numeric,A textbook has 428 pages numbered in order starting with 1. You flip to a random page in the book in a way that it is equally likely to stop at any of the pages. What is the probability that you turn to an even numbered page?,A textbook has 428 pages numbered in order starting with 1. You flip to a random page in the book in a way that it is equally likely to stop at any of the pages. What is the probability that you turn to an even numbered page?,214/428,statistics_probability,7.SP.C.7a,Develop a Uniform Probabilty Model of a Single Event,290,286,243,290,0.1344827586206896,0.193103448275862,0.6551724137931034,"[{""answer_norm"": ""214/428"", ""n"": 112}, {""answer_norm"": ""1/2"", ""n"": 85}, {""answer_norm"": ""214"", ""n"": 20}, {""answer_norm"": ""1/214"", ""n"": 15}, {""answer_norm"": ""50"", ""n"": 8}]",model_dev,
44380,PRABMQK7,1,Fill-in-the-blank(s),Numeric,Noah enlarged a photograph by a scale factor of 6. The area of the enlarged photo is how many times as large as the area of the original? times as many,Noah enlarged a photograph by a scale factor of 6. The area of the enlarged photo is how many times as large as the area of the original? times as many,36,ratio_percent,7.G.A.1,Solve Scale Drawing Problems,367,361,191,367,0.4795640326975476,0.0,0.3787465940054496,"[{""answer_norm"": ""36"", ""n"": 176}, {""answer_norm"": ""6"", ""n"": 103}, {""answer_norm"": ""12"", ""n"": 18}, {""answer_norm"": ""3"", ""n"": 13}, {""answer_norm"": ""2"", ""n"": 12}]",test,
44396,PSBJGY,4,Fill-in-the-blank(s),Numeric,"A textbook has 428 pages numbered in order starting with 1. You flip to a random page in the book in a way that it is equally likely to stop at any of the pages. If you repeat this experiment 50 times, about how many times do you expect you will turn to an even numbered page? times","A textbook has 428 pages numbered in order starting with 1. You flip to a random page in the book in a way that it is equally likely to stop at any of the pages. If you repeat this experiment 50 times, about how many times do you expect you will turn to an even numbered page? times",25,other,7.SP.C.7a,Develop a Uniform Probabilty Model of a Single Event,290,286,178,290,0.3517241379310344,0.3413793103448276,0.5103448275862069,"[{""answer_norm"": ""25"", ""n"": 170}, {""answer_norm"": ""1/2"", ""n"": 22}, {""answer_norm"": ""214"", ""n"": 17}, {""answer_norm"": ""10700"", ""n"": 10}, {""answer_norm"": ""25/50"", ""n"": 9}]",model_dev,
44687,PSBJJW,3,Fill-in-the-blank(s),Numeric,How many times around the park did he ride?,How many times around the park did he ride?,2,fraction,6.NS.A.1,Interpret & Compute using Division of Fractions,95,95,79,95,0.1578947368421052,0.031578947368421,0.7368421052631579,"[{""answer_norm"": ""2"", ""n"": 73}, {""answer_norm"": ""3"", ""n"": 6}, {""answer_norm"": ""4"", ""n"": 4}, {""answer_norm"": ""6"", ""n"": 2}, {""answer_norm"": ""0.5"", ""n"": 1}]",model_dev,
44926,PSBJNA,2,Fill-in-the-blank(s),Numeric,What is the total surface area of the two triangular prisms together? s quare inches,What is the total surface area of the two triangular prisms together? s quare inches,144,geometry_measurement,7.G.B.6,"Find Area, Volume & Surface Area of 2D/3D Objects",465,448,222,465,0.5204301075268817,0.2408602150537634,0.3956989247311828,"[{""answer_norm"": ""144"", ""n"": 263}, {""answer_norm"": ""188"", ""n"": 41}, {""answer_norm"": ""94"", ""n"": 31}, {""answer_norm"": ""47"", ""n"": 21}, {""answer_norm"": ""12"", ""n"": 12}]",model_dev,
45068,PSBJNT,1,Fill-in-the-blank(s),Numeric,Find ( 12 . 34 ) · ( 0 . 7 ) .,Find (12.34) * (0.7).,8.638,decimal,6.NS.B.3,"Add, Subtract, Multiply & Divide Multi-Digit Decimals",289,287,271,289,0.0622837370242214,0.0415224913494809,0.8235294117647058,"[{""answer_norm"": ""8.638"", ""n"": 244}, {""answer_norm"": ""604.2"", ""n"": 4}, {""answer_norm"": ""8.6380"", ""n"": 3}, {""answer_norm"": ""86.38"", ""n"": 3}, {""answer_norm"": ""8.38"", ""n"": 2}]",model_dev,
45097,PSBJM9,3,Fill-in-the-blank(s),Numeric,Now solve: You need 3 4 yard of ribbon for one gift box. You have 3 yards of ribbon. How many gift boxes do you have ribbon for? gift boxes,Now solve: You need 3 / 4 yard of ribbon for one gift box. You have 3 yards of ribbon. How many gift boxes do you have ribbon for? gift boxes,4,fraction,6.NS.A.1,Interpret & Compute using Division of Fractions,91,91,75,91,0.1648351648351648,0.0329670329670329,0.7582417582417582,"[{""answer_norm"": ""4"", ""n"": 75}, {""answer_norm"": ""2"", ""n"": 4}, {""answer_norm"": ""3"", ""n"": 3}, {""answer_norm"": ""6"", ""n"": 3}, {""answer_norm"": ""0.25"", ""n"": 1}]",model_dev,
45439,PSBJQG,2,Fill-in-the-blank(s),Numeric,Now find the quotient. 302 . 1 ÷ . 0 . 5,Now find the quotient. 302.1 / . 0.5,604.2,decimal,6.NS.B.3,"Add, Subtract, Multiply & Divide Multi-Digit Decimals",233,233,215,233,0.0772532188841201,0.0600858369098712,0.8412017167381974,"[{""answer_norm"": ""604.2"", ""n"": 204}, {""answer_norm"": ""151.05"", ""n"": 3}, {""answer_norm"": ""60.42"", ""n"": 3}, {""answer_norm"": ""6042"", ""n"": 3}, {""answer_norm"": ""604 1/5"", ""n"": 2}]",model_dev,
45479,PSBJQN,3,Fill-in-the-blank(s),Numeric,Now solve: How many minutes does it take to fill a 2-gallon bucket? minutes,Now solve: How many minutes does it take to fill a 2-gallon bucket? minutes,6,fraction,6.NS.A.1,Interpret & Compute using Division of Fractions,88,88,77,88,0.1022727272727272,0.0227272727272727,0.8295454545454546,"[{""answer_norm"": ""6"", ""n"": 76}, {""answer_norm"": ""2"", ""n"": 5}, {""answer_norm"": ""0.26"", ""n"": 1}, {""answer_norm"": ""1.3"", ""n"": 1}, {""answer_norm"": ""15"", ""n"": 1}]",model_dev,
45665,PSBJTA,1,Fill-in-the-blank(s),Numeric,Suppose that there are 20 numbers in a data set and that they are all different. How many of the values in this data set are between the first quartile and the third quartile?,Suppose that there are 20 numbers in a data set and that they are all different. How many of the values in this data set are between the first quartile and the third quartile?,10,statistics_probability,6.SP.B.5c,Give & Describe Quantitative Measures of Center & Variability,505,486,370,505,0.2514851485148515,0.1762376237623762,0.5346534653465347,"[{""answer_norm"": ""10"", ""n"": 304}, {""answer_norm"": ""5"", ""n"": 50}, {""answer_norm"": ""15"", ""n"": 29}, {""answer_norm"": ""20"", ""n"": 18}, {""answer_norm"": ""2"", ""n"": 17}]",validation,
45750,PSBJSY,2,Fill-in-the-blank(s),Numeric,Now find the quotient. 12 . 15 ÷ 0 . 02,Now find the quotient. 12.15 / 0.02,607.5,decimal,6.NS.B.3,"Add, Subtract, Multiply & Divide Multi-Digit Decimals",258,256,237,258,0.0813953488372093,0.0620155038759689,0.872093023255814,"[{""answer_norm"": ""607.5"", ""n"": 231}, {""answer_norm"": ""67.5"", ""n"": 3}, {""answer_norm"": ""0.243"", ""n"": 2}, {""answer_norm"": ""12.17"", ""n"": 2}, {""answer_norm"": ""607 1/2"", ""n"": 2}]",validation,
46049,PSBJUZ,2,Fill-in-the-blank(s),Numeric,Now find the quotient. 1 . 375 ÷ 0 . 11,Now find the quotient. 1.375 / 0.11,12.5,decimal,6.NS.B.3,"Add, Subtract, Multiply & Divide Multi-Digit Decimals",260,260,225,260,0.1346153846153846,0.0538461538461538,0.6423076923076924,"[{""answer_norm"": ""12.5"", ""n"": 178}, {""answer_norm"": ""1.25"", ""n"": 67}, {""answer_norm"": ""125"", ""n"": 5}, {""answer_norm"": "".605"", ""n"": 1}, {""answer_norm"": ""012.5"", ""n"": 1}]",validation,
46285,PRABTTMK,1,Fill-in-the-blank(s),Numeric,Evaluate the expression when x is 4 and y is 6. ( 6 - x ) 3 + y,Evaluate the expression when x is 4 and y is 6. ((6 - x))^3 + y,14,equation_algebra,6.EE.A.1,Write & Evaluate Numerical Expressions with Exponents,109,106,85,109,0.1926605504587156,0.2660550458715596,0.7064220183486238,"[{""answer_norm"": ""14"", ""n"": 84}, {""answer_norm"": ""64"", ""n"": 8}, {""answer_norm"": ""70"", ""n"": 4}, {""answer_norm"": ""16"", ""n"": 2}, {""answer_norm"": ""8"", ""n"": 2}]",validation,
47104,PRABPKDE,1,Fill-in-the-blank(s),Algebraic Expression,"Tyler ate x fruit snacks, and Han ate 3 4 less than that. Write an equation to represent the relationship between the number Tyler ate ( x ) and the number Han ate ( y ). y =","Tyler ate x fruit snacks, and Han ate 3 / 4 less than that. Write an equation to represent the relationship between the number Tyler ate (x) and the number Han ate (y). y =",1/4x,ratio_percent,7.RP.A.2c,Represent Proportional Relationships with Equations,198,197,194,198,0.0202020202020202,0.0,0.25,"[{""answer_norm"": ""y = 3 4 x"", ""n"": 10}, {""answer_norm"": ""y = x - 3 4"", ""n"": 6}, {""answer_norm"": ""y=3/4x"", ""n"": 5}, {""answer_norm"": ""x = 3 4 y"", ""n"": 4}, {""answer_norm"": ""x=3/4y"", ""n"": 4}]",test,
47181,PRABP94X,1,Fill-in-the-blank(s),Algebraic Expression,"Mai skated x miles, and Clare skated 3 5 farther than that. Write an equation to represent the relationship between distance Mai skated ( x ) and the distance Clare skated ( y ). y =","Mai skated x miles, and Clare skated 3 / 5 farther than that. Write an equation to represent the relationship between distance Mai skated (x) and the distance Clare skated (y). y =","8/5x, 8x/5",ratio_percent,7.RP.A.2c,Represent Proportional Relationships with Equations,194,193,191,194,0.0154639175257731,0.0,0.375,"[{""answer_norm"": ""y = 3 5 x"", ""n"": 14}, {""answer_norm"": ""x=3/5y"", ""n"": 6}, {""answer_norm"": ""y = x + 3 5"", ""n"": 5}, {""answer_norm"": ""idk"", ""n"": 4}, {""answer_norm"": ""x < y"", ""n"": 4}]",model_dev,
47523,PRABFK8X,1,Fill-in-the-blank(s),Numeric,"There are 20 pennies in a jar. If 16% of the coins in the jar are pennies, how many coins are there in the jar? coins","There are 20 pennies in a jar. If 16% of the coins in the jar are pennies, how many coins are there in the jar? coins",125,ratio_percent,6.RP.A.3c,Solve Problems Involving Percents,369,363,280,369,0.2411924119241192,0.032520325203252,0.5799457994579946,"[{""answer_norm"": ""125"", ""n"": 242}, {""answer_norm"": ""3.2"", ""n"": 20}, {""answer_norm"": ""20"", ""n"": 11}, {""answer_norm"": ""80"", ""n"": 11}, {""answer_norm"": ""1.25"", ""n"": 4}]",test,
47808,PSBJ8E,3,Fill-in-the-blank(s),Numeric,The amount of water (in liters) in tank 1 after t minutes is 30 t + 25 . The amount of water (in liters) in tank 2 after t minutes is - 20 t + 1000 . Find the time when the amount of water will be equal. minutes,The amount of water (in liters) in tank 1 after t minutes is 30 t + 25. The amount of water (in liters) in tank 2 after t minutes is - 20 t + 1000. Find the time when the amount of water will be equal. minutes,19.5,equation_algebra,8.EE.C.8c,Solve Systems of Linear Equations Word Problems,23,22,19,23,0.1739130434782608,0.0869565217391304,0.782608695652174,"[{""answer_norm"": ""19.5"", ""n"": 20}, {""answer_norm"": ""16"", ""n"": 1}, {""answer_norm"": ""19"", ""n"": 1}, {""answer_norm"": ""675"", ""n"": 1}]",model_dev,
47990,PSBJ95,1,Fill-in-the-blank(s),Numeric,What is the smallest number of faces a polyhedron can possibly have? faces,What is the smallest number of faces a polyhedron can possibly have? faces,4,geometry_measurement,6.G.A.4,Represent 3D Figures Using Nets to Find Surface Area,15,15,13,15,0.1333333333333333,0.0,0.6,"[{""answer_norm"": ""4"", ""n"": 9}, {""answer_norm"": ""3"", ""n"": 3}, {""answer_norm"": ""1"", ""n"": 1}, {""answer_norm"": ""5"", ""n"": 1}, {""answer_norm"": ""6"", ""n"": 1}]",model_dev,
48123,PRABGZFX,1,Fill-in-the-blank(s),Numeric,A square has side length 7 in. What is its area? square inches,A square has side length 7 in. What is its area? square inches,49,equation_algebra,6.EE.A.1,Write & Evaluate Numerical Expressions with Exponents,38,38,24,38,0.3684210526315789,0.0526315789473684,0.6052631578947368,"[{""answer_norm"": ""49"", ""n"": 26}, {""answer_norm"": ""28"", ""n"": 4}, {""answer_norm"": ""14"", ""n"": 2}, {""answer_norm"": ""21"", ""n"": 1}, {""answer_norm"": ""3"", ""n"": 1}]",model_dev,
48302,PRABGZFY,1,Fill-in-the-blank(s),Numeric,The area of a square is 64 sq cm. What is its side length? centimeters,The area of a square is 64 sq cm. What is its side length? centimeters,8,equation_algebra,6.EE.A.1,Write & Evaluate Numerical Expressions with Exponents,37,37,27,37,0.2702702702702703,0.081081081081081,0.6486486486486487,"[{""answer_norm"": ""8"", ""n"": 28}, {""answer_norm"": ""12.8"", ""n"": 1}, {""answer_norm"": ""14"", ""n"": 1}, {""answer_norm"": ""16"", ""n"": 1}, {""answer_norm"": ""2"", ""n"": 1}]",model_dev,
48374,PRABQMPN,1,Fill-in-the-blank(s),Numeric,Diego had $21.32 and gave $9.50 to Elena. How much did he have left? $,Diego had $21.32 and gave $9.50 to Elena. How much did he have left? $,11.82,ratio_percent,5.NBT.B.7,Compute Decimal Problems Involving All 4 Operations,34,34,32,34,0.0588235294117647,0.0,0.7058823529411765,"[{""answer_norm"": ""11.82"", ""n"": 25}, {""answer_norm"": ""30.82"", ""n"": 6}, {""answer_norm"": ""11.88"", ""n"": 1}, {""answer_norm"": ""122.50"", ""n"": 1}, {""answer_norm"": ""63"", ""n"": 1}]",validation,
48585,PRABGZF3,1,Fill-in-the-blank(s),Numeric,A cube has side length of 4 cm. What is its volume? cubic cm,A cube has side length of 4 cm. What is its volume? cubic cm,64,geometry_measurement,5.MD.C.5a,Find the Volume of a Rectangular Prism Without a Formula,40,40,23,40,0.375,0.225,0.4,"[{""answer_norm"": ""64"", ""n"": 18}, {""answer_norm"": ""16"", ""n"": 11}, {""answer_norm"": ""4"", ""n"": 4}, {""answer_norm"": ""12"", ""n"": 3}, {""answer_norm"": ""180"", ""n"": 1}]",model_dev,
48612,PSBKEG,2,Fill-in-the-blank(s),Numeric,What value of d makes the equation true? 12 + d = - 4 . 8 d =,What value of d makes the equation true? 12 + d = - 4.8 d =,-16.8,ratio_percent,7.NS.A.3 | 7.EE.B.4a,Solve Applied Problems Involving All Operations of Rational Numbers | Solve 2-Step Equations,113,112,73,113,0.3451327433628318,0.0088495575221238,0.495575221238938,"[{""answer_norm"": ""-16.8"", ""n"": 71}, {""answer_norm"": ""16.8"", ""n"": 19}, {""answer_norm"": ""-7.2"", ""n"": 8}, {""answer_norm"": ""12"", ""n"": 2}, {""answer_norm"": ""7.2"", ""n"": 2}]",test,
48762,PRABGZF4,1,Fill-in-the-blank(s),Numeric,A cube has side length of 10 inches. What is its volume? cubic inches,A cube has side length of 10 inches. What is its volume? cubic inches,"1,000",geometry_measurement,5.MD.C.5b,Find the Volume of a Rectangular Prism With a Formula,38,38,26,38,0.2631578947368421,0.2631578947368421,0.5263157894736842,"[{""answer_norm"": ""1000"", ""n"": 15}, {""answer_norm"": ""1,000"", ""n"": 7}, {""answer_norm"": ""100"", ""n"": 4}, {""answer_norm"": ""30"", ""n"": 3}, {""answer_norm"": ""40"", ""n"": 3}]",model_dev,
48838,PSBKFE,2,Fill-in-the-blank(s),Numeric,"Noah raised $54 to support the animal shelter, which is 60% of his fundraising goal. What is Noah’s fundraising goal? $","Noah raised $54 to support the animal shelter, which is 60% of his fundraising goal. What is Noah’s fundraising goal? $",90,equation_algebra,6.EE.B.7,Write & Solve 1-Step Equations,363,344,264,363,0.2424242424242424,0.1487603305785124,0.6446280991735537,"[{""answer_norm"": ""90"", ""n"": 264}, {""answer_norm"": ""32.4"", ""n"": 18}, {""answer_norm"": ""75.6"", ""n"": 6}, {""answer_norm"": ""0.9"", ""n"": 5}, {""answer_norm"": ""54"", ""n"": 4}]",model_dev,
48967,PRABGZF5,1,Fill-in-the-blank(s),Algebraic Expression,A cube has side length of s units. What is its volume? cubic units,A cube has side length of s units. What is its volume? cubic units,sss,equation_algebra,5.MD.C.5a,Find the Volume of a Rectangular Prism Without a Formula,34,34,19,34,0.4411764705882353,0.2058823529411764,0.4705882352941176,"[{""answer_norm"": ""s^3"", ""n"": 16}, {""answer_norm"": ""s*s*s"", ""n"": 12}, {""answer_norm"": ""5^s"", ""n"": 1}, {""answer_norm"": ""s"", ""n"": 1}, {""answer_norm"": ""s*s*ss"", ""n"": 1}]",model_dev,
49232,PSBKG8,4,Fill-in-the-blank(s),Numeric,What value makes sense for the slope of the line that represents the amounts on Han’s fare card in July?,What value makes sense for the slope of the line that represents the amounts on Han’s fare card in July?,0,functions_graphs,8.EE.B.6,Find Slope of a Line using Similar Triangles,37,37,33,37,0.1081081081081081,0.054054054054054,0.8648648648648649,"[{""answer_norm"": ""0"", ""n"": 33}, {""answer_norm"": ""0/5"", ""n"": 1}, {""answer_norm"": ""2.5"", ""n"": 1}, {""answer_norm"": ""20"", ""n"": 1}, {""answer_norm"": ""8"", ""n"": 1}]",model_dev,
50795,PSBKVV,1,Fill-in-the-blank(s),Numeric,The price of a pair of earrings is $22 but Priya buys them on sale for $13.20. By how much was the price discounted? $,The price of a pair of earrings is $22 but Priya buys them on sale for $13.20. By how much was the price discounted? $,8.8,ratio_percent,7.RP.A.3,Use Proportional Relationships to Solve Ratio & Percent Problems,1067,1061,783,1067,0.2614807872539831,0.0337394564198687,0.5782567947516402,"[{""answer_norm"": ""8.80"", ""n"": 588}, {""answer_norm"": ""8.8"", ""n"": 151}, {""answer_norm"": ""40"", ""n"": 133}, {""answer_norm"": ""60"", ""n"": 38}, {""answer_norm"": ""6"", ""n"": 9}]",test,
51822,PRABH67F,1,Fill-in-the-blank(s),Numeric,Instructions to care for a plant say to water it with 3 4 cup of water every day. The plant has been getting 25% too much water. How much water has the plant been getting? cup(s) of water,Instructions to care for a plant say to water it with 3 / 4 cup of water every day. The plant has been getting 25% too much water. How much water has the plant been getting? cup(s) of water,15/16,ratio_percent,7.RP.A.3,Use Proportional Relationships to Solve Ratio & Percent Problems,97,93,49,97,0.4948453608247423,0.3092783505154639,0.3298969072164948,"[{""answer_norm"": ""15/16"", ""n"": 35}, {""answer_norm"": ""1"", ""n"": 10}, {""answer_norm"": ""0.9375"", ""n"": 8}, {""answer_norm"": ""15/4"", ""n"": 5}, {""answer_norm"": ""4/4"", ""n"": 5}]",model_dev,
51938,PRABH67G,1,Fill-in-the-blank(s),Numeric,The pressure on a bicycle tire is 63 psi. This is 5% higher than what the manual says is the correct pressure. What is the correct pressure? psi,The pressure on a bicycle tire is 63 psi. This is 5% higher than what the manual says is the correct pressure. What is the correct pressure? psi,60,ratio_percent,7.RP.A.3,Use Proportional Relationships to Solve Ratio & Percent Problems,103,99,59,103,0.4271844660194174,0.2621359223300971,0.4368932038834951,"[{""answer_norm"": ""60"", ""n"": 63}, {""answer_norm"": ""59.85"", ""n"": 15}, {""answer_norm"": ""3.15"", ""n"": 4}, {""answer_norm"": ""1.05"", ""n"": 2}, {""answer_norm"": ""31.5"", ""n"": 2}]",model_dev,
52062,PRABH67H,1,Fill-in-the-blank(s),Numeric,"The crowd at a sporting event is estimated to be 3,000 people. The exact attendance is 2,486 people. What is the percent error ? %. Round to the nearest whole percent.","The crowd at a sporting event is estimated to be 3,000 people. The exact attendance is 2,486 people. What is the percent error? %. Round to the nearest whole percent.",21,ratio_percent,7.RP.A.3,Use Proportional Relationships to Solve Ratio & Percent Problems,92,84,25,92,0.7282608695652174,0.4891304347826087,0.2065217391304347,"[{""answer_norm"": ""0.21"", ""n"": 33}, {""answer_norm"": ""0.56"", ""n"": 11}, {""answer_norm"": ""0.6"", ""n"": 9}, {""answer_norm"": "".21"", ""n"": 4}, {""answer_norm"": ""14"", ""n"": 4}]",test,
52069,PSBKZ4,1,Fill-in-the-blank(s),Numeric,"A right triangle has sides of length 3, 4, and x . Find x if it is the hypotenuse. x =","A right triangle has sides of length 3, 4, and x. Find x if it is the hypotenuse. x =",5,geometry_measurement,8.G.B.7,Apply the Pythagorean Theorem to 2D & 3D FIgures,262,260,192,262,0.2442748091603053,0.148854961832061,0.648854961832061,"[{""answer_norm"": ""5"", ""n"": 209}, {""answer_norm"": ""25"", ""n"": 20}, {""answer_norm"": ""7"", ""n"": 8}, {""answer_norm"": ""4"", ""n"": 3}, {""answer_norm"": ""12"", ""n"": 2}]",model_dev,
53735,PSBMBT,2,Fill-in-the-blank(s),Numeric,Use any method to find the value for x that makes the equation true. x =,Use any method to find the value for x that makes the equation true. x =,32,equation_algebra,7.EE.B.4a,Solve 2-Step Equations,93,92,74,93,0.2043010752688172,0.032258064516129,0.7096774193548387,"[{""answer_norm"": ""32"", ""n"": 76}, {""answer_norm"": ""0"", ""n"": 2}, {""answer_norm"": ""114"", ""n"": 2}, {""answer_norm"": ""36"", ""n"": 2}, {""answer_norm"": ""96"", ""n"": 2}]",model_dev,
54008,PSBMBT,4,Fill-in-the-blank(s),Numeric,Use any method to find the value for y that makes the equation true. y =,Use any method to find the value for y that makes the equation true. y =,20,equation_algebra,7.EE.B.4a,Solve 2-Step Equations,92,91,68,92,0.2608695652173913,0.0652173913043478,0.6521739130434783,"[{""answer_norm"": ""20"", ""n"": 70}, {""answer_norm"": ""32"", ""n"": 5}, {""answer_norm"": ""14"", ""n"": 2}, {""answer_norm"": ""38"", ""n"": 2}, {""answer_norm"": ""60"", ""n"": 2}]",model_dev,
54202,PRABQBHC,1,Fill-in-the-blank(s),Numeric,"Your teacher will give you 1 square and some small, medium, and large right triangles. The area of the square is 1 square unit. Find a way to use all of the pieces to compose a single large square. What is the area of this large square? square units","Your teacher will give you 1 square and some small, medium, and large right triangles. The area of the square is 1 square unit. Find a way to use all of the pieces to compose a single large square. What is the area of this large square? square units",8,geometry_measurement,3.MD.C.7a,Find the Area of a Rectangle by Tiling,4,4,3,4,0.25,0.0,0.0,"[{""answer_norm"": ""1/2"", ""n"": 1}, {""answer_norm"": ""2"", ""n"": 1}, {""answer_norm"": ""213"", ""n"": 1}, {""answer_norm"": ""41/2"", ""n"": 1}]",validation,
54317,PSBMFR,1,Fill-in-the-blank(s),Numeric,3 7 of the students in a school are in sixth grade. How many sixth graders are there if the school has 70 students? sixth graders,3 / 7 of the students in a school are in sixth grade. How many sixth graders are there if the school has 70 students? sixth graders,30,equation_algebra,6.EE.B.6 | 6.EE.B.7,Write Expressions with Variables to Solve Problems | Write & Solve 1-Step Equations,65,65,65,65,0.0,0.0,0.7538461538461538,"[{""answer_norm"": ""30"", ""n"": 48}, {""answer_norm"": ""25"", ""n"": 2}, {""answer_norm"": ""40"", ""n"": 2}, {""answer_norm"": ""0.00612"", ""n"": 1}, {""answer_norm"": ""10"", ""n"": 1}]",model_dev,
54349,PSBMDX,2,Fill-in-the-blank(s),Numeric,What is the perimeter after step 3? units,What is the perimeter after step 3? units,5 1/3,equation_algebra,7.EE.B.4a,Solve 2-Step Equations,4,4,2,4,0.5,0.0,0.25,"[{""answer_norm"": ""5.33"", ""n"": 2}, {""answer_norm"": ""5.2"", ""n"": 1}, {""answer_norm"": ""9.66"", ""n"": 1}]",validation,
54441,PSBMFR,2,Fill-in-the-blank(s),Numeric,How many sixth graders are there if the school has 28 students? sixth graders,How many sixth graders are there if the school has 28 students? sixth graders,12,equation_algebra,6.EE.B.6 | 6.EE.B.7,Write Expressions with Variables to Solve Problems | Write & Solve 1-Step Equations,64,64,63,64,0.015625,0.0,0.59375,"[{""answer_norm"": ""12"", ""n"": 38}, {""answer_norm"": ""14"", ""n"": 2}, {""answer_norm"": ""18"", ""n"": 2}, {""answer_norm"": ""20"", ""n"": 2}, {""answer_norm"": ""7"", ""n"": 2}]",model_dev,
54666,PSBMFR,4,Fill-in-the-blank(s),Numeric,How many students are in the school in 63 of them are sixth graders? students,How many students are in the school in 63 of them are sixth graders? students,147,equation_algebra,6.EE.B.6 | 6.EE.B.7,Write Expressions with Variables to Solve Problems | Write & Solve 1-Step Equations,62,62,61,62,0.0161290322580645,0.0,0.3225806451612903,"[{""answer_norm"": ""147"", ""n"": 20}, {""answer_norm"": ""27"", ""n"": 11}, {""answer_norm"": ""21"", ""n"": 3}, {""answer_norm"": ""84"", ""n"": 2}, {""answer_norm"": ""9"", ""n"": 2}]",model_dev,
55067,PSBMJB,3,Fill-in-the-blank(s),Numeric,45% of c is 72. Find the value of c . c =,45% of c is 72. Find the value of c. c =,160,ratio_percent,6.RP.A.3c | 6.EE.B.7,Solve Problems Involving Percents | Write & Solve 1-Step Equations,60,60,57,60,0.05,0.0,0.45,"[{""answer_norm"": ""160"", ""n"": 28}, {""answer_norm"": ""32.4"", ""n"": 9}, {""answer_norm"": ""8"", ""n"": 2}, {""answer_norm"": ""?"", ""n"": 2}, {""answer_norm"": ""0.0625"", ""n"": 1}]",test,
55154,PSBMK9,1,Fill-in-the-blank(s),Numeric,Find a value of x that makes the equation true: - ( - 2 x + 1 ) = 9 − 14 x x =,Find a value of x that makes the equation true: - (- 2 x + 1) = 9 - 14 x x =,8-May,ratio_percent,8.EE.C.7b,Solve Multi-Step Linear Equations with Rational Number Coefficients,637,628,437,637,0.3124018838304552,0.1459968602825745,0.6106750392464678,"[{""answer_norm"": ""5/8"", ""n"": 406}, {""answer_norm"": ""0.625"", ""n"": 51}, {""answer_norm"": ""10/16"", ""n"": 35}, {""answer_norm"": ""1.6"", ""n"": 18}, {""answer_norm"": "".625"", ""n"": 14}]",model_dev,
55569,PRABEUGX,1,Fill-in-the-blank(s),Numeric,Solve the equation. ( 8 . 5 ) · ( - 3 ) = a a =,Solve the equation. (8.5) * (- 3) = a a =,-25.5,ratio_percent,7.NS.A.2c,Apply Properties of Operations to Multiply/Divide Rational Numbers,1807,1753,1618,1807,0.1029330381848367,0.0664084117321527,0.7570558937465413,"[{""answer_norm"": ""-25.5"", ""n"": 1442}, {""answer_norm"": ""25.5"", ""n"": 194}, {""answer_norm"": ""5.5"", ""n"": 20}, {""answer_norm"": ""-22.5"", ""n"": 9}, {""answer_norm"": ""-25"", ""n"": 7}]",model_dev,
55829,PRABMSHZ,1,Fill-in-the-blank(s),Numeric,Solve the equation. ( - 7 ) + b = ( - 11 ) b =,Solve the equation. (- 7) + b = (- 11) b =,-4,equation_algebra,7.EE.B.4a,Solve 2-Step Equations,1826,1769,1648,1826,0.0963855421686747,0.0104052573932092,0.7480832420591457,"[{""answer_norm"": ""-4"", ""n"": 1438}, {""answer_norm"": ""4"", ""n"": 212}, {""answer_norm"": ""-3"", ""n"": 50}, {""answer_norm"": ""-18"", ""n"": 19}, {""answer_norm"": ""3"", ""n"": 16}]",model_dev,
56136,PRABMSH2,1,Fill-in-the-blank(s),Numeric,Solve the equation. c - ( - 3 ) = 15 c =,Solve the equation. c - (- 3) = 15 c =,12,equation_algebra,7.EE.B.4a,Solve 2-Step Equations,1823,1768,1505,1823,0.172243554580362,0.0137136588041689,0.6516730663741086,"[{""answer_norm"": ""12"", ""n"": 1259}, {""answer_norm"": ""18"", ""n"": 290}, {""answer_norm"": ""-12"", ""n"": 60}, {""answer_norm"": ""-5"", ""n"": 52}, {""answer_norm"": ""-18"", ""n"": 50}]",model_dev,
56163,PSBMSN,3,Fill-in-the-blank(s),Numeric,Solve the equation you wrote. x =,Solve the equation you wrote. x =,11.6,equation_algebra,6.EE.B.7,Write & Solve 1-Step Equations,58,58,57,58,0.0172413793103448,0.0,0.6724137931034483,"[{""answer_norm"": ""11.6"", ""n"": 39}, {""answer_norm"": ""19"", ""n"": 3}, {""answer_norm"": ""0"", ""n"": 1}, {""answer_norm"": ""11.60"", ""n"": 1}, {""answer_norm"": ""15"", ""n"": 1}]",model_dev,
56172,PRABETDK,1,Fill-in-the-blank(s),Numeric,"On a hot day, a football team drank an entire 50-gallon cooler of water and half as much again. How much water did they drink? gallons of water","On a hot day, a football team drank an entire 50-gallon cooler of water and half as much again. How much water did they drink? gallons of water",75,ratio_percent,7.RP.A.2a,Identify Proportional Relationships,1914,1822,1650,1914,0.1368861024033437,0.0454545454545454,0.800417972831766,"[{""answer_norm"": ""75"", ""n"": 1664}, {""answer_norm"": ""25"", ""n"": 94}, {""answer_norm"": ""100"", ""n"": 39}, {""answer_norm"": ""50"", ""n"": 17}, {""answer_norm"": ""8"", ""n"": 6}]",model_dev,
56457,PRABMSH3,1,Fill-in-the-blank(s),Numeric,Solve the equation. d · ( - 4 ) = 32 d =,Solve the equation. d * (- 4) = 32 d =,-8,equation_algebra,7.EE.B.4a,Solve 2-Step Equations,1816,1767,1623,1816,0.1051762114537444,0.0066079295154185,0.7648678414096917,"[{""answer_norm"": ""-8"", ""n"": 1475}, {""answer_norm"": ""8"", ""n"": 167}, {""answer_norm"": ""28"", ""n"": 32}, {""answer_norm"": ""36"", ""n"": 13}, {""answer_norm"": ""12"", ""n"": 10}]",model_dev,
56590,PRABMR8A,1,Fill-in-the-blank(s),Numeric,Jada has 12 library books checked out and Han has 1 3 less than that. How many books does Han have checked out? books,Jada has 12 library books checked out and Han has 1 / 3 less than that. How many books does Han have checked out? books,8,ratio_percent,7.RP.A.2a,Identify Proportional Relationships,1836,1751,1354,1836,0.2592592592592592,0.0163398692810457,0.5735294117647058,"[{""answer_norm"": ""8"", ""n"": 1196}, {""answer_norm"": ""4"", ""n"": 374}, {""answer_norm"": ""9"", ""n"": 51}, {""answer_norm"": ""36"", ""n"": 45}, {""answer_norm"": ""3"", ""n"": 16}]",validation,
57624,PRABJWEE,1,Fill-in-the-blank(s),Numeric,A wood floor is made by laying multiple boards end to end. Each board is measured with a maximum percent error of 5%. What is the maximum percent error for the total length of the floor? %,A wood floor is made by laying multiple boards end to end. Each board is measured with a maximum percent error of 5%. What is the maximum percent error for the total length of the floor? %,5,ratio_percent,7.RP.A.3,Use Proportional Relationships to Solve Ratio & Percent Problems,2,2,1,2,0.5,0.0,0.5,"[{""answer_norm"": ""5"", ""n"": 2}]",model_dev,
57665,PRABHNCG,1,Fill-in-the-blank(s),Numeric,"A large bucket holds 5 gallons of water, which is about the same as 19 liters of water. A small bucket holds 2 gallons of water. About how many liters does it hold? liters","A large bucket holds 5 gallons of water, which is about the same as 19 liters of water. A small bucket holds 2 gallons of water. About how many liters does it hold? liters",7.6,ratio_percent,6.RP.A.3d,Use Ratios to Convert Measurement Units,436,402,305,436,0.2752293577981651,0.1949541284403669,0.5481651376146789,"[{""answer_norm"": ""7.6"", ""n"": 260}, {""answer_norm"": ""8"", ""n"": 16}, {""answer_norm"": ""7"", ""n"": 13}, {""answer_norm"": ""7.5"", ""n"": 11}, {""answer_norm"": ""9.5"", ""n"": 11}]",model_dev,
58041,PSBM5G,1,Fill-in-the-blank(s),Numeric,Evaluate 5 3 ⋅ 2 3 .,Evaluate 5^(3) * 2^(3).,"1,000",other,8.EE.A.1,Know & Apply Properties of Exponents,11,11,10,11,0.0,0.0909090909090909,0.9090909090909092,"[{""answer_norm"": ""1000"", ""n"": 10}, {""answer_norm"": ""9"", ""n"": 1}]",test,
58180,PSBM5G,2,Fill-in-the-blank(s),Numeric,Evaluate 10 3 .,Evaluate 10^(3).,"1,000",other,8.EE.A.1,Know & Apply Properties of Exponents,11,11,11,11,0.0,0.0,1.0,"[{""answer_norm"": ""1000"", ""n"": 11}]",test,
58527,PRABKAHJ,1,Fill-in-the-blank(s),Numeric,"What is the volume of a giant cube that measures 10,000 km on each side? km 3","What is the volume of a giant cube that measures 10,000 km on each side? km^(3)",1E+12,ratio_percent,8.EE.A.4,Apply Scientific Notation Operations,12,12,5,12,0.5833333333333334,0.75,0.3333333333333333,"[{""answer_norm"": ""1000000000000"", ""n"": 5}, {""answer_norm"": ""1,000,000,000,000"", ""n"": 1}, {""answer_norm"": ""100"", ""n"": 1}, {""answer_norm"": ""100000"", ""n"": 1}, {""answer_norm"": ""10000000"", ""n"": 1}]",model_dev,
59778,PSBNGY,1,Fill-in-the-blank(s),Numeric,A sports drink recipe calls for 5 3 tablespoons of powdered drink mix for every 12 ounces of water. How many batches can you make with 5 tablespoons of drink mix and 36 ounces of water? batches,A sports drink recipe calls for 5 / 3 tablespoons of powdered drink mix for every 12 ounces of water. How many batches can you make with 5 tablespoons of drink mix and 36 ounces of water? batches,3,ratio_percent,6.RP.A.3a,Create Tables to Compare Equivalent Ratios,821,812,587,821,0.2667478684531059,0.1157125456760048,0.6297198538367844,"[{""answer_norm"": ""3"", ""n"": 639}, {""answer_norm"": ""5"", ""n"": 32}, {""answer_norm"": ""36"", ""n"": 19}, {""answer_norm"": ""4"", ""n"": 11}, {""answer_norm"": ""180"", ""n"": 8}]",test,
60703,PSBNM4,1,Fill-in-the-blank(s),Numeric,One way to compute a 20% discount is to multiply the price by 0.20. The price of a pair of sneakers is $84.50. Calculate the discount. $,One way to compute a 20% discount is to multiply the price by 0.20. The price of a pair of sneakers is $84.50. Calculate the discount. $,16.9,decimal,6.NS.B.3,"Add, Subtract, Multiply & Divide Multi-Digit Decimals",79,68,79,79,0.0,0.0,0.6455696202531646,"[{""answer_norm"": ""16.9"", ""n"": 26}, {""answer_norm"": ""16.90"", ""n"": 18}, {""answer_norm"": ""16.9000"", ""n"": 7}, {""answer_norm"": ""67.6"", ""n"": 3}, {""answer_norm"": ""169.0000"", ""n"": 2}]",model_dev,
61003,PSBNPV,1,Fill-in-the-blank(s),Numeric,"An elevator travels 310 feet in 10 seconds. At that speed, how far can this elevator travel in 12 seconds? feet","An elevator travels 310 feet in 10 seconds. At that speed, how far can this elevator travel in 12 seconds? feet",372,ratio_percent,6.RP.A.3b,Solve Unit Rate Problems,1421,1372,1183,1421,0.1470795214637579,0.0893736805066854,0.7304714989444053,"[{""answer_norm"": ""372"", ""n"": 1118}, {""answer_norm"": ""31"", ""n"": 49}, {""answer_norm"": ""396"", ""n"": 17}, {""answer_norm"": ""312"", ""n"": 12}, {""answer_norm"": ""375"", ""n"": 10}]",model_dev,
61213,PSBNQH,1,Fill-in-the-blank(s),Numeric,Lin deposited $300 in a savings account that has a 2% interest rate per year. How much is in her account after 1 year? $,Lin deposited $300 in a savings account that has a 2% interest rate per year. How much is in her account after 1 year? $,306,ratio_percent,7.RP.A.3,Use Proportional Relationships to Solve Ratio & Percent Problems,58,58,41,58,0.293103448275862,0.0,0.5172413793103449,"[{""answer_norm"": ""306"", ""n"": 36}, {""answer_norm"": ""294"", ""n"": 3}, {""answer_norm"": ""150"", ""n"": 2}, {""answer_norm"": ""312.12"", ""n"": 2}, {""answer_norm"": ""6"", ""n"": 2}]",validation,
61289,PSBNQH,2,Fill-in-the-blank(s),Numeric,Lin deposited $300 in a savings account that has a 2% interest rate per year. How much is in her account after 2 years? $,Lin deposited $300 in a savings account that has a 2% interest rate per year. How much is in her account after 2 years? $,312.12,ratio_percent,7.RP.A.3,Use Proportional Relationships to Solve Ratio & Percent Problems,58,58,29,58,0.5,0.0,0.3103448275862069,"[{""answer_norm"": ""312.12"", ""n"": 24}, {""answer_norm"": ""312"", ""n"": 15}, {""answer_norm"": ""318.24"", ""n"": 9}, {""answer_norm"": ""400"", ""n"": 2}, {""answer_norm"": ""612"", ""n"": 2}]",validation,
61363,PSBNSD,1,Fill-in-the-blank(s),Numeric,"Han earns $33.00 for babysitting 4 hours. At this rate, how much will he earn if he babysits for 7 hours? $","Han earns $33.00 for babysitting 4 hours. At this rate, how much will he earn if he babysits for 7 hours? $",57.75,ratio_percent,6.RP.A.3b,Solve Unit Rate Problems,1404,1356,1168,1404,0.1445868945868945,0.0997150997150997,0.7428774928774928,"[{""answer_norm"": ""57.75"", ""n"": 1107}, {""answer_norm"": ""8.25"", ""n"": 28}, {""answer_norm"": ""231"", ""n"": 25}, {""answer_norm"": ""56"", ""n"": 6}, {""answer_norm"": ""5775"", ""n"": 6}]",test,
61531,PRABETV3,1,Fill-in-the-blank(s),Numeric,"The price of an ice cream cone is $3.25, but it costs $3.51 with tax. What is the sales tax rate? %","The price of an ice cream cone is $3.25, but it costs $3.51 with tax. What is the sales tax rate? %",8,ratio_percent,7.RP.A.3,Use Proportional Relationships to Solve Ratio & Percent Problems,1384,1359,818,1384,0.407514450867052,0.1445086705202312,0.4841040462427746,"[{""answer_norm"": ""8"", ""n"": 821}, {""answer_norm"": ""26"", ""n"": 63}, {""answer_norm"": ""0.26"", ""n"": 48}, {""answer_norm"": ""1.08"", ""n"": 48}, {""answer_norm"": "".26"", ""n"": 36}]",validation,
61624,PRABFFZH,1,Fill-in-the-blank(s),Numeric,Solve the equation. 3 1 4 = 1 2 + w w =,Solve the equation. 3 1 / 4 = 1 / 2 + w w =,2 3/4,equation_algebra,6.EE.B.7,Write & Solve 1-Step Equations,1499,1476,1167,1499,0.2148098732488325,0.1200800533689126,0.6457638425617078,"[{""answer_norm"": ""2 3/4"", ""n"": 787}, {""answer_norm"": ""2.75"", ""n"": 146}, {""answer_norm"": ""11/4"", ""n"": 140}, {""answer_norm"": ""3"", ""n"": 22}, {""answer_norm"": ""6"", ""n"": 22}]",model_dev,
61761,PSBNUC,1,Fill-in-the-blank(s),Numeric,"The cost of 5 cans of dog food is $4.35. At this price, how much do 11 cans of dog food cost? $","The cost of 5 cans of dog food is $4.35. At this price, how much do 11 cans of dog food cost? $",9.57,ratio_percent,6.RP.A.3b,Solve Unit Rate Problems,1311,1265,1077,1311,0.1594202898550724,0.0976353928299008,0.7078565980167811,"[{""answer_norm"": ""9.57"", ""n"": 1018}, {""answer_norm"": ""9.75"", ""n"": 31}, {""answer_norm"": ""47.85"", ""n"": 25}, {""answer_norm"": ""0.87"", ""n"": 15}, {""answer_norm"": ""957"", ""n"": 11}]",model_dev,
62040,PRABQM3T,1,Fill-in-the-blank(s),Numeric,"For part of a recipe, Jada adds 0.35 milliliters of vanilla extract to 16.4 milliliters of milk. How many milliliters does the mixture contain? millimeters","For part of a recipe, Jada adds 0.35 milliliters of vanilla extract to 16.4 milliliters of milk. How many milliliters does the mixture contain? millimeters",16.75,decimal,6.NS.B.3,"Add, Subtract, Multiply & Divide Multi-Digit Decimals",81,70,81,81,0.0,0.0,0.8024691358024691,"[{""answer_norm"": ""16.75"", ""n"": 65}, {""answer_norm"": ""5.74"", ""n"": 2}, {""answer_norm"": ""0.199"", ""n"": 1}, {""answer_norm"": ""0.35"", ""n"": 1}, {""answer_norm"": ""1.99"", ""n"": 1}]",test,
62166,PSBNWN,1,Fill-in-the-blank(s),Numeric,"A restaurant has 26 tables in its dining room. It takes the waitstaff 10 minutes to clear and set 4 tables. At this rate, how long will it take the waitstaff to clear and set all the tables in the dining room? minutes","A restaurant has 26 tables in its dining room. It takes the waitstaff 10 minutes to clear and set 4 tables. At this rate, how long will it take the waitstaff to clear and set all the tables in the dining room? minutes",65,ratio_percent,6.RP.A.3b,Solve Unit Rate Problems,1246,1227,944,1246,0.2046548956661316,0.1380417335473515,0.651685393258427,"[{""answer_norm"": ""65"", ""n"": 888}, {""answer_norm"": ""10.4"", ""n"": 59}, {""answer_norm"": ""60"", ""n"": 34}, {""answer_norm"": ""6.5"", ""n"": 24}, {""answer_norm"": ""65.0"", ""n"": 21}]",validation,
62350,PRABETNG,1,Fill-in-the-blank(s),Numeric,"A shopper bought a watermelon, a pack of napkins, and some paper plates. In his state, there is no tax on food. The tax rate on non-food items is 5%. The total for the three items he bought was $8.25 before tax, and he paid $0.19 in tax. How much did the watermelon cost? $","A shopper bought a watermelon, a pack of napkins, and some paper plates. In his state, there is no tax on food. The tax rate on non-food items is 5%. The total for the three items he bought was $8.25 before tax, and he paid $0.19 in tax. How much did the watermelon cost? $",4.45,ratio_percent,7.RP.A.3,Use Proportional Relationships to Solve Ratio & Percent Problems,1203,1184,586,1203,0.5112219451371571,0.1762261014131338,0.4123025768911055,"[{""answer_norm"": ""4.45"", ""n"": 774}, {""answer_norm"": ""8.44"", ""n"": 55}, {""answer_norm"": ""2.75"", ""n"": 42}, {""answer_norm"": ""3.80"", ""n"": 33}, {""answer_norm"": ""8.06"", ""n"": 23}]",model_dev,
62493,PRABJFRR,1,Fill-in-the-blank(s),Numeric,Diego wants to sell his bicycle. It cost $150 when he bought it but has depreciated by 15%. How much should he sell it for? $,Diego wants to sell his bicycle. It cost $150 when he bought it but has depreciated by 15%. How much should he sell it for? $,127.5,ratio_percent,7.RP.A.3,Use Proportional Relationships to Solve Ratio & Percent Problems,19,19,19,19,0.0,0.0,0.8421052631578947,"[{""answer_norm"": ""127.5"", ""n"": 8}, {""answer_norm"": ""127.50"", ""n"": 8}, {""answer_norm"": ""113.5"", ""n"": 1}, {""answer_norm"": ""135"", ""n"": 1}, {""answer_norm"": ""140"", ""n"": 1}]",model_dev,
62539,PSBN3A,1,Fill-in-the-blank(s),Numeric,"A sandwich shop serves 4 ounces of meat and 3 ounces of cheese on each sandwich. After making sandwiches for an hour, the shop owner has used 91 combined ounces of meat and cheese. How many combined ounces of meat and cheese are used on each sandwich? ounces","A sandwich shop serves 4 ounces of meat and 3 ounces of cheese on each sandwich. After making sandwiches for an hour, the shop owner has used 91 combined ounces of meat and cheese. How many combined ounces of meat and cheese are used on each sandwich? ounces",7,ratio_percent,6.RP.A.3b,Solve Unit Rate Problems,1128,1118,807,1128,0.2340425531914893,0.0975177304964539,0.5558510638297872,"[{""answer_norm"": ""7"", ""n"": 748}, {""answer_norm"": ""13"", ""n"": 174}, {""answer_norm"": ""91"", ""n"": 26}, {""answer_norm"": ""12"", ""n"": 23}, {""answer_norm"": ""637"", ""n"": 15}]",model_dev,
62644,PRABFFJX,1,Fill-in-the-blank(s),Numeric,Find the quotient. 3 1107,Find the quotient. 3 1107,369,whole_number_arithmetic,6.NS.B.2,Divide Multi-Digit Whole Numbers,222,219,212,222,0.045045045045045,0.045045045045045,0.8603603603603603,"[{""answer_norm"": ""369"", ""n"": 196}, {""answer_norm"": ""0369"", ""n"": 3}, {""answer_norm"": ""363"", ""n"": 2}, {""answer_norm"": ""367"", ""n"": 2}, {""answer_norm"": ""969"", ""n"": 2}]",model_dev,
63146,PSBN47,1,Fill-in-the-blank(s),Algebraic Expression,"Jada is buying notebooks for school. The cost of each notebook is $1.75. Write an equation that shows the cost of Jada’s notebooks, c , in terms of the number of notebooks, n , that she buys. c = Use n as your variable.","Jada is buying notebooks for school. The cost of each notebook is $1.75. Write an equation that shows the cost of Jada’s notebooks, c, in terms of the number of notebooks, n, that she buys. c = Use n as your variable.",1.75n,equation_algebra,6.EE.C.9,Write & Analyze Relationships Between Dependent & Independent Variables,500,499,317,500,0.354,0.162,0.562,"[{""answer_norm"": ""1.75n"", ""n"": 319}, {""answer_norm"": ""n1.75"", ""n"": 34}, {""answer_norm"": ""n"", ""n"": 29}, {""answer_norm"": ""1.75"", ""n"": 27}, {""answer_norm"": ""1.75*n"", ""n"": 8}]",test,
64016,PSBPAG,2,Fill-in-the-blank(s),Numeric,What is the vertical difference between D and A ? units,What is the vertical difference between D and A? units,-4,ratio_percent,6.NS.C.6c | 7.NS.A.1d,Plot Integers Points on a Number Line & Coordinate Planes | Apply Properties of Operations to Add/Subtract Rational Numbers,1170,1144,457,1170,0.5931623931623932,0.3384615384615385,0.1444444444444444,"[{""answer_norm"": ""4"", ""n"": 553}, {""answer_norm"": ""-4"", ""n"": 337}, {""answer_norm"": ""5"", ""n"": 52}, {""answer_norm"": ""4.5"", ""n"": 41}, {""answer_norm"": ""-2"", ""n"": 30}]",model_dev,
64054,PRABFJZP,1,Fill-in-the-blank(s),Numeric,Solve the equation. 3 a = 12 a =,Solve the equation. 3 a = 12 a =,4,equation_algebra,6.EE.B.7,Write & Solve 1-Step Equations,747,710,696,747,0.0495314591700133,0.0562248995983935,0.8821954484605087,"[{""answer_norm"": ""4"", ""n"": 677}, {""answer_norm"": ""3"", ""n"": 14}, {""answer_norm"": ""0"", ""n"": 9}, {""answer_norm"": ""12"", ""n"": 8}, {""answer_norm"": ""12/3"", ""n"": 5}]",model_dev,
64237,PRABFJZQ,1,Fill-in-the-blank(s),Numeric,Solve the equation. b + 3 . 3 = 8 . 9 b =,Solve the equation. b + 3.3 = 8.9 b =,5.6,equation_algebra,6.EE.B.7,Write & Solve 1-Step Equations,748,711,690,748,0.0614973262032085,0.0641711229946524,0.8502673796791443,"[{""answer_norm"": ""5.6"", ""n"": 658}, {""answer_norm"": ""6.6"", ""n"": 9}, {""answer_norm"": ""5"", ""n"": 8}, {""answer_norm"": ""2.9"", ""n"": 5}, {""answer_norm"": ""4.6"", ""n"": 5}]",model_dev,
64354,PSBPBA,2,Fill-in-the-blank(s),Numeric,Solve the equation to find their starting altitude. feet,Solve the equation to find their starting altitude. feet,-11,ratio_percent,7.NS.A.3 | 7.EE.B.4a,Solve Applied Problems Involving All Operations of Rational Numbers | Solve 2-Step Equations,247,244,161,247,0.3360323886639676,0.0647773279352226,0.5222672064777328,"[{""answer_norm"": ""-11"", ""n"": 162}, {""answer_norm"": ""11"", ""n"": 60}, {""answer_norm"": ""0"", ""n"": 3}, {""answer_norm"": ""9"", ""n"": 3}, {""answer_norm"": ""-12"", ""n"": 2}]",validation,
64410,PRABFKCQ,1,Fill-in-the-blank(s),Numeric,Solve the equation. 1 = 1 4 c c =,Solve the equation. 1 = 1 / 4 c c =,4,equation_algebra,6.EE.B.7,Write & Solve 1-Step Equations,691,662,590,691,0.1201157742402315,0.0578871201157742,0.788712011577424,"[{""answer_norm"": ""4"", ""n"": 569}, {""answer_norm"": ""3/4"", ""n"": 29}, {""answer_norm"": ""4/1"", ""n"": 23}, {""answer_norm"": ""1/4"", ""n"": 15}, {""answer_norm"": ""3"", ""n"": 11}]",model_dev,
64437,PRABETR6,1,Fill-in-the-blank(s),Numeric,Find the product. (100) • (-0.09),Find the product. (100) * (-0.09),-9,ratio_percent,7.NS.A.2c,Apply Properties of Operations to Multiply/Divide Rational Numbers,1712,1655,1571,1712,0.080607476635514,0.0508177570093457,0.8329439252336449,"[{""answer_norm"": ""-9"", ""n"": 1485}, {""answer_norm"": ""9"", ""n"": 89}, {""answer_norm"": ""0.09"", ""n"": 15}, {""answer_norm"": ""-90"", ""n"": 13}, {""answer_norm"": ""-0.9"", ""n"": 11}]",model_dev,
64605,PRABFKCR,1,Fill-in-the-blank(s),Numeric,Solve the equation. 5 1 2 = d + 1 4 d =,Solve the equation. 5 1 / 2 = d + 1 / 4 d =,5 1/4,equation_algebra,6.EE.B.7,Write & Solve 1-Step Equations,623,594,488,623,0.1910112359550561,0.1556982343499197,0.6869983948635634,"[{""answer_norm"": ""5 1/4"", ""n"": 344}, {""answer_norm"": ""5.25"", ""n"": 85}, {""answer_norm"": ""21/4"", ""n"": 46}, {""answer_norm"": ""22"", ""n"": 23}, {""answer_norm"": ""5"", ""n"": 10}]",model_dev,
64758,PRABMSH4,1,Fill-in-the-blank(s),Numeric,Find the product. (-7) • (-1.1),Find the product. (-7) * (-1.1),7.7,ratio_percent,7.NS.A.2c,Apply Properties of Operations to Multiply/Divide Rational Numbers,1681,1625,1587,1681,0.0559190957763236,0.0,0.8828078524687686,"[{""answer_norm"": ""7.7"", ""n"": 1524}, {""answer_norm"": ""-7.7"", ""n"": 50}, {""answer_norm"": ""77"", ""n"": 18}, {""answer_norm"": ""7"", ""n"": 12}, {""answer_norm"": ""7.1"", ""n"": 12}]",model_dev,
64813,PRABFKCS,1,Fill-in-the-blank(s),Numeric,Solve the equation. 2 e = 6 . 4 e =,Solve the equation. 2 e = 6.4 e =,3.2,equation_algebra,6.EE.B.7,Write & Solve 1-Step Equations,691,662,583,691,0.1259044862518089,0.1013024602026049,0.7901591895803184,"[{""answer_norm"": ""3.2"", ""n"": 590}, {""answer_norm"": ""4.4"", ""n"": 30}, {""answer_norm"": ""3.4"", ""n"": 14}, {""answer_norm"": ""2"", ""n"": 5}, {""answer_norm"": ""3"", ""n"": 5}]",validation,
65010,PRABMSH5,1,Fill-in-the-blank(s),Numeric,Find the product. (-7.3) • (5),Find the product. (-7.3) * (5),-36.5,ratio_percent,7.NS.A.2c,Apply Properties of Operations to Multiply/Divide Rational Numbers,1686,1632,1566,1686,0.0711743772241993,0.0011862396204033,0.7995255041518387,"[{""answer_norm"": ""-36.5"", ""n"": 1392}, {""answer_norm"": ""36.5"", ""n"": 155}, {""answer_norm"": ""-35.15"", ""n"": 12}, {""answer_norm"": ""-35.5"", ""n"": 11}, {""answer_norm"": ""-37.5"", ""n"": 10}]",model_dev,
65369,PRABMSH6,1,Fill-in-the-blank(s),Numeric,Find the product. (-0.2) • (-0.3),Find the product. (-0.2) * (-0.3),0.06,ratio_percent,7.NS.A.2c,Apply Properties of Operations to Multiply/Divide Rational Numbers,1681,1629,1505,1681,0.1046995835812016,0.0,0.7001784651992862,"[{""answer_norm"": ""0.06"", ""n"": 956}, {""answer_norm"": "".06"", ""n"": 256}, {""answer_norm"": ""0.6"", ""n"": 200}, {""answer_norm"": "".6"", ""n"": 91}, {""answer_norm"": ""-0.06"", ""n"": 39}]",model_dev,
66472,PSBPTX,2,Fill-in-the-blank(s),Numeric,"At noon, the temperature was 5 degrees Celsius. By late afternoon, it has risen 6 degrees Celsius. What was the temperature late in the afternoon? ° Celsius","At noon, the temperature was 5 degrees Celsius. By late afternoon, it has risen 6 degrees Celsius. What was the temperature late in the afternoon? ° Celsius",11,other,6.NS.C.5,Use Positive & Negative Numbers to Represent Quantities,124,120,96,124,0.2177419354838709,0.0887096774193548,0.717741935483871,"[{""answer_norm"": ""11"", ""n"": 102}, {""answer_norm"": ""-4"", ""n"": 4}, {""answer_norm"": ""-7"", ""n"": 3}, {""answer_norm"": ""5"", ""n"": 3}, {""answer_norm"": ""4"", ""n"": 2}]",test,
66602,PSBPTX,3,Fill-in-the-blank(s),Numeric,"The temperature was 8 degrees Celsius at midnight. By dawn, it has dropped 12 degrees Celsius. What was the temperature at dawn? ° Celsius","The temperature was 8 degrees Celsius at midnight. By dawn, it has dropped 12 degrees Celsius. What was the temperature at dawn? ° Celsius",-4,other,6.NS.C.5,Use Positive & Negative Numbers to Represent Quantities,123,119,100,123,0.1788617886178861,0.065040650406504,0.6910569105691057,"[{""answer_norm"": ""-4"", ""n"": 90}, {""answer_norm"": ""4"", ""n"": 14}, {""answer_norm"": ""20"", ""n"": 3}, {""answer_norm"": ""12"", ""n"": 2}, {""answer_norm"": ""22"", ""n"": 2}]",test,
66748,PSBPTX,4,Fill-in-the-blank(s),Numeric,"Water freezes at 0 degrees Celsius, but the freezing temperature can be lowered by adding salt to the water. A student discovered that adding half a cup of salt to a gallon of water lowers its freezing temperature by 7 degrees Celsius. What is the freezing temperature of the gallon of salt water? ° Celsius","Water freezes at 0 degrees Celsius, but the freezing temperature can be lowered by adding salt to the water. A student discovered that adding half a cup of salt to a gallon of water lowers its freezing temperature by 7 degrees Celsius. What is the freezing temperature of the gallon of salt water? ° Celsius",-7,whole_number_arithmetic,6.NS.C.5,Use Positive & Negative Numbers to Represent Quantities,123,119,100,123,0.1707317073170731,0.089430894308943,0.7642276422764228,"[{""answer_norm"": ""-7"", ""n"": 102}, {""answer_norm"": ""7"", ""n"": 4}, {""answer_norm"": ""- 7"", ""n"": 2}, {""answer_norm"": ""-2"", ""n"": 2}, {""answer_norm"": ""-8"", ""n"": 2}]",test,
69590,PSBQFE,1,Fill-in-the-blank(s),Numeric,The fastest elevators in the Burj Khalifa can travel 330 feet in just 10 seconds. How far does the elevator travel in 11 seconds? feet,The fastest elevators in the Burj Khalifa can travel 330 feet in just 10 seconds. How far does the elevator travel in 11 seconds? feet,363,ratio_percent,6.RP.A.3a,Create Tables to Compare Equivalent Ratios,504,481,387,504,0.2023809523809523,0.0734126984126984,0.6369047619047619,"[{""answer_norm"": ""363"", ""n"": 359}, {""answer_norm"": ""360"", ""n"": 16}, {""answer_norm"": ""340"", ""n"": 15}, {""answer_norm"": ""33"", ""n"": 13}, {""answer_norm"": ""30"", ""n"": 12}]",model_dev,
71072,PSBQQ6,3,Fill-in-the-blank(s),Numeric,"On TUESDAY, the mother writes the word on a piece of paper and cuts it up so that each letter is on a separate piece of paper. She mixes up the papers and picks one. What is the probability that she will choose the piece of paper with the letter Y?","On TUESDAY, the mother writes the word on a piece of paper and cuts it up so that each letter is on a separate piece of paper. She mixes up the papers and picks one. What is the probability that she will choose the piece of paper with the letter Y?",7-Jan,statistics_probability,7.SP.C.8b,Represent Sample Spaces for Compound Events,102,102,74,102,0.2745098039215686,0.0,0.6078431372549019,"[{""answer_norm"": ""1/7"", ""n"": 77}, {""answer_norm"": ""1/15"", ""n"": 4}, {""answer_norm"": ""1/26"", ""n"": 4}, {""answer_norm"": ""1/6"", ""n"": 3}, {""answer_norm"": ""7"", ""n"": 3}]",model_dev,
72272,PSBQV8,2,Fill-in-the-blank(s),Numeric,How long will it take a train traveling at 120 miles per hour to go 320 miles? hours,How long will it take a train traveling at 120 miles per hour to go 320 miles? hours,2 2/3,ratio_percent,6.RP.A.3a,Create Tables to Compare Equivalent Ratios,13,13,3,13,0.7692307692307693,0.0,0.1538461538461538,"[{""answer_norm"": ""8/3"", ""n"": 7}, {""answer_norm"": ""2 2/3"", ""n"": 1}, {""answer_norm"": ""2 3/4"", ""n"": 1}, {""answer_norm"": ""2(2/3)"", ""n"": 1}, {""answer_norm"": ""2,667"", ""n"": 1}]",test,
73287,PSBQ32,3,Fill-in-the-blank(s),Numeric,Solve the equation. x =,Solve the equation. x =,7 1/2,equation_algebra,6.EE.B.7,Write & Solve 1-Step Equations,381,373,287,381,0.2309711286089238,0.0734908136482939,0.6981627296587927,"[{""answer_norm"": ""7 1/2"", ""n"": 170}, {""answer_norm"": ""7.5"", ""n"": 115}, {""answer_norm"": ""4"", ""n"": 17}, {""answer_norm"": ""5"", ""n"": 10}, {""answer_norm"": ""10"", ""n"": 6}]",validation,
73395,PSBQ3W,2,Fill-in-the-blank(s),Numeric,Find the solution. x = pounds,Find the solution. x = pounds,11,equation_algebra,6.EE.B.7,Write & Solve 1-Step Equations,1474,1451,1369,1474,0.0651289009497964,0.0230664857530529,0.8853459972862958,"[{""answer_norm"": ""11"", ""n"": 1381}, {""answer_norm"": ""9"", ""n"": 15}, {""answer_norm"": ""14"", ""n"": 13}, {""answer_norm"": ""17"", ""n"": 10}, {""answer_norm"": ""12"", ""n"": 8}]",model_dev,
73717,PSBQ5D,2,Fill-in-the-blank(s),Numeric,Find the solution. Each notebook contains 60 sheets of paper. Andre has 5 notebooks. How many sheets of paper do Andre’s notebooks contain? y = sheets,Find the solution. Each notebook contains 60 sheets of paper. Andre has 5 notebooks. How many sheets of paper do Andre’s notebooks contain? y = sheets,300,equation_algebra,6.EE.B.7,Write & Solve 1-Step Equations,1543,1517,1379,1543,0.0952689565780946,0.0304601425793908,0.7802981205443941,"[{""answer_norm"": ""300"", ""n"": 1263}, {""answer_norm"": ""12"", ""n"": 167}, {""answer_norm"": ""60"", ""n"": 13}, {""answer_norm"": ""120"", ""n"": 8}, {""answer_norm"": ""30"", ""n"": 8}]",model_dev,
73890,PSBQ8E,1,Fill-in-the-blank(s),Numeric,"Based on her recipe, Elena knows that 5 servings of granola have 1,750 calories. If she eats 2 servings of granola, how many calories does she eat? calories","Based on her recipe, Elena knows that 5 servings of granola have 1,750 calories. If she eats 2 servings of granola, how many calories does she eat? calories",700,ratio_percent,7.RP.A.3,Use Proportional Relationships to Solve Ratio & Percent Problems,607,530,464,607,0.2306425041186161,0.0477759472817133,0.642504118616145,"[{""answer_norm"": ""700"", ""n"": 450}, {""answer_norm"": ""875"", ""n"": 39}, {""answer_norm"": ""3500"", ""n"": 37}, {""answer_norm"": ""350"", ""n"": 25}, {""answer_norm"": ""175"", ""n"": 8}]",test,
74049,PSBQ8E,2,Fill-in-the-blank(s),Numeric,"If she wants to eat 175 calories of granola, how many servings should she eat? servings","If she wants to eat 175 calories of granola, how many servings should she eat? servings",2-Jan,ratio_percent,7.RP.A.3,Use Proportional Relationships to Solve Ratio & Percent Problems,600,525,412,600,0.31,0.0966666666666666,0.5766666666666667,"[{""answer_norm"": ""1/2"", ""n"": 239}, {""answer_norm"": ""0.5"", ""n"": 101}, {""answer_norm"": "".5"", ""n"": 57}, {""answer_norm"": ""1"", ""n"": 29}, {""answer_norm"": ""10"", ""n"": 23}]",test,
74258,PRABFFZE,1,Fill-in-the-blank(s),Numeric,Solve the equation. 2 x = 5 x =,Solve the equation. 2 x = 5 x =,2-May,equation_algebra,6.EE.B.7,Write & Solve 1-Step Equations,1553,1527,1350,1553,0.1242755956213779,0.0566645202833226,0.7527366387636832,"[{""answer_norm"": ""2.5"", ""n"": 928}, {""answer_norm"": ""5/2"", ""n"": 142}, {""answer_norm"": ""2 1/2"", ""n"": 135}, {""answer_norm"": ""3"", ""n"": 133}, {""answer_norm"": ""10"", ""n"": 44}]",model_dev,
74416,PRABFFZF,1,Fill-in-the-blank(s),Numeric,Solve the equation. y + 1 . 8 = 14 . 7 y =,Solve the equation. y + 1.8 = 14.7 y =,12.9,equation_algebra,6.EE.B.7,Write & Solve 1-Step Equations,1502,1476,1349,1502,0.0985352862849534,0.0539280958721704,0.822237017310253,"[{""answer_norm"": ""12.9"", ""n"": 1304}, {""answer_norm"": ""13.9"", ""n"": 28}, {""answer_norm"": ""13.1"", ""n"": 16}, {""answer_norm"": ""11.9"", ""n"": 13}, {""answer_norm"": ""2.9"", ""n"": 10}]",model_dev,
74581,PRABFFZG,1,Fill-in-the-blank(s),Numeric,Solve the equation. 6 = 1 2 z z =,Solve the equation. 6 = 1 / 2 z z =,12,equation_algebra,6.EE.B.7,Write & Solve 1-Step Equations,1487,1462,1279,1487,0.1324815063887021,0.0564895763281775,0.7000672494956288,"[{""answer_norm"": ""12"", ""n"": 1134}, {""answer_norm"": ""3"", ""n"": 147}, {""answer_norm"": ""5 1/2"", ""n"": 29}, {""answer_norm"": ""2"", ""n"": 22}, {""answer_norm"": ""5"", ""n"": 12}]",test,
74735,PRABFFZJ,1,Fill-in-the-blank(s),Numeric,Solve the equation. 2 . 5 t = 10 t =,Solve the equation. 2.5 t = 10 t =,4,equation_algebra,6.EE.B.7,Write & Solve 1-Step Equations,1457,1439,1255,1457,0.1283459162663006,0.0720658888126287,0.785175017158545,"[{""answer_norm"": ""4"", ""n"": 1234}, {""answer_norm"": ""7.5"", ""n"": 65}, {""answer_norm"": ""5"", ""n"": 33}, {""answer_norm"": ""25"", ""n"": 14}, {""answer_norm"": ""0.25"", ""n"": 12}]",model_dev,
75189,PRABFF2B,1,Fill-in-the-blank(s),Numeric,Find the product. ( 21 . 2 ) · ( 0 . 02 ),Find the product. (21.2) * (0.02),0.424,decimal,6.NS.B.3,"Add, Subtract, Multiply & Divide Multi-Digit Decimals",1253,1237,1063,1253,0.1444533120510774,0.0422984836392657,0.7238627294493216,"[{""answer_norm"": ""0.424"", ""n"": 736}, {""answer_norm"": "".424"", ""n"": 235}, {""answer_norm"": ""4.24"", ""n"": 36}, {""answer_norm"": ""42.4"", ""n"": 27}, {""answer_norm"": ""42.40"", ""n"": 14}]",model_dev,
75309,PRABFF2C,1,Fill-in-the-blank(s),Numeric,Find the product. ( 2 . 05 ) · ( 0 . 004 ),Find the product. (2.05) * (0.004),0.0082,decimal,6.NS.B.3,"Add, Subtract, Multiply & Divide Multi-Digit Decimals",1190,1175,1007,1190,0.146218487394958,0.0411764705882352,0.7571428571428571,"[{""answer_norm"": ""0.0082"", ""n"": 622}, {""answer_norm"": "".0082"", ""n"": 142}, {""answer_norm"": "".00820"", ""n"": 117}, {""answer_norm"": ""0.00820"", ""n"": 85}, {""answer_norm"": ""0.082"", ""n"": 16}]",model_dev,
75928,PSBRKJ,1,Fill-in-the-blank(s),Numeric,Solve the equation. ‐ 3 x − 5 = 16 x =,Solve the equation. - 3 x - 5 = 16 x =,-7,equation_algebra,7.EE.B.4a,Solve 2-Step Equations,561,503,374,561,0.3172905525846702,0.267379679144385,0.5044563279857398,"[{""answer_norm"": ""-7"", ""n"": 345}, {""answer_norm"": ""7"", ""n"": 63}, {""answer_norm"": ""8"", ""n"": 10}, {""answer_norm"": ""11"", ""n"": 9}, {""answer_norm"": ""2"", ""n"": 9}]",model_dev,
76294,PSBRPF,1,Fill-in-the-blank(s),Numeric,Solve the equation. - 4 ( y − 2 ) = 12 y =,Solve the equation. - 4 (y - 2) = 12 y =,-1,equation_algebra,7.EE.B.4a,Solve 2-Step Equations,486,444,311,486,0.3415637860082304,0.1954732510288065,0.4897119341563786,"[{""answer_norm"": ""-1"", ""n"": 288}, {""answer_norm"": ""-5"", ""n"": 44}, {""answer_norm"": ""5"", ""n"": 33}, {""answer_norm"": ""-3"", ""n"": 17}, {""answer_norm"": ""4"", ""n"": 12}]",test,
76458,PSBRQK,1,Fill-in-the-blank(s),Numeric,Find the quotient. 5 ÷ 1 10,Find the quotient. 5 / 1 / 10,50,fraction,6.NS.A.1,Interpret & Compute using Division of Fractions,1168,1120,1115,1168,0.0428082191780821,0.0128424657534246,0.9143835616438356,"[{""answer_norm"": ""50"", ""n"": 1065}, {""answer_norm"": ""50/1"", ""n"": 34}, {""answer_norm"": ""2"", ""n"": 11}, {""answer_norm"": ""0.5"", ""n"": 9}, {""answer_norm"": ""5"", ""n"": 9}]",model_dev,
76591,PSBRQK,2,Fill-in-the-blank(s),Numeric,Find the quotient. 5 ÷ 3 10,Find the quotient. 5 / 3 / 10,"16 2/3, 50/3",fraction,6.NS.A.1,Interpret & Compute using Division of Fractions,1166,1118,673,1166,0.4090909090909091,0.2512864493996569,0.4605488850771869,"[{""answer_norm"": ""50/3"", ""n"": 315}, {""answer_norm"": ""16 2/3"", ""n"": 249}, {""answer_norm"": ""16"", ""n"": 133}, {""answer_norm"": ""16.6"", ""n"": 61}, {""answer_norm"": ""50"", ""n"": 45}]",model_dev,
76716,PSBRQK,3,Fill-in-the-blank(s),Numeric,Find the quotient. 5 ÷ 9 10,Find the quotient. 5 / 9 / 10,"50/9, 5 5/9",fraction,6.NS.A.1,Interpret & Compute using Division of Fractions,1164,1116,963,1164,0.1632302405498281,0.1168384879725085,0.7439862542955327,"[{""answer_norm"": ""50/9"", ""n"": 656}, {""answer_norm"": ""5 5/9"", ""n"": 225}, {""answer_norm"": ""5 1/2"", ""n"": 28}, {""answer_norm"": ""5.55555555556"", ""n"": 23}, {""answer_norm"": ""5.5"", ""n"": 15}]",model_dev,
76811,PSBRRZ,1,Fill-in-the-blank(s),Numeric,"A scale drawing of a lake has a scale of 1 cm to 80 m. If the actual width of the lake is 1,000 m, what is the width of the lake on the scale drawing? cm","A scale drawing of a lake has a scale of 1 cm to 80 m. If the actual width of the lake is 1,000 m, what is the width of the lake on the scale drawing? cm",12.5,ratio_percent,7.G.A.1,Solve Scale Drawing Problems,670,639,423,670,0.3656716417910448,0.008955223880597,0.4805970149253731,"[{""answer_norm"": ""45"", ""n"": 387}, {""answer_norm"": ""9"", ""n"": 33}, {""answer_norm"": ""25"", ""n"": 30}, {""answer_norm"": ""22.5"", ""n"": 27}, {""answer_norm"": ""5"", ""n"": 14}]",model_dev,
76861,PSBRR9,2,Fill-in-the-blank(s),Numeric,The deli owner found that the line s = - t + 120 is a good fit for the data. Use this equation to predict how many bowls of soup they might sell on a day when the high temperature is 32 degrees. bowls of soup,The deli owner found that the line s = - t + 120 is a good fit for the data. Use this equation to predict how many bowls of soup they might sell on a day when the high temperature is 32 degrees. bowls of soup,88,statistics_probability,8.SP.A.3,Use Linear Equations Applied to Bivariate Data,22,22,12,22,0.4545454545454545,0.0,0.4545454545454545,"[{""answer_norm"": ""88"", ""n"": 17}, {""answer_norm"": ""82"", ""n"": 2}, {""answer_norm"": ""152"", ""n"": 1}, {""answer_norm"": ""212"", ""n"": 1}, {""answer_norm"": ""87"", ""n"": 1}]",validation,
76912,PSBRSJ,1,Fill-in-the-blank(s),Numeric,"Two horses start a race at the same time. Horse A gallops at a steady rate of 32 feet per second and Horse B gallops at a steady rate of 28 feet per second. After 5 seconds, how much farther will Horse A have traveled? feet","Two horses start a race at the same time. Horse A gallops at a steady rate of 32 feet per second and Horse B gallops at a steady rate of 28 feet per second. After 5 seconds, how much farther will Horse A have traveled? feet",20,ratio_percent,6.RP.A.3b,Solve Unit Rate Problems,1207,1188,885,1207,0.24026512013256,0.0869925434962717,0.5393537696768849,"[{""answer_norm"": ""20"", ""n"": 745}, {""answer_norm"": ""160"", ""n"": 286}, {""answer_norm"": ""4"", ""n"": 22}, {""answer_norm"": ""37"", ""n"": 20}, {""answer_norm"": ""128"", ""n"": 11}]",model_dev,
76975,PSBRR9,3,Fill-in-the-blank(s),Numeric,"The high temperature this Saturday is expected to be 10 degrees colder than the high temperature this Friday. Using the line s = - t + 120 , how many more bowls of soup should the deli expect to sell on Saturday than Friday? more bowls of soup","The high temperature this Saturday is expected to be 10 degrees colder than the high temperature this Friday. Using the line s = - t + 120, how many more bowls of soup should the deli expect to sell on Saturday than Friday? more bowls of soup",10,statistics_probability,8.SP.A.3,Use Linear Equations Applied to Bivariate Data,22,22,11,22,0.5,0.0,0.4545454545454545,"[{""answer_norm"": ""10"", ""n"": 18}, {""answer_norm"": ""110"", ""n"": 1}, {""answer_norm"": ""120"", ""n"": 1}, {""answer_norm"": ""162"", ""n"": 1}, {""answer_norm"": ""78"", ""n"": 1}]",validation,
77198,PSBRUJ,1,Fill-in-the-blank(s),Numeric,"A scale drawing of a school bus has a scale of 1 2 inches to 5 feet. If the length of the school bus is 4 1 2 inches on the scale drawing, what is the actual length of the bus? feet","A scale drawing of a school bus has a scale of 1 / 2 inches to 5 feet. If the length of the school bus is 4 1 / 2 inches on the scale drawing, what is the actual length of the bus? feet",45,ratio_percent,7.G.A.1,Solve Scale Drawing Problems,660,636,440,660,0.3318181818181818,0.0015151515151515,0.5651515151515152,"[{""answer_norm"": ""12.5"", ""n"": 409}, {""answer_norm"": ""12 1/2"", ""n"": 23}, {""answer_norm"": ""80,000"", ""n"": 23}, {""answer_norm"": ""80"", ""n"": 20}, {""answer_norm"": ""80000"", ""n"": 20}]",validation,
77264,PSBRUT,2,Fill-in-the-blank(s),Numeric,"Consider the problem: It takes one week for a crew of workers to pave 3 5 kilometer of a road. At that rate, how long will it take to pave 1 kilometer? weeks","Consider the problem: It takes one week for a crew of workers to pave 3 / 5 kilometer of a road. At that rate, how long will it take to pave 1 kilometer? weeks",1 2/3,fraction,6.NS.A.1,Interpret & Compute using Division of Fractions,800,784,400,800,0.4625,0.28375,0.42375,"[{""answer_norm"": ""5/3"", ""n"": 232}, {""answer_norm"": ""1 2/3"", ""n"": 210}, {""answer_norm"": ""11 2/3"", ""n"": 44}, {""answer_norm"": ""3/5"", ""n"": 23}, {""answer_norm"": ""2"", ""n"": 22}]",model_dev,
77267,PSBRUY,1,Fill-in-the-blank(s),Numeric,Andre paid $13 for 3 books. Diego bought 12 books priced at the same rate. How much did Diego pay for the 12 books? $,Andre paid $13 for 3 books. Diego bought 12 books priced at the same rate. How much did Diego pay for the 12 books? $,52,ratio_percent,6.RP.A.3a,Create Tables to Compare Equivalent Ratios,1131,1111,793,1131,0.2617152961980548,0.0839964633068081,0.5720601237842617,"[{""answer_norm"": ""52"", ""n"": 745}, {""answer_norm"": ""51.96"", ""n"": 51}, {""answer_norm"": ""156"", ""n"": 30}, {""answer_norm"": ""51.6"", ""n"": 27}, {""answer_norm"": ""4"", ""n"": 21}]",model_dev,
77299,PSBRUP,1,Fill-in-the-blank(s),Numeric,"Compute the product using the equation 21 ⋅ 47 = 987 and what you know about fractions, decimals, and place value. ( 2.1 ) ⋅ ( 4.7 )","Compute the product using the equation 21 * 47 = 987 and what you know about fractions, decimals, and place value. (2.1) * (4.7)",9.87,fraction,6.NS.B.3,"Add, Subtract, Multiply & Divide Multi-Digit Decimals",57,57,49,57,0.1403508771929824,0.0701754385964912,0.7543859649122807,"[{""answer_norm"": ""9.87"", ""n"": 49}, {""answer_norm"": ""98.7"", ""n"": 3}, {""answer_norm"": ""2.31"", ""n"": 1}, {""answer_norm"": ""2.97"", ""n"": 1}, {""answer_norm"": ""23.1"", ""n"": 1}]",test,
77528,PSBRYP,1,Fill-in-the-blank(s),Numeric,A farm lets you pick 3 pints of raspberries for $12.00. What is the cost per pint? $,A farm lets you pick 3 pints of raspberries for $12.00. What is the cost per pint? $,4,ratio_percent,6.RP.A.3b,Solve Unit Rate Problems,1805,1740,1675,1805,0.0626038781163434,0.0216066481994459,0.881994459833795,"[{""answer_norm"": ""4"", ""n"": 1411}, {""answer_norm"": ""4.00"", ""n"": 224}, {""answer_norm"": ""0.25"", ""n"": 45}, {""answer_norm"": "".25"", ""n"": 16}, {""answer_norm"": ""3"", ""n"": 13}]",model_dev,
77578,PSBRWA,1,Fill-in-the-blank(s),Numeric,"Compute the product using the equation 21 ⋅ 47 = 987 and what you know about fractions, decimals, and place value. 21 ⋅ ( 0.047 )","Compute the product using the equation 21 * 47 = 987 and what you know about fractions, decimals, and place value. 21 * (0.047)",0.987,fraction,6.NS.B.3,"Add, Subtract, Multiply & Divide Multi-Digit Decimals",57,57,47,57,0.175438596491228,0.0701754385964912,0.7368421052631579,"[{""answer_norm"": ""0.987"", ""n"": 38}, {""answer_norm"": "".987"", ""n"": 8}, {""answer_norm"": ""0.988"", ""n"": 2}, {""answer_norm"": ""3"", ""n"": 2}, {""answer_norm"": ""9.87"", ""n"": 2}]",model_dev,
77688,PSBRYP,2,Fill-in-the-blank(s),Numeric,A farm lets you pick 3 pints of raspberries for $12.00. How many pints do you get per dollar? pints,A farm lets you pick 3 pints of raspberries for $12.00. How many pints do you get per dollar? pints,12-Mar,ratio_percent,6.RP.A.3b,Solve Unit Rate Problems,1793,1728,1375,1793,0.2041271611823759,0.0808700501952035,0.6659230340211936,"[{""answer_norm"": ""0.25"", ""n"": 598}, {""answer_norm"": ""1/4"", ""n"": 391}, {""answer_norm"": "".25"", ""n"": 258}, {""answer_norm"": ""1"", ""n"": 90}, {""answer_norm"": ""4"", ""n"": 89}]",model_dev,
77847,PSBRYP,3,Fill-in-the-blank(s),Numeric,"A farm lets you pick 3 pints of raspberries for $12.00. At this rate, how many pints can you afford for $20.00? pints","A farm lets you pick 3 pints of raspberries for $12.00. At this rate, how many pints can you afford for $20.00? pints",5,ratio_percent,6.RP.A.3b,Solve Unit Rate Problems,1782,1717,1521,1782,0.1318742985409652,0.0572390572390572,0.7789001122334456,"[{""answer_norm"": ""5"", ""n"": 1439}, {""answer_norm"": ""80"", ""n"": 65}, {""answer_norm"": ""6"", ""n"": 31}, {""answer_norm"": ""15"", ""n"": 24}, {""answer_norm"": ""5.00"", ""n"": 21}]",model_dev,
77861,PSBRX3,1,Fill-in-the-blank(s),Numeric,"Compute the product using the equation 21 ⋅ 47 = 987 and what you know about fractions, decimals, and place value. (0.0 21) ⋅ ( 4.7 )","Compute the product using the equation 21 * 47 = 987 and what you know about fractions, decimals, and place value. (0.0 21) * (4.7)",0.0987,fraction,6.NS.B.3,"Add, Subtract, Multiply & Divide Multi-Digit Decimals",48,48,43,48,0.1041666666666666,0.0625,0.8125,"[{""answer_norm"": ""0.0987"", ""n"": 32}, {""answer_norm"": "".0987"", ""n"": 11}, {""answer_norm"": "".0988"", ""n"": 1}, {""answer_norm"": ""0.487"", ""n"": 1}, {""answer_norm"": ""0.987"", ""n"": 1}]",test,
77888,PSBRXQ,2,Fill-in-the-blank(s),Numeric,What are the measures of its angles? degrees,What are the measures of its angles? degrees,60,geometry_measurement,8.G.A.5,Use Informal Arguments to Establish Facts about Angles for Similar Triangles,398,389,308,398,0.2236180904522613,0.0050251256281407,0.6331658291457286,"[{""answer_norm"": ""60"", ""n"": 287}, {""answer_norm"": ""180"", ""n"": 35}, {""answer_norm"": ""90"", ""n"": 12}, {""answer_norm"": ""45"", ""n"": 9}, {""answer_norm"": ""30"", ""n"": 8}]",test,
77978,PSBRZQ,1,Fill-in-the-blank(s),Numeric,"At a dinner, the meal cost $22 and a sales tax of $1.87 was added to the bill. How much would the sales tax be on a $66 meal? $","At a dinner, the meal cost $22 and a sales tax of $1.87 was added to the bill. How much would the sales tax be on a $66 meal? $",5.61,ratio_percent,7.RP.A.3,Use Proportional Relationships to Solve Ratio & Percent Problems,771,720,560,771,0.2658884565499351,0.0376134889753566,0.6018158236057068,"[{""answer_norm"": ""5.61"", ""n"": 535}, {""answer_norm"": ""8.5"", ""n"": 32}, {""answer_norm"": ""67.87"", ""n"": 22}, {""answer_norm"": ""23.87"", ""n"": 17}, {""answer_norm"": ""71.61"", ""n"": 16}]",model_dev,
78012,PSBRYP,4,Fill-in-the-blank(s),Numeric,"A farm lets you pick 3 pints of raspberries for $12.00. At this rate, how much will 8 pints of raspberries cost? $","A farm lets you pick 3 pints of raspberries for $12.00. At this rate, how much will 8 pints of raspberries cost? $",32,ratio_percent,6.RP.A.3b,Solve Unit Rate Problems,1775,1712,1414,1775,0.1808450704225352,0.0732394366197183,0.6783098591549296,"[{""answer_norm"": ""32"", ""n"": 1166}, {""answer_norm"": ""2"", ""n"": 160}, {""answer_norm"": ""32.00"", ""n"": 119}, {""answer_norm"": ""24"", ""n"": 44}, {""answer_norm"": ""40"", ""n"": 26}]",model_dev,
78165,PSBRZQ,2,Fill-in-the-blank(s),Numeric,"At a dinner, the meal cost $22 and a sales tax of $1.87 was added to the bill. What is the tax rate for meals in this city? %","At a dinner, the meal cost $22 and a sales tax of $1.87 was added to the bill. What is the tax rate for meals in this city? %",8.5,ratio_percent,7.RP.A.3,Use Proportional Relationships to Solve Ratio & Percent Problems,767,717,412,767,0.4589308996088657,0.1043024771838331,0.423728813559322,"[{""answer_norm"": ""8.5"", ""n"": 418}, {""answer_norm"": ""0.085"", ""n"": 83}, {""answer_norm"": ""1.87"", ""n"": 28}, {""answer_norm"": "".085"", ""n"": 14}, {""answer_norm"": ""11.76"", ""n"": 14}]",model_dev,
78269,PSBR2P,1,Fill-in-the-blank(s),Numeric,Find the value of 36.8 ÷ 2.3.,Find the value of 36.8 / 2.3.,16,decimal,6.NS.B.3,"Add, Subtract, Multiply & Divide Multi-Digit Decimals",238,229,205,238,0.1260504201680672,0.0672268907563025,0.7983193277310925,"[{""answer_norm"": ""16"", ""n"": 188}, {""answer_norm"": ""1.6"", ""n"": 16}, {""answer_norm"": ""016"", ""n"": 3}, {""answer_norm"": ""16."", ""n"": 3}, {""answer_norm"": ""16.0"", ""n"": 2}]",model_dev,
78619,PSBR5G,2,Fill-in-the-blank(s),Numeric,What is the area of each square? square units,What is the area of each square? square units,100,geometry_measurement,5.NBT.B.5,Multiply Multi-Digit Whole Numbers Using the Standard Algorithm,20,20,13,20,0.35,0.1,0.45,"[{""answer_norm"": ""100"", ""n"": 10}, {""answer_norm"": ""10"", ""n"": 2}, {""answer_norm"": ""4"", ""n"": 2}, {""answer_norm"": ""800"", ""n"": 2}, {""answer_norm"": "".01"", ""n"": 1}]",test,
78711,PSBR46,2,Fill-in-the-blank(s),Numeric,"If the small holds 36 units, how much does the large hold? units","If the small holds 36 units, how much does the large hold? units",48,ratio_percent,6.RP.A.3c,Solve Problems Involving Percents,432,416,295,432,0.2662037037037037,0.1041666666666666,0.5833333333333334,"[{""answer_norm"": ""48"", ""n"": 304}, {""answer_norm"": ""27"", ""n"": 24}, {""answer_norm"": ""45"", ""n"": 13}, {""answer_norm"": ""12"", ""n"": 10}, {""answer_norm"": ""63"", ""n"": 7}]",model_dev,
78754,PSBR5G,3,Fill-in-the-blank(s),Numeric,Use the squares to help you find 40 ⋅ 20 .,Use the squares to help you find 40 * 20.,800,whole_number_arithmetic,5.NBT.B.5,Multiply Multi-Digit Whole Numbers Using the Standard Algorithm,20,20,18,20,0.1,0.1,0.6,"[{""answer_norm"": ""800"", ""n"": 12}, {""answer_norm"": ""80"", ""n"": 4}, {""answer_norm"": ""100"", ""n"": 2}, {""answer_norm"": ""2"", ""n"": 1}, {""answer_norm"": ""820"", ""n"": 1}]",test,
79361,PSBR9H,1,Fill-in-the-blank(s),Numeric,"A shipping company is loading cube-shaped crates into a larger cube-shaped container. The smaller cubes have side lengths of 2 1 2 feet, and the larger shipping container has side lengths of 10 feet. How many crates will fit in the large shipping container? crates","A shipping company is loading cube-shaped crates into a larger cube-shaped container. The smaller cubes have side lengths of 2 1 / 2 feet, and the larger shipping container has side lengths of 10 feet. How many crates will fit in the large shipping container? crates",64,fraction,6.G.A.2,Find the Volume of Rectangular Prisms with Fractional Sides,771,757,374,771,0.4319066147859922,0.383916990920882,0.3852140077821012,"[{""answer_norm"": ""64"", ""n"": 388}, {""answer_norm"": ""4"", ""n"": 167}, {""answer_norm"": ""25"", ""n"": 28}, {""answer_norm"": ""16"", ""n"": 18}, {""answer_norm"": ""8"", ""n"": 13}]",test,
81261,PSBSNF,1,Fill-in-the-blank(s),Numeric,A roll of ribbon was 12 meters long. Diego cut 9 pieces of ribbon that were 0.4 meter each to tie some presents. He then used the remaining ribbon to make some wreaths. Each wreath required 0.6 meter. How many meters of ribbon were available for making wreaths? meters,A roll of ribbon was 12 meters long. Diego cut 9 pieces of ribbon that were 0.4 meter each to tie some presents. He then used the remaining ribbon to make some wreaths. Each wreath required 0.6 meter. How many meters of ribbon were available for making wreaths? meters,8.4,decimal,6.NS.B.3,"Add, Subtract, Multiply & Divide Multi-Digit Decimals",500,498,318,500,0.324,0.18,0.45,"[{""answer_norm"": ""8.4"", ""n"": 301}, {""answer_norm"": ""14"", ""n"": 34}, {""answer_norm"": ""3.6"", ""n"": 16}, {""answer_norm"": ""8.6"", ""n"": 9}, {""answer_norm"": ""3"", ""n"": 8}]",model_dev,
81543,PSBSNF,3,Fill-in-the-blank(s),Numeric,A roll of ribbon was 12 meters long. Diego cut 9 pieces of ribbon that were 0.4 meter each to tie some presents. He then used the remaining ribbon to make some wreaths. Each wreath required 0.6 meter. How many wreaths could Diego make with the available ribbon? wreaths,A roll of ribbon was 12 meters long. Diego cut 9 pieces of ribbon that were 0.4 meter each to tie some presents. He then used the remaining ribbon to make some wreaths. Each wreath required 0.6 meter. How many wreaths could Diego make with the available ribbon? wreaths,14,decimal,6.NS.B.3,"Add, Subtract, Multiply & Divide Multi-Digit Decimals",486,484,335,486,0.2592592592592592,0.1440329218106996,0.5473251028806584,"[{""answer_norm"": ""14"", ""n"": 328}, {""answer_norm"": ""20"", ""n"": 13}, {""answer_norm"": ""8.4"", ""n"": 13}, {""answer_norm"": ""1.4"", ""n"": 11}, {""answer_norm"": ""6"", ""n"": 9}]",model_dev,
84788,PSBS6V,1,Fill-in-the-blank(s),Numeric,"A soccer field is 120 yards long. Han measures the length of the field using a 30-foot-long tape measure and gets a measurement of 358 feet, 10 inches. What is the amount of the error? inches","A soccer field is 120 yards long. Han measures the length of the field using a 30-foot-long tape measure and gets a measurement of 358 feet, 10 inches. What is the amount of the error? inches",14,ratio_percent,7.RP.A.3,Use Proportional Relationships to Solve Ratio & Percent Problems,114,102,88,114,0.2280701754385964,0.0,0.6403508771929824,"[{""answer_norm"": ""14"", ""n"": 84}, {""answer_norm"": "".33"", ""n"": 3}, {""answer_norm"": ""1.2"", ""n"": 3}, {""answer_norm"": ""10"", ""n"": 3}, {""answer_norm"": ""0.33"", ""n"": 2}]",model_dev,
85726,PSBTDG,1,Fill-in-the-blank(s),Numeric,"A large aquarium of water is being filled with a hose. Due to a problem, the sensor does not start working until some time into the filling process. The sensor starts its recording at the time zero minutes. The sensor initially detects the tank has 225 liters of water in it. The hose fills the aquarium at a constant rate of 15 liters per minute. What will the sensor read at the time of 5 minutes? liters","A large aquarium of water is being filled with a hose. Due to a problem, the sensor does not start working until some time into the filling process. The sensor starts its recording at the time zero minutes. The sensor initially detects the tank has 225 liters of water in it. The hose fills the aquarium at a constant rate of 15 liters per minute. What will the sensor read at the time of 5 minutes? liters",300,ratio_percent,7.RP.A.2a,Identify Proportional Relationships,1499,1463,1070,1499,0.2848565710473649,0.0813875917278185,0.561707805203469,"[{""answer_norm"": ""300"", ""n"": 1036}, {""answer_norm"": ""75"", ""n"": 273}, {""answer_norm"": ""150"", ""n"": 19}, {""answer_norm"": ""120"", ""n"": 13}, {""answer_norm"": ""3"", ""n"": 13}]",model_dev,
86074,PSBTDG,2,Fill-in-the-blank(s),Numeric,"Later, someone wants to use the data to find the amount of water at times before the sensor started. What should the sensor have read at the time -7 minutes? liters","Later, someone wants to use the data to find the amount of water at times before the sensor started. What should the sensor have read at the time -7 minutes? liters",120,statistics_probability,7.RP.A.2a,Identify Proportional Relationships,1492,1457,949,1492,0.3619302949061662,0.1032171581769437,0.5482573726541555,"[{""answer_norm"": ""120"", ""n"": 1061}, {""answer_norm"": ""-105"", ""n"": 56}, {""answer_norm"": ""195"", ""n"": 30}, {""answer_norm"": ""105"", ""n"": 25}, {""answer_norm"": ""330"", ""n"": 24}]",model_dev,
86400,PSBTEW,1,Fill-in-the-blank(s),Numeric,A fence is being built around a rectangular garden that is 8 1 2 feet by 6 1 3 feet. Fencing comes in panels. Each panel is 2 3 of a foot wide. How many panels are needed? panels,A fence is being built around a rectangular garden that is 8 1 / 2 feet by 6 1 / 3 feet. Fencing comes in panels. Each panel is 2 / 3 of a foot wide. How many panels are needed? panels,"45, 46",fraction,6.NS.A.1,Interpret & Compute using Division of Fractions,570,565,256,570,0.5280701754385965,0.2771929824561403,0.3333333333333333,"[{""answer_norm"": ""46"", ""n"": 201}, {""answer_norm"": ""45"", ""n"": 112}, {""answer_norm"": ""44.5"", ""n"": 22}, {""answer_norm"": ""44 1/2"", ""n"": 21}, {""answer_norm"": ""80 3/4"", ""n"": 17}]",model_dev,
86471,PSBTHK,1,Fill-in-the-blank(s),Numeric,"A furniture store pays a wholesale price for a mattress. Then, the store marks up the retail price to 150% of the wholesale price. Later, they put the mattress on sale for 50% off of the retail price. A customer just bought the mattress for sale and paid $1,200. What was the retail price of the mattress, before the discount? $","A furniture store pays a wholesale price for a mattress. Then, the store marks up the retail price to 150% of the wholesale price. Later, they put the mattress on sale for 50% off of the retail price. A customer just bought the mattress for sale and paid $1,200. What was the retail price of the mattress, before the discount? $",2400,ratio_percent,7.RP.A.3,Use Proportional Relationships to Solve Ratio & Percent Problems,1383,1378,841,1383,0.3846710050614605,0.2154736080983369,0.455531453362256,"[{""answer_norm"": ""2400"", ""n"": 744}, {""answer_norm"": ""1800"", ""n"": 143}, {""answer_norm"": ""2,400"", ""n"": 85}, {""answer_norm"": ""1600"", ""n"": 54}, {""answer_norm"": ""1200"", ""n"": 51}]",model_dev,
86791,PSBTHK,2,Fill-in-the-blank(s),Numeric,"A furniture store pays a wholesale price for a mattress. Then, the store marks up the retail price to 150% of the wholesale price. Later, they put the mattress on sale for 50% off of the retail price. A customer just bought the mattress for sale and paid $1,200. What was the wholesale price, before the markup? $","A furniture store pays a wholesale price for a mattress. Then, the store marks up the retail price to 150% of the wholesale price. Later, they put the mattress on sale for 50% off of the retail price. A customer just bought the mattress for sale and paid $1,200. What was the wholesale price, before the markup? $","1,600",ratio_percent,7.RP.A.3,Use Proportional Relationships to Solve Ratio & Percent Problems,1371,1366,736,1371,0.4529540481400437,0.2647702407002188,0.437636761487965,"[{""answer_norm"": ""1600"", ""n"": 751}, {""answer_norm"": ""1200"", ""n"": 127}, {""answer_norm"": ""960"", ""n"": 65}, {""answer_norm"": ""1800"", ""n"": 59}, {""answer_norm"": ""1,600"", ""n"": 50}]",model_dev,
86962,PRABFG24,1,Fill-in-the-blank(s),Numeric,What is the area of a square with side lengths of 3 5 units? square units,What is the area of a square with side lengths of 3 / 5 units? square units,25-Sep,equation_algebra,6.EE.A.1,Write & Evaluate Numerical Expressions with Exponents,760,752,510,760,0.3131578947368421,0.0947368421052631,0.5210526315789473,"[{""answer_norm"": ""9/25"", ""n"": 422}, {""answer_norm"": ""0.36"", ""n"": 57}, {""answer_norm"": ""15"", ""n"": 21}, {""answer_norm"": ""2.4"", ""n"": 21}, {""answer_norm"": ""12/5"", ""n"": 16}]",model_dev,
87135,PRABFG25,1,Fill-in-the-blank(s),Numeric,What is the side length of a square with area 1 16 square units? units,What is the side length of a square with area 1 / 16 square units? units,4-Jan,equation_algebra,6.EE.A.1,Write & Evaluate Numerical Expressions with Exponents,541,535,325,541,0.3863216266173752,0.1182994454713493,0.3789279112754159,"[{""answer_norm"": ""1/4"", ""n"": 264}, {""answer_norm"": ""1/256"", ""n"": 79}, {""answer_norm"": ""1/16"", ""n"": 26}, {""answer_norm"": ""1/32"", ""n"": 20}, {""answer_norm"": ""1/8"", ""n"": 20}]",model_dev,
87154,PSBTME,1,Fill-in-the-blank(s),Numeric,A restaurant bill is $21. You leave a 15% tip. How much do you pay including the tip? $,A restaurant bill is $21. You leave a 15% tip. How much do you pay including the tip? $,24.15,ratio_percent,7.RP.A.3,Use Proportional Relationships to Solve Ratio & Percent Problems,1490,1482,1138,1490,0.2342281879194631,0.1060402684563758,0.6523489932885906,"[{""answer_norm"": ""24.15"", ""n"": 1138}, {""answer_norm"": ""3.15"", ""n"": 106}, {""answer_norm"": ""21.15"", ""n"": 23}, {""answer_norm"": ""36"", ""n"": 15}, {""answer_norm"": ""22.4"", ""n"": 11}]",validation,
87236,PRABG4Y8,1,Fill-in-the-blank(s),Numeric,"To be labeled as a jumbo egg, the egg is supposed to weigh 2.5 oz. Priya buys a carton of jumbo eggs and measures one of the eggs as 2.4 oz. What is the percent error? %","To be labeled as a jumbo egg, the egg is supposed to weigh 2.5 oz. Priya buys a carton of jumbo eggs and measures one of the eggs as 2.4 oz. What is the percent error? %",4,ratio_percent,7.RP.A.3,Use Proportional Relationships to Solve Ratio & Percent Problems,392,388,247,392,0.3622448979591837,0.1122448979591836,0.4336734693877551,"[{""answer_norm"": ""4"", ""n"": 204}, {""answer_norm"": ""0.1"", ""n"": 30}, {""answer_norm"": ""1"", ""n"": 22}, {""answer_norm"": "".1"", ""n"": 13}, {""answer_norm"": ""0.04"", ""n"": 8}]",validation,
87535,PRABFG3F,1,Fill-in-the-blank(s),Numeric,What is the edge length of a cube with volume 27 64 cubic units? units,What is the edge length of a cube with volume 27 / 64 cubic units? units,4-Mar,fraction,6.G.A.2,Find the Volume of Rectangular Prisms with Fractional Sides,458,452,233,458,0.4847161572052402,0.1091703056768559,0.4323144104803493,"[{""answer_norm"": ""3/4"", ""n"": 305}, {""answer_norm"": ""27/64"", ""n"": 20}, {""answer_norm"": ""9/64"", ""n"": 13}, {""answer_norm"": ""9/21"", ""n"": 7}, {""answer_norm"": ""0.75"", ""n"": 6}]",model_dev,
87614,PRABETWD,1,Fill-in-the-blank(s),Numeric,"A bank charges a service fee of $7.50 per month for a checking account. A bank account has $85.00. If no money is deposited or withdrawn except the service charge, how many months until the account balance is negative? months","A bank charges a service fee of $7.50 per month for a checking account. A bank account has $85.00. If no money is deposited or withdrawn except the service charge, how many months until the account balance is negative? months",12,ratio_percent,7.NS.A.1d,Apply Properties of Operations to Add/Subtract Rational Numbers,1749,1679,1260,1749,0.2710120068610634,0.1686678101772441,0.5420240137221269,"[{""answer_norm"": ""12"", ""n"": 1134}, {""answer_norm"": ""11"", ""n"": 217}, {""answer_norm"": ""11.3"", ""n"": 91}, {""answer_norm"": ""11.33"", ""n"": 71}, {""answer_norm"": ""11 1/3"", ""n"": 21}]",test,
88342,PSBTT4,1,Fill-in-the-blank(s),Numeric,"How many circles of radius 1 can you fit inside a circle of radius 2 units so that they do not overlap? If you get stuck, consider using coins or other circular objects.","How many circles of radius 1 can you fit inside a circle of radius 2 units so that they do not overlap? If you get stuck, consider using coins or other circular objects.",2,equation_algebra,7.G.B.4,Solve Problems Involving Area & Circumference of Circles,6,6,5,6,0.1666666666666666,0.0,0.3333333333333333,"[{""answer_norm"": ""2"", ""n"": 3}, {""answer_norm"": ""1"", ""n"": 1}, {""answer_norm"": ""3"", ""n"": 1}, {""answer_norm"": ""4"", ""n"": 1}]",validation,
88453,PSBTT4,2,Fill-in-the-blank(s),Numeric,"How many circles of radius 1 can you fit inside a circle of radius 3 units so that they do not overlap? If you get stuck, consider using coins or other circular objects.","How many circles of radius 1 can you fit inside a circle of radius 3 units so that they do not overlap? If you get stuck, consider using coins or other circular objects.",7,equation_algebra,7.G.B.4,Solve Problems Involving Area & Circumference of Circles,6,6,2,6,0.6666666666666666,0.0,0.0,"[{""answer_norm"": ""3"", ""n"": 3}, {""answer_norm"": ""1"", ""n"": 1}, {""answer_norm"": ""4"", ""n"": 1}, {""answer_norm"": ""7"", ""n"": 1}]",validation,
88478,PSBTUK,1,Fill-in-the-blank(s),Numeric,"In her English class, Mai’s teacher gives 4 quizzes each worth 5 points. After 3 quizzes, she has the scores 4, 3, and 4. What does she need to get on the last quiz to have a mean score of 4?","In her English class, Mai’s teacher gives 4 quizzes each worth 5 points. After 3 quizzes, she has the scores 4, 3, and 4. What does she need to get on the last quiz to have a mean score of 4?",5,statistics_probability,6.SP.B.5c,Give & Describe Quantitative Measures of Center & Variability,583,575,483,583,0.1680960548885077,0.0703259005145797,0.6535162950257289,"[{""answer_norm"": ""5"", ""n"": 415}, {""answer_norm"": ""4"", ""n"": 56}, {""answer_norm"": ""1"", ""n"": 27}, {""answer_norm"": ""3"", ""n"": 27}, {""answer_norm"": ""3.6"", ""n"": 6}]",model_dev,
88561,PSBTT4,3,Fill-in-the-blank(s),Numeric,"How many circles of radius 1 can you fit inside a circle of radius 4 units so that they do not overlap? If you get stuck, consider using coins or other circular objects.","How many circles of radius 1 can you fit inside a circle of radius 4 units so that they do not overlap? If you get stuck, consider using coins or other circular objects.",11,equation_algebra,7.G.B.4,Solve Problems Involving Area & Circumference of Circles,6,6,3,6,0.5,0.0,0.1666666666666666,"[{""answer_norm"": ""11"", ""n"": 2}, {""answer_norm"": ""15"", ""n"": 1}, {""answer_norm"": ""4"", ""n"": 1}, {""answer_norm"": ""8"", ""n"": 1}, {""answer_norm"": ""9"", ""n"": 1}]",validation,
88850,PRABE64P,1,Fill-in-the-blank(s),Numeric,A square is 3 inches by 3 inches. What is its area? square inches,A square is 3 inches by 3 inches. What is its area? square inches,9,geometry_measurement,4.MD.A.3,Apply Area & Perimeter Formulas for Rectangles,5780,1389,5432,5780,0.0525951557093425,0.0242214532871972,0.8837370242214533,"[{""answer_norm"": ""9"", ""n"": 5224}, {""answer_norm"": ""6"", ""n"": 248}, {""answer_norm"": ""12"", ""n"": 72}, {""answer_norm"": ""27"", ""n"": 52}, {""answer_norm"": ""3"", ""n"": 32}]",model_dev,duplicate_problem_rows
89104,PRABFEFN,1,Fill-in-the-blank(s),Numeric,A square has a side length of 5 feet. What is its area? square feet,A square has a side length of 5 feet. What is its area? square feet,25,equation_algebra,6.EE.A.1,Write & Evaluate Numerical Expressions with Exponents,5708,1374,4972,5708,0.1065171688857743,0.0469516468114926,0.8023826208829713,"[{""answer_norm"": ""25"", ""n"": 4772}, {""answer_norm"": ""20"", ""n"": 320}, {""answer_norm"": ""10"", ""n"": 196}, {""answer_norm"": ""15"", ""n"": 92}, {""answer_norm"": ""5"", ""n"": 84}]",model_dev,duplicate_problem_rows
89270,PSBT2V,2,Fill-in-the-blank(s),Numeric,"A car is traveling on a small highway and is either going 55 miles per hour or 35 miles per hour, depending on the speed limits, until it reaches its destination 200 miles away. Letting x represent the amount of time in hours that the car is going 55 miles per hour, and y being the time in hours that the car is going 35 miles per hour, an equation describing the relationship is: 55 x + 35 y = 200 . If the car spends 3 hours going 55 miles per hour on the trip, how long does it spend going 35 miles per hour? hour(s)","A car is traveling on a small highway and is either going 55 miles per hour or 35 miles per hour, depending on the speed limits, until it reaches its destination 200 miles away. Letting x represent the amount of time in hours that the car is going 55 miles per hour, and y being the time in hours that the car is going 35 miles per hour, an equation describing the relationship is: 55 x + 35 y = 200. If the car spends 3 hours going 55 miles per hour on the trip, how long does it spend going 35 miles per hour? hour(s)",1,equation_algebra,8.F.A.1,Understand Definition of a Function,595,591,432,595,0.2689075630252101,0.1243697478991596,0.6873949579831933,"[{""answer_norm"": ""1"", ""n"": 505}, {""answer_norm"": ""2.05"", ""n"": 6}, {""answer_norm"": ""35"", ""n"": 6}, {""answer_norm"": ""5"", ""n"": 6}, {""answer_norm"": ""2.5"", ""n"": 5}]",model_dev,
89321,PRABFEFP,1,Fill-in-the-blank(s),Numeric,The area of a square is 36 square centimeters. What is the length of each side of the square? centimeters,The area of a square is 36 square centimeters. What is the length of each side of the square? centimeters,6,equation_algebra,6.EE.A.1,Write & Evaluate Numerical Expressions with Exponents,5760,1387,4580,5760,0.1930555555555555,0.0805555555555555,0.6923611111111111,"[{""answer_norm"": ""6"", ""n"": 4244}, {""answer_norm"": ""9"", ""n"": 552}, {""answer_norm"": ""18"", ""n"": 208}, {""answer_norm"": ""36"", ""n"": 208}, {""answer_norm"": ""8"", ""n"": 56}]",model_dev,duplicate_problem_rows
89416,PSBT2N,1,Fill-in-the-blank(s),Numeric,"Diego’s history teacher writes a test for the class with 26 questions. The test is worth 123 points and has two types of questions: multiple choice worth 3 points each, and essays worth 8 points each. How many essay questions are on the test? essay questions.","Diego’s history teacher writes a test for the class with 26 questions. The test is worth 123 points and has two types of questions: multiple choice worth 3 points each, and essays worth 8 points each. How many essay questions are on the test? essay questions.",9,equation_algebra,8.EE.C.8c,Solve Systems of Linear Equations Word Problems,659,647,409,659,0.3672230652503793,0.1623672230652503,0.5204855842185129,"[{""answer_norm"": ""9"", ""n"": 466}, {""answer_norm"": ""15"", ""n"": 40}, {""answer_norm"": ""26"", ""n"": 19}, {""answer_norm"": ""11"", ""n"": 11}, {""answer_norm"": ""8"", ""n"": 11}]",validation,
90428,PRABQPQJ,1,Fill-in-the-blank(s),Numeric,Solve the equation. 10 - 1 4 x = 7 x =,Solve the equation. 10 - 1 / 4 x = 7 x =,12,equation_algebra,7.EE.B.4a,Solve 2-Step Equations,91,73,83,91,0.0879120879120879,0.0219780219780219,0.4835164835164835,"[{""answer_norm"": ""12"", ""n"": 47}, {""answer_norm"": ""-12"", ""n"": 9}, {""answer_norm"": ""68"", ""n"": 4}, {""answer_norm"": ""-0.75"", ""n"": 2}, {""answer_norm"": ""-11/4"", ""n"": 2}]",model_dev,
90560,PRABQPQK,1,Fill-in-the-blank(s),Numeric,Solve the equation. 3 ( x + 8 ) = 21 x =,Solve the equation. 3 (x + 8) = 21 x =,-1,equation_algebra,7.EE.B.4a,Solve 2-Step Equations,91,73,83,91,0.0879120879120879,0.0,0.6593406593406593,"[{""answer_norm"": ""-1"", ""n"": 62}, {""answer_norm"": ""10"", ""n"": 5}, {""answer_norm"": ""15"", ""n"": 3}, {""answer_norm"": ""2.25"", ""n"": 3}, {""answer_norm"": ""x=-1"", ""n"": 2}]",validation,
91335,PSBUCB,3,Fill-in-the-blank(s),Numeric,How much does the trip cost? $,How much does the trip cost? $,600,fraction,6.NS.A.1,Interpret & Compute using Division of Fractions,338,317,255,338,0.2159763313609467,0.0473372781065088,0.6597633136094675,"[{""answer_norm"": ""600"", ""n"": 254}, {""answer_norm"": ""96"", ""n"": 13}, {""answer_norm"": ""120"", ""n"": 8}, {""answer_norm"": ""2/5"", ""n"": 4}, {""answer_norm"": ""24"", ""n"": 4}]",model_dev,
91684,PSBUE2,2,Fill-in-the-blank(s),Numeric,"Noah’s recipe for one batch of sparkling orange juice uses 4 liters of orange juice and 5 liters of soda water. If someone mixes 36 liters of orange juice and 45 liters of soda water, how many batches would they make? batches","Noah’s recipe for one batch of sparkling orange juice uses 4 liters of orange juice and 5 liters of soda water. If someone mixes 36 liters of orange juice and 45 liters of soda water, how many batches would they make? batches",9,ratio_percent,6.RP.A.3a,Create Tables to Compare Equivalent Ratios,169,169,144,169,0.1420118343195266,0.059171597633136,0.7633136094674556,"[{""answer_norm"": ""9"", ""n"": 140}, {""answer_norm"": ""10"", ""n"": 7}, {""answer_norm"": ""45"", ""n"": 3}, {""answer_norm"": ""8"", ""n"": 3}, {""answer_norm"": ""1620"", ""n"": 2}]",model_dev,
91787,PSBUEM,1,Fill-in-the-blank(s),Numeric,Mai walked 1 8 of a 30-mile walking trail. How many miles did Mai walk? miles,Mai walked 1 / 8 of a 30-mile walking trail. How many miles did Mai walk? miles,3.75,decimal,6.NS.B.3,"Add, Subtract, Multiply & Divide Multi-Digit Decimals",826,813,686,826,0.1501210653753026,0.0811138014527845,0.7094430992736077,"[{""answer_norm"": ""3.75"", ""n"": 572}, {""answer_norm"": ""3 3/4"", ""n"": 49}, {""answer_norm"": ""240"", ""n"": 15}, {""answer_norm"": "".125"", ""n"": 14}, {""answer_norm"": ""0.125"", ""n"": 12}]",model_dev,
91811,PSBUE2,3,Fill-in-the-blank(s),Numeric,"Noah’s recipe for one batch of sparkling orange juice uses 4 liters of orange juice and 5 liters of soda water. If someone uses 400 liters of orange juice, how much soda water would they need? liters of soda water","Noah’s recipe for one batch of sparkling orange juice uses 4 liters of orange juice and 5 liters of soda water. If someone uses 400 liters of orange juice, how much soda water would they need? liters of soda water",500,ratio_percent,6.RP.A.3a,Create Tables to Compare Equivalent Ratios,169,169,138,169,0.1834319526627219,0.0,0.7100591715976331,"[{""answer_norm"": ""500"", ""n"": 130}, {""answer_norm"": ""100"", ""n"": 11}, {""answer_norm"": ""80"", ""n"": 4}, {""answer_norm"": ""300"", ""n"": 3}, {""answer_norm"": ""320"", ""n"": 3}]",model_dev,
91913,PSBUE2,4,Fill-in-the-blank(s),Numeric,"Noah’s recipe for one batch of sparkling orange juice uses 4 liters of orange juice and 5 liters of soda water. If someone uses 455 liters of soda water, how much orange juice would they need? liters of orange juice","Noah’s recipe for one batch of sparkling orange juice uses 4 liters of orange juice and 5 liters of soda water. If someone uses 455 liters of soda water, how much orange juice would they need? liters of orange juice",364,ratio_percent,6.RP.A.3a,Create Tables to Compare Equivalent Ratios,168,168,107,168,0.3214285714285714,0.2678571428571428,0.4583333333333333,"[{""answer_norm"": ""364"", ""n"": 86}, {""answer_norm"": ""555"", ""n"": 23}, {""answer_norm"": ""91"", ""n"": 20}, {""answer_norm"": ""355"", ""n"": 4}, {""answer_norm"": ""444"", ""n"": 4}]",model_dev,
92205,PSBUMJ,1,Fill-in-the-blank(s),Numeric,Find the product of 12 and 8.,Find the product of 12 and 8.,96,whole_number_arithmetic,5.NBT.B.5,Multiply Multi-Digit Whole Numbers Using the Standard Algorithm,292,288,234,292,0.184931506849315,0.1095890410958904,0.6575342465753424,"[{""answer_norm"": ""96"", ""n"": 208}, {""answer_norm"": ""4"", ""n"": 34}, {""answer_norm"": ""24"", ""n"": 15}, {""answer_norm"": ""20"", ""n"": 7}, {""answer_norm"": ""2"", ""n"": 5}]",model_dev,
92361,PSBUMJ,2,Fill-in-the-blank(s),Numeric,Find the greatest common factor of 12 and 8.,Find the greatest common factor of 12 and 8.,4,other,6.NS.B.4,Find Common Factors & Multiples,291,287,229,291,0.1993127147766323,0.120274914089347,0.6769759450171822,"[{""answer_norm"": ""4"", ""n"": 217}, {""answer_norm"": ""24"", ""n"": 23}, {""answer_norm"": ""96"", ""n"": 18}, {""answer_norm"": ""2"", ""n"": 10}, {""answer_norm"": ""1"", ""n"": 3}]",model_dev,
92518,PSBUMJ,3,Fill-in-the-blank(s),Numeric,Find the least common multiple of 12 and 8.,Find the least common multiple of 12 and 8.,24,other,6.NS.B.4,Find Common Factors & Multiples,289,285,224,289,0.1937716262975778,0.1072664359861591,0.5847750865051903,"[{""answer_norm"": ""24"", ""n"": 182}, {""answer_norm"": ""2"", ""n"": 42}, {""answer_norm"": ""1"", ""n"": 32}, {""answer_norm"": ""4"", ""n"": 11}, {""answer_norm"": ""96"", ""n"": 6}]",model_dev,
92677,PSBUMJ,4,Fill-in-the-blank(s),Numeric,Find the product of the greatest common factor and the least common multiple of 12 and 8.,Find the product of the greatest common factor and the least common multiple of 12 and 8.,96,whole_number_arithmetic,5.NBT.B.5 | 6.NS.B.4,Multiply Multi-Digit Whole Numbers Using the Standard Algorithm | Find Common Factors & Multiples,289,285,221,289,0.2076124567474048,0.0519031141868512,0.6470588235294118,"[{""answer_norm"": ""96"", ""n"": 223}, {""answer_norm"": ""4"", ""n"": 18}, {""answer_norm"": ""24"", ""n"": 9}, {""answer_norm"": ""28"", ""n"": 3}, {""answer_norm"": ""4,24"", ""n"": 3}]",model_dev,
93868,PRABFKGR,1,Fill-in-the-blank(s),Numeric,Find the value of the expression mentally. 1 2 · 37 - 1 2 · 7,Find the value of the expression mentally. 1 / 2 * 37 - 1 / 2 * 7,15,ratio_percent,6.EE.A.3,Generate Equivalent Expressions using Properties of Operations,153,153,108,153,0.2941176470588235,0.0,0.5947712418300654,"[{""answer_norm"": ""15"", ""n"": 114}, {""answer_norm"": ""126"", ""n"": 6}, {""answer_norm"": ""30/2"", ""n"": 4}, {""answer_norm"": ""0"", ""n"": 2}, {""answer_norm"": ""15 1/2"", ""n"": 2}]",model_dev,
94031,PRABFKGS,1,Fill-in-the-blank(s),Numeric,Find the value of the expression mentally. 3 . 5 ⋅ 40 + 3 . 5 ⋅ 60,Find the value of the expression mentally. 3.5 * 40 + 3.5 * 60,350,ratio_percent,6.EE.A.3,Generate Equivalent Expressions using Properties of Operations,162,162,125,162,0.228395061728395,0.0,0.6419753086419753,"[{""answer_norm"": ""350"", ""n"": 123}, {""answer_norm"": ""8610"", ""n"": 7}, {""answer_norm"": ""410"", ""n"": 3}, {""answer_norm"": ""107"", ""n"": 2}, {""answer_norm"": ""359"", ""n"": 2}]",model_dev,
94199,PRABFKGT,1,Fill-in-the-blank(s),Numeric,Find the value of the expression mentally. 999 ⋅ 5,Find the value of the expression mentally. 999 * 5,4995,ratio_percent,6.EE.A.3,Generate Equivalent Expressions using Properties of Operations,156,156,134,156,0.141025641025641,0.0,0.7692307692307693,"[{""answer_norm"": ""4995"", ""n"": 124}, {""answer_norm"": ""4,995"", ""n"": 11}, {""answer_norm"": ""995"", ""n"": 3}, {""answer_norm"": ""495"", ""n"": 2}, {""answer_norm"": ""-5"", ""n"": 1}]",model_dev,
94737,PRABHSS3,1,Fill-in-the-blank(s),Numeric,Solve the equation for x. 12 + 6 x 3 = 5 - 9 2 x =,Solve the equation for x. (12 + 6 x) / 3 = (5 - 9) / 2 x =,-3,ratio_percent,8.EE.C.7b,Solve Multi-Step Linear Equations with Rational Number Coefficients,12,12,7,12,0.4166666666666667,0.0,0.5,"[{""answer_norm"": ""-3"", ""n"": 10}, {""answer_norm"": ""-23/4"", ""n"": 1}, {""answer_norm"": ""3"", ""n"": 1}]",test,
94876,PRABHSS4,1,Fill-in-the-blank(s),Numeric,Solve the equation for x. x - 4 = 1 3 ( 6 x - 54 ) x =,Solve the equation for x. x - 4 = 1 / 3 (6 x - 54) x =,14,ratio_percent,8.EE.C.7b,Solve Multi-Step Linear Equations with Rational Number Coefficients,26,26,18,26,0.2692307692307692,0.2307692307692307,0.6923076923076923,"[{""answer_norm"": ""14"", ""n"": 22}, {""answer_norm"": ""-14"", ""n"": 1}, {""answer_norm"": ""-3"", ""n"": 1}, {""answer_norm"": ""22"", ""n"": 1}, {""answer_norm"": ""7"", ""n"": 1}]",model_dev,
95029,PRABHSS5,1,Fill-in-the-blank(s),Numeric,Solve the equation for x. - ( 3 x - 12 ) = 9 x - 4 x =,Solve the equation for x. - (3 x - 12) = 9 x - 4 x =,3-Apr,ratio_percent,8.EE.C.7b,Solve Multi-Step Linear Equations with Rational Number Coefficients,25,25,14,25,0.44,0.36,0.44,"[{""answer_norm"": ""4/3"", ""n"": 16}, {""answer_norm"": ""1 1/3"", ""n"": 4}, {""answer_norm"": ""-16/1"", ""n"": 1}, {""answer_norm"": ""1 3/4"", ""n"": 1}, {""answer_norm"": ""1/4"", ""n"": 1}]",test,
96079,PSBU4E,1,Fill-in-the-blank(s),Algebraic Expression,"Elena is designing a logo in the shape of a parallelogram. She wants the logo to have an area of 12 square inches. She draws bases of different lengths and tries to compute the height for each. Write an equation Elena can use to find the height, h , for each value of the base, b . h = Use b as your variable.","Elena is designing a logo in the shape of a parallelogram. She wants the logo to have an area of 12 square inches. She draws bases of different lengths and tries to compute the height for each. Write an equation Elena can use to find the height, h, for each value of the base, b. h = Use b as your variable.",12/b,equation_algebra,6.EE.C.9,Write & Analyze Relationships Between Dependent & Independent Variables,125,124,74,125,0.408,0.048,0.464,"[{""answer_norm"": ""12/b"", ""n"": 85}, {""answer_norm"": ""12b"", ""n"": 9}, {""answer_norm"": ""4b"", ""n"": 5}, {""answer_norm"": ""b"", ""n"": 4}, {""answer_norm"": ""3b"", ""n"": 2}]",model_dev,
96485,PSBU8Y,1,Fill-in-the-blank(s),Numeric,A computer randomly selects a letter from the alphabet. How many different outcomes are in the sample space? outcomes,A computer randomly selects a letter from the alphabet. How many different outcomes are in the sample space? outcomes,26,statistics_probability,7.SP.C.8b,Represent Sample Spaces for Compound Events,1187,1161,1089,1187,0.0775063184498736,0.0160067396798652,0.814658803706824,"[{""answer_norm"": ""26"", ""n"": 1011}, {""answer_norm"": ""1/26"", ""n"": 94}, {""answer_norm"": ""27"", ""n"": 12}, {""answer_norm"": ""24"", ""n"": 9}, {""answer_norm"": ""3/12"", ""n"": 7}]",model_dev,
96632,PSBU7R,1,Fill-in-the-blank(s),Numeric,Noah has a coupon for 30% off at his favorite clothing store. He uses it to buy a hoodie and a pair of jeans. Noah paid $28 for the jeans after using the coupon. What is the regular price of the jeans? $,Noah has a coupon for 30% off at his favorite clothing store. He uses it to buy a hoodie and a pair of jeans. Noah paid $28 for the jeans after using the coupon. What is the regular price of the jeans? $,40,ratio_percent,7.RP.A.3 | 7.EE.B.3,Use Proportional Relationships to Solve Ratio & Percent Problems | Solve Applied Problems Using Numerical and Algebraic Expressions and Equations,46,40,35,46,0.2391304347826087,0.0434782608695652,0.3695652173913043,"[{""answer_norm"": ""40"", ""n"": 19}, {""answer_norm"": ""36.40"", ""n"": 6}, {""answer_norm"": ""36.4"", ""n"": 4}, {""answer_norm"": ""21.54"", ""n"": 3}, {""answer_norm"": ""19.6"", ""n"": 2}]",model_dev,
96761,PSBU7R,2,Fill-in-the-blank(s),Numeric,Noah has a coupon for 30% off at his favorite clothing store. He uses it to buy a hoodie and a pair of jeans. The regular price of a hoodie is $27. What did Noah pay for the hoodie? $,Noah has a coupon for 30% off at his favorite clothing store. He uses it to buy a hoodie and a pair of jeans. The regular price of a hoodie is $27. What did Noah pay for the hoodie? $,18.9,ratio_percent,7.RP.A.3 | 7.EE.B.3,Use Proportional Relationships to Solve Ratio & Percent Problems | Solve Applied Problems Using Numerical and Algebraic Expressions and Equations,46,40,35,46,0.2391304347826087,0.0434782608695652,0.4565217391304347,"[{""answer_norm"": ""18.9"", ""n"": 14}, {""answer_norm"": ""18.90"", ""n"": 11}, {""answer_norm"": ""35.1"", ""n"": 3}, {""answer_norm"": ""35.10"", ""n"": 3}, {""answer_norm"": ""8.1"", ""n"": 2}]",model_dev,
97107,PSBU9B,1,Fill-in-the-blank(s),Numeric,"Kiran’s mother gets a restaurant bill for $25. She has a coupon for 15% off. After the discount is applied, she adds 20% as a tip. What is the total after the discount and tip? $","Kiran’s mother gets a restaurant bill for $25. She has a coupon for 15% off. After the discount is applied, she adds 20% as a tip. What is the total after the discount and tip? $",25.5,ratio_percent,7.RP.A.3,Use Proportional Relationships to Solve Ratio & Percent Problems,33,33,27,33,0.1818181818181818,0.0,0.4848484848484848,"[{""answer_norm"": ""25.50"", ""n"": 13}, {""answer_norm"": ""25.5"", ""n"": 6}, {""answer_norm"": ""26.25"", ""n"": 3}, {""answer_norm"": ""34.50"", ""n"": 2}, {""answer_norm"": ""1.4"", ""n"": 1}]",model_dev,
97399,PSBVBE,1,Fill-in-the-blank(s),Numeric,"Jada’s sister works in a furniture store. Jada’s sister earns $15 per hour. The store offers her a raise—a 9% increase per hour. After the raise, how much will Jada’s sister make per hour? $","Jada’s sister works in a furniture store. Jada’s sister earns $15 per hour. The store offers her a raise-a 9% increase per hour. After the raise, how much will Jada’s sister make per hour? $",16.35,ratio_percent,7.RP.A.3 | 7.EE.B.3,Use Proportional Relationships to Solve Ratio & Percent Problems | Solve Applied Problems Using Numerical and Algebraic Expressions and Equations,37,37,32,37,0.1351351351351351,0.0,0.7027027027027027,"[{""answer_norm"": ""16.35"", ""n"": 28}, {""answer_norm"": ""1.35"", ""n"": 1}, {""answer_norm"": ""13.5"", ""n"": 1}, {""answer_norm"": ""16. 35"", ""n"": 1}, {""answer_norm"": ""16.3"", ""n"": 1}]",validation,
97491,PSBVDH,1,Fill-in-the-blank(s),Numeric,A car has 15 gallons of gas in its tank. The car travels 35 miles per gallon of gas. It uses 1 35 of a gallon of gas to go 1 mile. How far can the car travel with 15 gallons? miles,A car has 15 gallons of gas in its tank. The car travels 35 miles per gallon of gas. It uses 1 / 35 of a gallon of gas to go 1 mile. How far can the car travel with 15 gallons? miles,525,ratio_percent,6.RP.A.3b,Solve Unit Rate Problems,1028,1022,771,1028,0.2013618677042801,0.1021400778210116,0.6702334630350194,"[{""answer_norm"": ""525"", ""n"": 782}, {""answer_norm"": ""15"", ""n"": 32}, {""answer_norm"": ""15/35"", ""n"": 32}, {""answer_norm"": ""2 6/7"", ""n"": 13}, {""answer_norm"": ""35"", ""n"": 11}]",validation,
97533,PSBVBE,2,Fill-in-the-blank(s),Numeric,The store bought a table for $200 and sold it for $350. What percentage was the markup? %,The store bought a table for $200 and sold it for $350. What percentage was the markup? %,75,ratio_percent,7.RP.A.3 | 7.EE.B.3,Use Proportional Relationships to Solve Ratio & Percent Problems | Solve Applied Problems Using Numerical and Algebraic Expressions and Equations,37,37,30,37,0.1891891891891892,0.0,0.4324324324324324,"[{""answer_norm"": ""75"", ""n"": 19}, {""answer_norm"": ""57.14"", ""n"": 4}, {""answer_norm"": ""175"", ""n"": 2}, {""answer_norm"": ""1.5"", ""n"": 1}, {""answer_norm"": ""1.50"", ""n"": 1}]",validation,
97648,PSBVBE,3,Fill-in-the-blank(s),Numeric,"Jada’s sister earns a commission. She makes 3.5% of the amount she sells. Last week, she sold $7,000 worth of furniture. How much was her commission? $","Jada’s sister earns a commission. She makes 3.5% of the amount she sells. Last week, she sold $7,000 worth of furniture. How much was her commission? $",245,ratio_percent,7.RP.A.3 | 7.EE.B.3,Use Proportional Relationships to Solve Ratio & Percent Problems | Solve Applied Problems Using Numerical and Algebraic Expressions and Equations,37,37,31,37,0.1351351351351351,0.054054054054054,0.7837837837837838,"[{""answer_norm"": ""245"", ""n"": 33}, {""answer_norm"": ""213.5"", ""n"": 1}, {""answer_norm"": ""38"", ""n"": 1}, {""answer_norm"": ""6755"", ""n"": 1}, {""answer_norm"": ""7245"", ""n"": 1}]",validation,
97813,PSBVDH,3,Fill-in-the-blank(s),Numeric,A car can travel 35 miles per gallon of gas. It uses 1 35 of a gallon of gas to go 1 mile. How much gas does the car use to go 100 miles? gallons,A car can travel 35 miles per gallon of gas. It uses 1 / 35 of a gallon of gas to go 1 mile. How much gas does the car use to go 100 miles? gallons,100/35,ratio_percent,6.RP.A.3b,Solve Unit Rate Problems,1025,1019,489,1025,0.488780487804878,0.1882926829268292,0.344390243902439,"[{""answer_norm"": ""2 6/7"", ""n"": 188}, {""answer_norm"": ""100/35"", ""n"": 182}, {""answer_norm"": ""3500"", ""n"": 85}, {""answer_norm"": ""2 30/35"", ""n"": 51}, {""answer_norm"": ""1500"", ""n"": 43}]",validation,
97915,PRABEUB8,1,Fill-in-the-blank(s),Numeric,"What is the probability of selecting a random month of the year and getting a month that starts with the letter “J?” If you get stuck, consider listing the sample space.","What is the probability of selecting a random month of the year and getting a month that starts with the letter “J?” If you get stuck, consider listing the sample space.",12-Mar,statistics_probability,7.SP.C.7a,Develop a Uniform Probabilty Model of a Single Event,1163,1139,1006,1163,0.1332760103181427,0.0455717970765262,0.6758383490971626,"[{""answer_norm"": ""3/12"", ""n"": 638}, {""answer_norm"": ""1/4"", ""n"": 151}, {""answer_norm"": ""1/12"", ""n"": 97}, {""answer_norm"": ""2/12"", ""n"": 58}, {""answer_norm"": ""1/3"", ""n"": 35}]",validation,
98095,PRABQN7G,1,Fill-in-the-blank(s),Numeric,A practice field is 250 feet long. The game field is 40% longer than the practice field. How long is the game field? feet,A practice field is 250 feet long. The game field is 40% longer than the practice field. How long is the game field? feet,350,ratio_percent,7.RP.A.3,Use Proportional Relationships to Solve Ratio & Percent Problems,44,43,38,44,0.1363636363636363,0.0,0.75,"[{""answer_norm"": ""350"", ""n"": 36}, {""answer_norm"": ""100"", ""n"": 4}, {""answer_norm"": ""10250"", ""n"": 1}, {""answer_norm"": ""300"", ""n"": 1}, {""answer_norm"": ""310"", ""n"": 1}]",validation,
98240,PSBVFK,1,Fill-in-the-blank(s),Numeric,A box of cereal weighs 600 grams. How much is this weight in pounds? (Note: 1 kilogram = 2.2 pounds) pounds,A box of cereal weighs 600 grams. How much is this weight in pounds? (Note: 1 kilogram = 2.2 pounds) pounds,1.32,ratio_percent,6.RP.A.3d,Use Ratios to Convert Measurement Units,967,960,509,967,0.390899689762151,0.201654601861427,0.4260599793174767,"[{""answer_norm"": ""1.32"", ""n"": 529}, {""answer_norm"": ""1.32277"", ""n"": 52}, {""answer_norm"": ""1320"", ""n"": 44}, {""answer_norm"": ""1.3"", ""n"": 40}, {""answer_norm"": ""1.323"", ""n"": 26}]",model_dev,
99193,PSBVNW,1,Fill-in-the-blank(s),Algebraic Expression,"A cable company charges $70 per month for cable service to existing customers. Find a linear equation representing the relationship between x , the number of months of service, and y , the total amount paid in dollars by an existing customer. y =","A cable company charges $70 per month for cable service to existing customers. Find a linear equation representing the relationship between x, the number of months of service, and y, the total amount paid in dollars by an existing customer. y =",70x,equation_algebra,8.EE.C.8b | 8.F.B.4,Solve Systems of Linear Equations Algebraically | Use Functions to Model Relationships Between Quantities,943,929,751,943,0.2014846235418876,0.0816542948038176,0.7613997879109226,"[{""answer_norm"": ""70x"", ""n"": 830}, {""answer_norm"": ""x70"", ""n"": 20}, {""answer_norm"": ""y=70x"", ""n"": 13}, {""answer_norm"": ""70x+0"", ""n"": 8}, {""answer_norm"": ""x+70"", ""n"": 8}]",validation,
100714,PRABEU7C,1,Fill-in-the-blank(s),Numeric,"If 6 coins are flipped, find the probability that there is at least 1 heads.","If 6 coins are flipped, find the probability that there is at least 1 heads.",63/64,statistics_probability,7.SP.C.7a,Develop a Uniform Probabilty Model of a Single Event,264,263,117,264,0.5492424242424242,0.3257575757575757,0.3181818181818182,"[{""answer_norm"": ""63/64"", ""n"": 101}, {""answer_norm"": ""1/6"", ""n"": 30}, {""answer_norm"": ""1/12"", ""n"": 17}, {""answer_norm"": ""1/2"", ""n"": 17}, {""answer_norm"": ""3/6"", ""n"": 16}]",model_dev,
102028,PSBV2W,2,Fill-in-the-blank(s),Numeric,A sixth-grade science club needs $180 to pay for the tickets to a science museum. All tickets cost the same amount. Find the quotient.,A sixth-grade science club needs $180 to pay for the tickets to a science museum. All tickets cost the same amount. Find the quotient.,12,whole_number_arithmetic,6.NS.B.2,Divide Multi-Digit Whole Numbers,1124,1109,975,1124,0.1281138790035587,0.0311387900355871,0.8131672597864769,"[{""answer_norm"": ""12"", ""n"": 986}, {""answer_norm"": ""2"", ""n"": 23}, {""answer_norm"": ""15"", ""n"": 18}, {""answer_norm"": ""36"", ""n"": 18}, {""answer_norm"": ""180"", ""n"": 17}]",validation,
102385,PSBV6V,2,Fill-in-the-blank(s),Numeric,Find the value of k .,Find the value of k.,25,ratio_percent,7.RP.A.2b,Identify the Constant of Proportionality,1851,1824,1247,1851,0.3236088600756348,0.1226364127498649,0.5915721231766613,"[{""answer_norm"": ""25"", ""n"": 1289}, {""answer_norm"": ""10"", ""n"": 109}, {""answer_norm"": ""1"", ""n"": 69}, {""answer_norm"": ""20"", ""n"": 36}, {""answer_norm"": ""7.99"", ""n"": 34}]",model_dev,
103383,PSBWAZ,2,Fill-in-the-blank(s),Numeric,Find a value for a that makes the statement true. a ÷ 6 is equal to 1,Find a value for a that makes the statement true. a / 6 is equal to 1,6,fraction,6.NS.A.1 | 6.NS.B.2,Interpret & Compute using Division of Fractions | Divide Multi-Digit Whole Numbers,899,867,727,899,0.1568409343715239,0.0667408231368186,0.681868743047831,"[{""answer_norm"": ""6"", ""n"": 686}, {""answer_norm"": ""12"", ""n"": 44}, {""answer_norm"": ""1"", ""n"": 37}, {""answer_norm"": ""7"", ""n"": 17}, {""answer_norm"": ""2"", ""n"": 16}]",model_dev,
103888,PSBWCM,1,Fill-in-the-blank(s),Numeric,"Jada walks at a speed of 3 miles per hour. Elena walks at a speed of 2.8 miles per hour. If they both begin walking along a walking trail at the same time, how much farther will Jada walk after 3 hours? miles","Jada walks at a speed of 3 miles per hour. Elena walks at a speed of 2.8 miles per hour. If they both begin walking along a walking trail at the same time, how much farther will Jada walk after 3 hours? miles",0.6,ratio_percent,6.RP.A.3b,Solve Unit Rate Problems,620,598,390,620,0.3306451612903225,0.2370967741935483,0.4967741935483871,"[{""answer_norm"": ""0.6"", ""n"": 262}, {""answer_norm"": "".6"", ""n"": 131}, {""answer_norm"": ""9"", ""n"": 71}, {""answer_norm"": ""6"", ""n"": 31}, {""answer_norm"": ""8.4"", ""n"": 19}]",model_dev,
104135,PSBWDG,3,Fill-in-the-blank(s),Numeric,Here is an equation: 15 ( x - 3 ) 5 = 3 ( 2 x - 3 ) Check your solution. x =,Here is an equation: (15 (x - 3)) / 5 = 3 (2 x - 3) Check your solution. x =,0,ratio_percent,8.EE.C.7b,Solve Multi-Step Linear Equations with Rational Number Coefficients,662,657,441,662,0.3308157099697885,0.0574018126888217,0.6012084592145015,"[{""answer_norm"": ""0"", ""n"": 505}, {""answer_norm"": ""-9"", ""n"": 26}, {""answer_norm"": ""3"", ""n"": 16}, {""answer_norm"": ""2"", ""n"": 14}, {""answer_norm"": ""4"", ""n"": 11}]",model_dev,
104232,PSBWF3,2,Fill-in-the-blank(s),Numeric,"If this pattern continues, what should be the value of 5 0 ?","If this pattern continues, what should be the value of 5^(0)?",1,other,8.EE.A.3,Expressing Quantities in Scientific Notation,637,631,565,637,0.1036106750392464,0.0235478806907378,0.8069073783359497,"[{""answer_norm"": ""1"", ""n"": 544}, {""answer_norm"": ""0"", ""n"": 46}, {""answer_norm"": ""5"", ""n"": 36}, {""answer_norm"": ""1/5"", ""n"": 3}, {""answer_norm"": ""-5"", ""n"": 1}]",model_dev,
104560,PSBWF3,4,Fill-in-the-blank(s),Numeric,"If this pattern continues, what should be the value of 5 -1 ?","If this pattern continues, what should be the value of 5^(-1)?",5-Jan,other,8.EE.A.3,Expressing Quantities in Scientific Notation,635,629,491,635,0.2110236220472441,0.0708661417322834,0.6503937007874016,"[{""answer_norm"": ""1/5"", ""n"": 361}, {""answer_norm"": ""-5"", ""n"": 87}, {""answer_norm"": ""0.2"", ""n"": 64}, {""answer_norm"": ""-1"", ""n"": 16}, {""answer_norm"": "".2"", ""n"": 16}]",model_dev,
104742,PRABQYE3,1,Fill-in-the-blank(s),Numeric,"In a day care group, nine babies are five months old and 12 babies are seven months old. How many full months from now will the average age of the 21 babies first surpass 20 months old? months","In a day care group, nine babies are five months old and 12 babies are seven months old. How many full months from now will the average age of the 21 babies first surpass 20 months old? months",14,equation_algebra,7.EE.B.4a,Solve 2-Step Equations,1,1,0,1,1.0,0.0,0.0,"[{""answer_norm"": ""40"", ""n"": 1}]",model_dev,
104881,PSBWMQ,1,Fill-in-the-blank(s),Numeric,"Tyler wonders what proportion of students at his school would dye their hair blue if their parents would let them. He surveyed a random sample of 10 students at his school, and 2 of them said they would. Kiran didn’t think Tyler’s estimate was very accurate, so he surveyed a random sample of 100 students, and 17 of them said they would. Based on Tyler's sample, what proportion of the students would dye their hair blue?","Tyler wonders what proportion of students at his school would dye their hair blue if their parents would let them. He surveyed a random sample of 10 students at his school, and 2 of them said they would. Kiran didn’t think Tyler’s estimate was very accurate, so he surveyed a random sample of 100 students, and 17 of them said they would. Based on Tyler's sample, what proportion of the students would dye their hair blue?",10-Feb,statistics_probability,7.SP.A.2,Use Random Samples to Draw Influences,327,326,250,327,0.2324159021406728,0.0795107033639143,0.6024464831804281,"[{""answer_norm"": ""2/10"", ""n"": 146}, {""answer_norm"": ""17/100"", ""n"": 42}, {""answer_norm"": ""1/5"", ""n"": 36}, {""answer_norm"": "".20"", ""n"": 31}, {""answer_norm"": ""20"", ""n"": 14}]",model_dev,
105229,PSBWMQ,2,Fill-in-the-blank(s),Numeric,"Tyler wonders what proportion of students at his school would dye their hair blue if their parents would let them. He surveyed a random sample of 10 students at his school, and 2 of them said they would. Kiran didn’t think Tyler’s estimate was very accurate, so he surveyed a random sample of 100 students, and 17 of them said they would. Based on Kiran's sample, what proportion of the students would dye their hair blue?","Tyler wonders what proportion of students at his school would dye their hair blue if their parents would let them. He surveyed a random sample of 10 students at his school, and 2 of them said they would. Kiran didn’t think Tyler’s estimate was very accurate, so he surveyed a random sample of 100 students, and 17 of them said they would. Based on Kiran's sample, what proportion of the students would dye their hair blue?",17/100,statistics_probability,7.SP.A.2,Use Random Samples to Draw Influences,327,326,280,327,0.1376146788990825,0.0397553516819571,0.8348623853211009,"[{""answer_norm"": ""17/100"", ""n"": 245}, {""answer_norm"": "".17"", ""n"": 37}, {""answer_norm"": ""0.17"", ""n"": 8}, {""answer_norm"": ""2/10"", ""n"": 6}, {""answer_norm"": ""4/10"", ""n"": 4}]",model_dev,
105867,PSBWMZ,4,Fill-in-the-blank(s),Numeric,"If the pattern continues, how many mosquitoes will there be on day 6? mosquitoes","If the pattern continues, how many mosquitoes will there be on day 6? mosquitoes",64,equation_algebra,6.EE.C.9,Write & Analyze Relationships Between Dependent & Independent Variables,20,20,16,20,0.15,0.05,0.8,"[{""answer_norm"": ""64"", ""n"": 17}, {""answer_norm"": ""1"", ""n"": 1}, {""answer_norm"": ""34"", ""n"": 1}, {""answer_norm"": ""40"", ""n"": 1}]",validation,
108478,PSBW27,2,Fill-in-the-blank(s),Numeric,How many weeks does it take the family to consume 1 gallon of milk? weeks per gallon,How many weeks does it take the family to consume 1 gallon of milk? weeks per gallon,0.6,ratio_percent,6.RP.A.3b,Solve Unit Rate Problems,219,218,153,219,0.2785388127853881,0.0730593607305936,0.634703196347032,"[{""answer_norm"": ""0.6"", ""n"": 115}, {""answer_norm"": "".6"", ""n"": 20}, {""answer_norm"": ""1"", ""n"": 18}, {""answer_norm"": ""3/5"", ""n"": 14}, {""answer_norm"": ""6/10"", ""n"": 9}]",model_dev,
108574,PSBW4V,2,Fill-in-the-blank(s),Numeric,What value could you write in after 3x that would make the equation true for all values of x ? 3 x + 8 = 3 x +,What value could you write in after 3x that would make the equation true for all values of x? 3 x + 8 = 3 x +,8,equation_algebra,8.EE.C.7a,"Solve Linear Equations with One, Multiple or No Solutions",375,358,303,375,0.1893333333333333,0.0266666666666666,0.76,"[{""answer_norm"": ""8"", ""n"": 318}, {""answer_norm"": ""0"", ""n"": 11}, {""answer_norm"": ""2"", ""n"": 8}, {""answer_norm"": ""3"", ""n"": 4}, {""answer_norm"": ""4"", ""n"": 4}]",model_dev,
109056,PRABEPJS,1,Fill-in-the-blank(s),Numeric,Complete the equation with a number that makes it true. 5 · = 15,Complete the equation with a number that makes it true. 5 * = 15,3,equation_algebra,6.EE.B.5,Solve 1-Step Equations & Inequalities Using Substitution,470,452,460,470,0.0148936170212765,0.0063829787234042,0.951063829787234,"[{""answer_norm"": ""3"", ""n"": 450}, {""answer_norm"": ""10"", ""n"": 5}, {""answer_norm"": ""2"", ""n"": 3}, {""answer_norm"": ""1.5"", ""n"": 2}, {""answer_norm"": ""5"", ""n"": 2}]",model_dev,
109387,PRABTGS8,1,Fill-in-the-blank(s),Numeric,Complete the equation with a number that makes it true. 4 · = 32,Complete the equation with a number that makes it true. 4 * = 32,8,equation_algebra,6.EE.B.5,Solve 1-Step Equations & Inequalities Using Substitution,367,349,358,367,0.0136239782016348,0.0108991825613079,0.9182561307901907,"[{""answer_norm"": ""8"", ""n"": 342}, {""answer_norm"": ""6"", ""n"": 7}, {""answer_norm"": ""7"", ""n"": 5}, {""answer_norm"": ""9"", ""n"": 4}, {""answer_norm"": ""4"", ""n"": 2}]",model_dev,
109501,PRABTGS9,1,Fill-in-the-blank(s),Numeric,Complete the equation with a number that makes it true. 6 · = 9,Complete the equation with a number that makes it true. 6 * = 9,"1 1/2, 3/2, 1.5",equation_algebra,6.EE.B.5,Solve 1-Step Equations & Inequalities Using Substitution,366,348,297,366,0.1475409836065573,0.1010928961748633,0.6967213114754098,"[{""answer_norm"": ""1.5"", ""n"": 248}, {""answer_norm"": ""3"", ""n"": 24}, {""answer_norm"": ""1/2"", ""n"": 13}, {""answer_norm"": ""1 1/2"", ""n"": 12}, {""answer_norm"": ""3/2"", ""n"": 12}]",model_dev,
109628,PRABTGTA,1,Fill-in-the-blank(s),Numeric,Complete the equation with a number that makes it true. 12 · = 3,Complete the equation with a number that makes it true. 12 * = 3,"1/4, 0.25",equation_algebra,6.EE.B.5,Solve 1-Step Equations & Inequalities Using Substitution,366,348,271,366,0.1885245901639344,0.1530054644808743,0.5409836065573771,"[{""answer_norm"": ""0.25"", ""n"": 107}, {""answer_norm"": ""4"", ""n"": 78}, {""answer_norm"": ""1/4"", ""n"": 68}, {""answer_norm"": "".25"", ""n"": 35}, {""answer_norm"": "".4"", ""n"": 8}]",validation,
109969,PSBXCT,2,Fill-in-the-blank(s),Numeric,The daycare manager wants to add 3 more inches to the depth of the sand in the small sandbox. How many bags of sand will they need to buy? bags of sand,The daycare manager wants to add 3 more inches to the depth of the sand in the small sandbox. How many bags of sand will they need to buy? bags of sand,5,ratio_percent,7.RP.A.2a | 7.G.A.1 | 7.G.B.6,"Identify Proportional Relationships | Solve Scale Drawing Problems | Find Area, Volume & Surface Area of 2D/3D Objects",18,18,11,18,0.3888888888888889,0.3333333333333333,0.5555555555555556,"[{""answer_norm"": ""5"", ""n"": 13}, {""answer_norm"": ""14"", ""n"": 1}, {""answer_norm"": ""19"", ""n"": 1}, {""answer_norm"": ""20"", ""n"": 1}, {""answer_norm"": ""2457"", ""n"": 1}]",test,
110017,PSBXC8,2,Fill-in-the-blank(s),Numeric,After how many months will the bamboo plant be 66 inches tall? months,After how many months will the bamboo plant be 66 inches tall? months,18,functions_graphs,8.F.B.4,Use Functions to Model Relationships Between Quantities,770,762,467,770,0.1493506493506493,0.3883116883116883,0.5025974025974026,"[{""answer_norm"": ""18"", ""n"": 468}, {""answer_norm"": ""17"", ""n"": 32}, {""answer_norm"": ""15"", ""n"": 31}, {""answer_norm"": ""22"", ""n"": 31}, {""answer_norm"": ""14"", ""n"": 23}]",model_dev,
110096,PSBXCT,3,Fill-in-the-blank(s),Numeric,"The daycare manager also wants to add 3 more inches to the depth of the sand in the large sandbox. The base of the large sandbox is a scaled copy of the base of the small sandbox, with a scale factor of 1.5. How many bags of sand will they need to buy for the large sandbox? bags of sand","The daycare manager also wants to add 3 more inches to the depth of the sand in the large sandbox. The base of the large sandbox is a scaled copy of the base of the small sandbox, with a scale factor of 1.5. How many bags of sand will they need to buy for the large sandbox? bags of sand",10,ratio_percent,7.RP.A.2a | 7.G.A.1 | 7.G.B.6,"Identify Proportional Relationships | Solve Scale Drawing Problems | Find Area, Volume & Surface Area of 2D/3D Objects",18,18,10,18,0.4444444444444444,0.1666666666666666,0.5,"[{""answer_norm"": ""10"", ""n"": 11}, {""answer_norm"": ""14"", ""n"": 1}, {""answer_norm"": ""45.50"", ""n"": 1}, {""answer_norm"": ""5.5"", ""n"": 1}, {""answer_norm"": ""62"", ""n"": 1}]",test,
110217,PSBXCT,4,Fill-in-the-blank(s),Numeric,A lawn and garden store is selling 6 bags of sand for $19.50. How much will they spend to buy all the new sand for both sandboxes? $,A lawn and garden store is selling 6 bags of sand for $19.50. How much will they spend to buy all the new sand for both sandboxes? $,45.5,ratio_percent,7.RP.A.2a | 7.G.A.1 | 7.G.B.6,"Identify Proportional Relationships | Solve Scale Drawing Problems | Find Area, Volume & Surface Area of 2D/3D Objects",18,18,11,18,0.3888888888888889,0.1666666666666666,0.5,"[{""answer_norm"": ""45.50"", ""n"": 9}, {""answer_norm"": ""14"", ""n"": 2}, {""answer_norm"": ""45.5"", ""n"": 2}, {""answer_norm"": ""136.50"", ""n"": 1}, {""answer_norm"": ""20"", ""n"": 1}]",test,
110306,PSBXD5,2,Fill-in-the-blank(s),Numeric,Use your equation to find x . x =,Use your equation to find x. x =,87.5,ratio_percent,6.RP.A.3c,Solve Problems Involving Percents,1205,1181,972,1202,0.1593360995850622,0.1394190871369294,0.6437728937728938,"[{""answer_norm"": ""87.5"", ""n"": 769}, {""answer_norm"": ""14"", ""n"": 70}, {""answer_norm"": ""35"", ""n"": 19}, {""answer_norm"": ""87 1/2"", ""n"": 16}, {""answer_norm"": ""8.75"", ""n"": 15}]",test,
110609,PSBXFQ,1,Fill-in-the-blank(s),Numeric,A group of 8 friends go to the movies. A bag of popcorn costs $2.99. How much will it cost to get one bag of popcorn for each friend? $,A group of 8 friends go to the movies. A bag of popcorn costs $2.99. How much will it cost to get one bag of popcorn for each friend? $,23.92,ratio_percent,6.EE.A.3,Generate Equivalent Expressions using Properties of Operations,1174,1166,1049,1174,0.0979557069846678,0.0604770017035775,0.7734241908006815,"[{""answer_norm"": ""23.92"", ""n"": 954}, {""answer_norm"": ""24"", ""n"": 25}, {""answer_norm"": ""23.2"", ""n"": 8}, {""answer_norm"": ""13.92"", ""n"": 7}, {""answer_norm"": ""23"", ""n"": 6}]",model_dev,
110852,PSBXGX,2,Fill-in-the-blank(s),Numeric,Priya has completed 9 exam questions. This is 60% of the questions on the exam. How many questions are on the exam? questions,Priya has completed 9 exam questions. This is 60% of the questions on the exam. How many questions are on the exam? questions,15,equation_algebra,6.EE.B.7,Write & Solve 1-Step Equations,1172,1152,991,1172,0.1296928327645051,0.0955631399317406,0.7534129692832765,"[{""answer_norm"": ""15"", ""n"": 942}, {""answer_norm"": ""5.4"", ""n"": 27}, {""answer_norm"": ""16"", ""n"": 18}, {""answer_norm"": ""13"", ""n"": 16}, {""answer_norm"": ""54"", ""n"": 11}]",model_dev,
111728,PSBXNS,2,Fill-in-the-blank(s),Numeric,Use your equation to find x . x =,Use your equation to find x. x =,65,ratio_percent,6.RP.A.3c,Solve Problems Involving Percents,1034,1027,776,1034,0.2147001934235976,0.1499032882011605,0.6353965183752418,"[{""answer_norm"": ""65"", ""n"": 758}, {""answer_norm"": ""93.6"", ""n"": 42}, {""answer_norm"": ""650"", ""n"": 18}, {""answer_norm"": ""0.65"", ""n"": 17}, {""answer_norm"": ""6.5"", ""n"": 16}]",model_dev,
112350,PSBXSP,1,Fill-in-the-blank(s),Exact Match,For the equation 2 n − 3 = 7 What is the variable?,For the equation 2 n - 3 = 7 What is the variable?,n,equation_algebra,6.EE.B.5,Solve 1-Step Equations & Inequalities Using Substitution,1074,1055,714,1074,0.3202979515828678,0.084729981378026,0.4469273743016759,"[{""answer_norm"": ""n"", ""n"": 560}, {""answer_norm"": ""5"", ""n"": 343}, {""answer_norm"": ""2"", ""n"": 46}, {""answer_norm"": ""10"", ""n"": 39}, {""answer_norm"": ""4"", ""n"": 11}]",model_dev,
113440,PSBXZW,1,Fill-in-the-blank(s),Algebraic Expression,"Two months ago, the price, in dollars, of a cell phone was c . Last month, the price of the phone increased by 10%. Write an expression for the price of the phone last month. Use c as your variable","Two months ago, the price, in dollars, of a cell phone was c. Last month, the price of the phone increased by 10%. Write an expression for the price of the phone last month. Use c as your variable",1.1c,ratio_percent,7.RP.A.3,Use Proportional Relationships to Solve Ratio & Percent Problems,738,726,410,738,0.4281842818428184,0.2777777777777778,0.4512195121951219,"[{""answer_norm"": ""1.1c"", ""n"": 362}, {""answer_norm"": ""c+10%"", ""n"": 28}, {""answer_norm"": ""1.10c"", ""n"": 27}, {""answer_norm"": ""10c"", ""n"": 15}, {""answer_norm"": "".10c"", ""n"": 9}]",model_dev,
113478,PRABFGRJ,1,Fill-in-the-blank(s),Numeric,"A crew has paved 3 4 of a mile of road. If they have completed 50% of the work, how long is the road they are paving? miles","A crew has paved 3 / 4 of a mile of road. If they have completed 50% of the work, how long is the road they are paving? miles",1 1/2,ratio_percent,6.RP.A.3c,Solve Problems Involving Percents,1259,1231,1029,1259,0.165210484511517,0.0953137410643367,0.715647339158062,"[{""answer_norm"": ""1 1/2"", ""n"": 512}, {""answer_norm"": ""6/4"", ""n"": 188}, {""answer_norm"": ""1.5"", ""n"": 171}, {""answer_norm"": ""1 2/4"", ""n"": 70}, {""answer_norm"": ""6/8"", ""n"": 31}]",model_dev,
113646,PSBXZW,2,Fill-in-the-blank(s),Algebraic Expression,"This month, the price of the phone decreased by 10%. Write an expression for the price of the phone this month. Use c as your variable.","This month, the price of the phone decreased by 10%. Write an expression for the price of the phone this month. Use c as your variable.",0.9c,ratio_percent,7.RP.A.3,Use Proportional Relationships to Solve Ratio & Percent Problems,734,722,349,734,0.5136239782016349,0.2861035422343324,0.3610354223433242,"[{""answer_norm"": ""0.9c"", ""n"": 192}, {""answer_norm"": "".99c"", ""n"": 80}, {""answer_norm"": "".9c"", ""n"": 61}, {""answer_norm"": ""0.99c"", ""n"": 58}, {""answer_norm"": ""-1.1c"", ""n"": 36}]",model_dev,
114344,PSBX32,1,Fill-in-the-blank(s),Numeric,A bag contains 120 marbles. Some are red and the rest are black. There are 19 red marbles for every black marble. How many red marbles are in the bag? red marbles,A bag contains 120 marbles. Some are red and the rest are black. There are 19 red marbles for every black marble. How many red marbles are in the bag? red marbles,114,ratio_percent,6.RP.A.3a,Create Tables to Compare Equivalent Ratios,57,55,48,57,0.1578947368421052,0.0,0.5263157894736842,"[{""answer_norm"": ""114"", ""n"": 31}, {""answer_norm"": ""6"", ""n"": 6}, {""answer_norm"": ""101"", ""n"": 4}, {""answer_norm"": ""60"", ""n"": 2}, {""answer_norm"": ""115"", ""n"": 1}]",model_dev,
114557,PSBX5W,1,Fill-in-the-blank(s),Numeric,The scale of a map says that 4 cm represents 5 km. What distance on the map (in centimeters) represents an actual distance of 4 kilometers? centimeters,The scale of a map says that 4 cm represents 5 km. What distance on the map (in centimeters) represents an actual distance of 4 kilometers? centimeters,3.2,ratio_percent,7.G.A.1,Solve Scale Drawing Problems,11,11,7,11,0.3636363636363636,0.0,0.4545454545454545,"[{""answer_norm"": ""3.2"", ""n"": 4}, {""answer_norm"": ""3"", ""n"": 2}, {""answer_norm"": ""0.5"", ""n"": 1}, {""answer_norm"": ""1.25"", ""n"": 1}, {""answer_norm"": ""2"", ""n"": 1}]",test,
114644,PSBX7V,1,Fill-in-the-blank(s),Numeric,"Teachers held a basketball shooting contest. Their goal was to make 60 baskets. For the teacher, determine what percentage of the goal they achieved. Teacher A made 12 baskets. %","Teachers held a basketball shooting contest. Their goal was to make 60 baskets. For the teacher, determine what percentage of the goal they achieved. Teacher A made 12 baskets. %",20,ratio_percent,6.RP.A.3c,Solve Problems Involving Percents,7,7,2,7,0.2857142857142857,0.7142857142857143,0.2857142857142857,"[{""answer_norm"": ""20"", ""n"": 4}, {""answer_norm"": ""10"", ""n"": 1}, {""answer_norm"": ""5"", ""n"": 1}, {""answer_norm"": ""6"", ""n"": 1}]",validation,
114712,PSBX5W,2,Fill-in-the-blank(s),Numeric,What is the actual number of kilometers that is represented by 5 centimeters on the map? kilometers,What is the actual number of kilometers that is represented by 5 centimeters on the map? kilometers,6.25,ratio_percent,7.G.A.1,Solve Scale Drawing Problems,11,11,7,11,0.3636363636363636,0.0,0.5454545454545454,"[{""answer_norm"": ""6.25"", ""n"": 6}, {""answer_norm"": ""1.25"", ""n"": 1}, {""answer_norm"": ""4.2"", ""n"": 1}, {""answer_norm"": ""5.25"", ""n"": 1}, {""answer_norm"": ""5.5"", ""n"": 1}]",test,
114762,PSBX7V,2,Fill-in-the-blank(s),Numeric,"Teachers held a basketball shooting contest. Their goal was to make 60 baskets. For the teacher, determine what percentage of the goal they achieved. Teacher B made 42 baskets. %","Teachers held a basketball shooting contest. Their goal was to make 60 baskets. For the teacher, determine what percentage of the goal they achieved. Teacher B made 42 baskets. %",70,ratio_percent,6.RP.A.3c,Solve Problems Involving Percents,7,7,4,7,0.4285714285714285,0.5714285714285714,0.4285714285714285,"[{""answer_norm"": ""70"", ""n"": 4}, {""answer_norm"": ""60"", ""n"": 1}, {""answer_norm"": ""65"", ""n"": 1}, {""answer_norm"": ""7"", ""n"": 1}]",validation,
114882,PSBX7W,1,Fill-in-the-blank(s),Numeric,Tyler has two different maps of Ohio. The scale on the first map is 1 cm to 10 km. The distance from Cleveland to Cincinnati is 40 cm. The scale on the second map is 1 cm to 50 km. What is the distance from Cleveland to Cincinnati on the second map? cm,Tyler has two different maps of Ohio. The scale on the first map is 1 cm to 10 km. The distance from Cleveland to Cincinnati is 40 cm. The scale on the second map is 1 cm to 50 km. What is the distance from Cleveland to Cincinnati on the second map? cm,8,ratio_percent,7.G.A.1,Solve Scale Drawing Problems,33,32,31,33,0.0606060606060606,0.0,0.2727272727272727,"[{""answer_norm"": ""8"", ""n"": 9}, {""answer_norm"": ""200"", ""n"": 4}, {""answer_norm"": ""2000"", ""n"": 3}, {""answer_norm"": ""5"", ""n"": 3}, {""answer_norm"": ""400"", ""n"": 2}]",model_dev,
114889,PSBX7V,3,Fill-in-the-blank(s),Numeric,"Teachers held a basketball shooting contest. Their goal was to make 60 baskets. For the teacher, determine what percentage of the goal they achieved. Teacher C made 66 baskets. %","Teachers held a basketball shooting contest. Their goal was to make 60 baskets. For the teacher, determine what percentage of the goal they achieved. Teacher C made 66 baskets. %",110,ratio_percent,6.RP.A.3c,Solve Problems Involving Percents,7,7,5,7,0.2857142857142857,0.2857142857142857,0.5714285714285714,"[{""answer_norm"": ""110"", ""n"": 6}, {""answer_norm"": ""100"", ""n"": 1}]",validation,
115025,PSBX8G,3,Fill-in-the-blank(s),Numeric Expression,"Write an expression for the surface area, in square units. square units","Write an expression for the surface area, in square units. square units",6*17^2,fraction,6.G.A.2 | 6.G.A.4,Find the Volume of Rectangular Prisms with Fractional Sides | Represent 3D Figures Using Nets to Find Surface Area,42,42,17,42,0.5952380952380952,0.6190476190476191,0.2857142857142857,"[{""answer_norm"": ""6*(17^2)"", ""n"": 9}, {""answer_norm"": ""17^2"", ""n"": 6}, {""answer_norm"": ""17^2*6"", ""n"": 4}, {""answer_norm"": ""17^3"", ""n"": 4}, {""answer_norm"": ""17^6"", ""n"": 4}]",model_dev,
115027,PSBX7V,4,Fill-in-the-blank(s),Numeric,"Teachers held a basketball shooting contest. Their goal was to make 60 baskets. For the teacher, determine what percentage of the goal they achieved. Teacher D made 9 baskets. %","Teachers held a basketball shooting contest. Their goal was to make 60 baskets. For the teacher, determine what percentage of the goal they achieved. Teacher D made 9 baskets. %",15,ratio_percent,6.RP.A.3c,Solve Problems Involving Percents,7,7,5,7,0.2857142857142857,0.2857142857142857,0.4285714285714285,"[{""answer_norm"": ""15"", ""n"": 5}, {""answer_norm"": ""10"", ""n"": 1}, {""answer_norm"": ""15\\"", ""n"": 1}]",validation,
115187,PSBYAA,2,Fill-in-the-blank(s),Numeric,"What is the height of the 500 ml mark? Recall that 1 liter (L) is equal to 1000 milliliters (ml), and that 1 liter (L) is equal to 1,000 cm 3 . cm","What is the height of the 500 ml mark? Recall that 1 liter (L) is equal to 1000 milliliters (ml), and that 1 liter (L) is equal to 1,000 cm^(3). cm",12,geometry_measurement,8.G.C.9,Know & Use Volume Formulas,221,219,159,221,0.2624434389140271,0.0542986425339366,0.6153846153846154,"[{""answer_norm"": ""12"", ""n"": 173}, {""answer_norm"": ""1.82"", ""n"": 14}, {""answer_norm"": ""24"", ""n"": 6}, {""answer_norm"": ""6"", ""n"": 6}, {""answer_norm"": ""2.57"", ""n"": 2}]",validation,
115324,PSBYAA,3,Fill-in-the-blank(s),Numeric,"What is the height of the 250 ml mark? Recall that 1 liter (L) is equal to 1000 milliliters (ml), and that 1 liter (L) is equal to 1,000 cm 3 . cm","What is the height of the 250 ml mark? Recall that 1 liter (L) is equal to 1000 milliliters (ml), and that 1 liter (L) is equal to 1,000 cm^(3). cm",6,geometry_measurement,8.G.C.9,Know & Use Volume Formulas,221,219,183,221,0.171945701357466,0.0090497737556561,0.8009049773755657,"[{""answer_norm"": ""6"", ""n"": 203}, {""answer_norm"": ""18"", ""n"": 2}, {""answer_norm"": ""0.109"", ""n"": 1}, {""answer_norm"": ""12"", ""n"": 1}, {""answer_norm"": ""120"", ""n"": 1}]",validation,
115417,PSBYCZ,2,Fill-in-the-blank(s),Algebraic Expression,Write an expression for the area of each face. Use the ^ symbol to represent an exponent. For example: 5 2 should be typed as 5^2,Write an expression for the area of each face. Use the^symbol to represent an exponent. For example: 5^(2) should be typed as 5^2,s^2,fraction,6.G.A.2 | 6.G.A.4,Find the Volume of Rectangular Prisms with Fractional Sides | Represent 3D Figures Using Nets to Find Surface Area,23,23,18,23,0.217391304347826,0.1304347826086956,0.6956521739130435,"[{""answer_norm"": ""s^2"", ""n"": 20}, {""answer_norm"": ""17s^2"", ""n"": 1}, {""answer_norm"": ""6*(s^2)"", ""n"": 1}, {""answer_norm"": ""s^2*6"", ""n"": 1}]",model_dev,
115625,PSBYCZ,4,Fill-in-the-blank(s),Algebraic Expression,Write an expression for the surface area. Use the ^ symbol to represent an exponent. For example: 5 2 should be typed as 5^2,Write an expression for the surface area. Use the^symbol to represent an exponent. For example: 5^(2) should be typed as 5^2,6s^2,fraction,6.G.A.2 | 6.G.A.4,Find the Volume of Rectangular Prisms with Fractional Sides | Represent 3D Figures Using Nets to Find Surface Area,22,22,19,22,0.1363636363636363,0.0909090909090909,0.7727272727272727,"[{""answer_norm"": ""6*(s^2)"", ""n"": 7}, {""answer_norm"": ""s^2*6"", ""n"": 5}, {""answer_norm"": ""6(s^2)"", ""n"": 2}, {""answer_norm"": ""6*s^2"", ""n"": 2}, {""answer_norm"": ""(s^2)6"", ""n"": 1}]",model_dev,
115789,PSBYCZ,5,Fill-in-the-blank(s),Algebraic Expression,Write an expression for the volume. Use the ^ symbol to represent an exponent. For example: 5 2 should be typed as 5^2,Write an expression for the volume. Use the^symbol to represent an exponent. For example: 5^(2) should be typed as 5^2,s^3,fraction,6.G.A.2 | 6.G.A.4,Find the Volume of Rectangular Prisms with Fractional Sides | Represent 3D Figures Using Nets to Find Surface Area,22,22,19,22,0.1363636363636363,0.0,0.7272727272727273,"[{""answer_norm"": ""s^3"", ""n"": 18}, {""answer_norm"": ""3*(s^2)"", ""n"": 1}, {""answer_norm"": ""s*s*s"", ""n"": 1}, {""answer_norm"": ""s^2"", ""n"": 1}, {""answer_norm"": ""s^s^s"", ""n"": 1}]",model_dev,
116167,PRABEG67,1,Fill-in-the-blank(s),Numeric,A 6 oz paper cup is shaped like a cone with a diameter of 4 inches. How many ounces of water will a plastic cylindrical cup with a diameter of 4 inches hold if it is the same height as the paper cup? ounces,A 6 oz paper cup is shaped like a cone with a diameter of 4 inches. How many ounces of water will a plastic cylindrical cup with a diameter of 4 inches hold if it is the same height as the paper cup? ounces,18,geometry_measurement,8.G.C.9,Know & Use Volume Formulas,220,218,147,220,0.3227272727272727,0.0272727272727272,0.5772727272727273,"[{""answer_norm"": ""18"", ""n"": 166}, {""answer_norm"": ""6"", ""n"": 8}, {""answer_norm"": ""17.96"", ""n"": 7}, {""answer_norm"": ""12"", ""n"": 5}, {""answer_norm"": ""1.5"", ""n"": 3}]",test,
117528,PSBYQW,2,Fill-in-the-blank(s),Numeric,What is the common value?,What is the common value?,50,decimal,6.NS.B.3,"Add, Subtract, Multiply & Divide Multi-Digit Decimals",625,612,480,625,0.216,0.0656,0.6064,"[{""answer_norm"": ""50"", ""n"": 424}, {""answer_norm"": ""5"", ""n"": 72}, {""answer_norm"": ""9"", ""n"": 24}, {""answer_norm"": ""10"", ""n"": 18}, {""answer_norm"": ""45"", ""n"": 8}]",model_dev,
117994,PSBYTD,3,Fill-in-the-blank(s),Numeric Expression,Calculate the quotient of 109.2 ÷ 6 using any method of your choice.,Calculate the quotient of 109.2 / 6 using any method of your choice.,18.2,decimal,6.NS.B.3,"Add, Subtract, Multiply & Divide Multi-Digit Decimals",778,776,708,778,0.0835475578406169,0.0244215938303341,0.7956298200514139,"[{""answer_norm"": ""18.2"", ""n"": 633}, {""answer_norm"": ""182"", ""n"": 46}, {""answer_norm"": ""1.82"", ""n"": 10}, {""answer_norm"": ""018.2"", ""n"": 9}, {""answer_norm"": ""0.182"", ""n"": 4}]",model_dev,
118176,PSBYUC,7,Fill-in-the-blank(s),Numeric,"The machine must be emptied to be serviced. If there are 40 bottles in the machine when it is to be serviced, what number will go in the second column in the table?","The machine must be emptied to be serviced. If there are 40 bottles in the machine when it is to be serviced, what number will go in the second column in the table?",-40,other,6.NS.C.5,Use Positive & Negative Numbers to Represent Quantities,148,144,106,148,0.277027027027027,0.0405405405405405,0.5743243243243243,"[{""answer_norm"": ""-40"", ""n"": 104}, {""answer_norm"": ""40"", ""n"": 16}, {""answer_norm"": ""0"", ""n"": 9}, {""answer_norm"": ""20"", ""n"": 3}, {""answer_norm"": ""12"", ""n"": 2}]",model_dev,
118275,PSBYZX,1,Fill-in-the-blank(s),Numeric,"An airplane is flying from New York City to Los Angeles. The distance it travels in miles, d , is related to the time in seconds, t , by the equation d = 0 . 15 t . How fast is it flying? miles per second","An airplane is flying from New York City to Los Angeles. The distance it travels in miles, d, is related to the time in seconds, t, by the equation d = 0.15 t. How fast is it flying? miles per second",0.15,ratio_percent,7.RP.A.2c,Represent Proportional Relationships with Equations,1760,1696,1211,1760,0.3022727272727272,0.0892045454545454,0.5818181818181818,"[{""answer_norm"": ""0.15"", ""n"": 921}, {""answer_norm"": "".15"", ""n"": 384}, {""answer_norm"": ""15"", ""n"": 126}, {""answer_norm"": ""85"", ""n"": 47}, {""answer_norm"": ""4.5"", ""n"": 40}]",model_dev,
118376,PSBYWG,2,Fill-in-the-blank(s),Numeric,"The distance between ( 16 , - 3 ) and ( - 14 , - 3 ) is units.","The distance between (16, - 3) and (- 14, - 3) is units.",30,functions_graphs,8.G.B.8,Apply the Pythagorean Theorem to Find the Distance Between Points on the Coordinate Plane,11,11,10,11,0.0909090909090909,0.0909090909090909,0.7272727272727273,"[{""answer_norm"": ""30"", ""n"": 9}, {""answer_norm"": ""2"", ""n"": 1}, {""answer_norm"": ""20"", ""n"": 1}]",model_dev,
118786,PSBYX9,2,Fill-in-the-blank(s),Numeric Expression,Find the value of 61.12 ÷ 3.2.,Find the value of 61.12 / 3.2.,19.1,decimal,6.NS.B.3,"Add, Subtract, Multiply & Divide Multi-Digit Decimals",743,742,649,743,0.1144010767160161,0.0820995962314939,0.7792732166890982,"[{""answer_norm"": ""19.1"", ""n"": 619}, {""answer_norm"": ""191"", ""n"": 18}, {""answer_norm"": ""1.91"", ""n"": 14}, {""answer_norm"": ""19"", ""n"": 7}, {""answer_norm"": ""19.2"", ""n"": 6}]",validation,
118986,PSBYZX,3,Fill-in-the-blank(s),Numeric,"An airplane is flying from New York City to Los Angeles. The distance it travels in miles, d , is related to the time in seconds, t , by the equation d = 0 . 15 t . How long will it take to go 12.75 miles? seconds","An airplane is flying from New York City to Los Angeles. The distance it travels in miles, d, is related to the time in seconds, t, by the equation d = 0.15 t. How long will it take to go 12.75 miles? seconds",85,ratio_percent,7.RP.A.2c,Represent Proportional Relationships with Equations,1739,1681,1181,1739,0.3179988499137435,0.085681426106958,0.6049453709028177,"[{""answer_norm"": ""85"", ""n"": 1264}, {""answer_norm"": ""1.91"", ""n"": 54}, {""answer_norm"": ""1.9125"", ""n"": 52}, {""answer_norm"": ""12.75"", ""n"": 36}, {""answer_norm"": ""1.9"", ""n"": 22}]",model_dev,
119432,PSBY59,1,Fill-in-the-blank(s),Algebraic Expression,"A grocer can buy strawberries for $1.38 per pound. Write an equation relating c , the cost, and p , the pounds of strawberries. c =","A grocer can buy strawberries for $1.38 per pound. Write an equation relating c, the cost, and p, the pounds of strawberries. c =",1.38p,ratio_percent,7.RP.A.2c,Represent Proportional Relationships with Equations,1647,1594,1284,1647,0.2155434122647237,0.1117182756527018,0.718882817243473,"[{""answer_norm"": ""1.38p"", ""n"": 1361}, {""answer_norm"": ""p1.38"", ""n"": 41}, {""answer_norm"": ""c=1.38p"", ""n"": 34}, {""answer_norm"": ""1p"", ""n"": 33}, {""answer_norm"": ""138p"", ""n"": 16}]",model_dev,
119645,PSBY8A,1,Fill-in-the-blank(s),Numeric,"The temperature is -2°C. If the temperature rises by 15°C, what is the new temperature? ° C","The temperature is -2°C. If the temperature rises by 15°C, what is the new temperature? ° C",13,ratio_percent,7.NS.A.1d,Apply Properties of Operations to Add/Subtract Rational Numbers,2245,2079,2082,2245,0.0712694877505567,0.021826280623608,0.8583518930957684,"[{""answer_norm"": ""13"", ""n"": 1993}, {""answer_norm"": ""17"", ""n"": 83}, {""answer_norm"": ""12"", ""n"": 37}, {""answer_norm"": ""-13"", ""n"": 20}, {""answer_norm"": ""-17"", ""n"": 20}]",test,
119704,PSBY5V,1,Fill-in-the-blank(s),Numeric,"At a school, 460 of the students walk to school. The number of students who take public transit is 20% of the number of students who walk. How many students take public transit? students","At a school, 460 of the students walk to school. The number of students who take public transit is 20% of the number of students who walk. How many students take public transit? students",92,ratio_percent,6.RP.A.3c,Solve Problems Involving Percents,419,417,306,419,0.2482100238663484,0.1264916467780429,0.6229116945107399,"[{""answer_norm"": ""92"", ""n"": 317}, {""answer_norm"": ""23"", ""n"": 32}, {""answer_norm"": ""2300"", ""n"": 13}, {""answer_norm"": ""368"", ""n"": 4}, {""answer_norm"": ""96"", ""n"": 4}]",model_dev,
119756,PSBY59,2,Fill-in-the-blank(s),Numeric,A grocer can buy strawberries for $1.38 per pound. A strawberry order cost $241.50. How many pounds did the grocer order? pounds,A grocer can buy strawberries for $1.38 per pound. A strawberry order cost $241.50. How many pounds did the grocer order? pounds,175,ratio_percent,7.RP.A.2c,Represent Proportional Relationships with Equations,1642,1591,1346,1642,0.1784409257003654,0.0438489646772229,0.7643118148599269,"[{""answer_norm"": ""175"", ""n"": 1431}, {""answer_norm"": ""333.27"", ""n"": 32}, {""answer_norm"": ""1.38"", ""n"": 14}, {""answer_norm"": ""241.50"", ""n"": 14}, {""answer_norm"": ""178"", ""n"": 11}]",model_dev,
119836,PSBY5V,2,Fill-in-the-blank(s),Numeric,"At a school, 460 of the students walk to school. The number of students who bike to school is 5% of the number of students who walk. How many students bike to school? students","At a school, 460 of the students walk to school. The number of students who bike to school is 5% of the number of students who walk. How many students bike to school? students",23,ratio_percent,6.RP.A.3c,Solve Problems Involving Percents,418,416,297,418,0.2679425837320574,0.1578947368421052,0.6244019138755981,"[{""answer_norm"": ""23"", ""n"": 324}, {""answer_norm"": ""4.6"", ""n"": 13}, {""answer_norm"": ""230"", ""n"": 10}, {""answer_norm"": ""92"", ""n"": 8}, {""answer_norm"": ""46"", ""n"": 6}]",model_dev,
119945,PSBY5V,3,Fill-in-the-blank(s),Numeric,"At a school, 460 of the students walk to school. The number of students who ride the school bus is 110% of the number of students who walk. How many students ride the school bus? students","At a school, 460 of the students walk to school. The number of students who ride the school bus is 110% of the number of students who walk. How many students ride the school bus? students",506,ratio_percent,6.RP.A.3c,Solve Problems Involving Percents,413,412,290,413,0.2857142857142857,0.1234866828087167,0.6513317191283293,"[{""answer_norm"": ""506"", ""n"": 342}, {""answer_norm"": ""25.3"", ""n"": 5}, {""answer_norm"": ""101.2"", ""n"": 3}, {""answer_norm"": ""23"", ""n"": 3}, {""answer_norm"": ""50.6"", ""n"": 3}]",model_dev,
120069,PSBY88,1,Fill-in-the-blank(s),Numeric,A family eats at a restaurant. The bill is $42. The family leaves a tip and spends $49.77. How much was the tip in dollars? $,A family eats at a restaurant. The bill is $42. The family leaves a tip and spends $49.77. How much was the tip in dollars? $,7.77,ratio_percent,7.RP.A.3,Use Proportional Relationships to Solve Ratio & Percent Problems,1875,1768,1604,1875,0.1424,0.0282666666666666,0.7317333333333333,"[{""answer_norm"": ""7.77"", ""n"": 1496}, {""answer_norm"": ""18.5"", ""n"": 67}, {""answer_norm"": ""7.80"", ""n"": 25}, {""answer_norm"": ""8"", ""n"": 21}, {""answer_norm"": ""7.8"", ""n"": 17}]",model_dev,
120094,PSBY8A,2,Fill-in-the-blank(s),Numeric,At midnight the temperature is -6°C. At midday the temperature is 9°C. By how much did the temperature rise? ° C,At midnight the temperature is -6°C. At midday the temperature is 9°C. By how much did the temperature rise? ° C,15,ratio_percent,7.NS.A.1d,Apply Properties of Operations to Add/Subtract Rational Numbers,2238,2075,1911,2238,0.1443252904378909,0.0589812332439678,0.6376228775692583,"[{""answer_norm"": ""15"", ""n"": 1475}, {""answer_norm"": ""3"", ""n"": 501}, {""answer_norm"": ""13"", ""n"": 55}, {""answer_norm"": ""9"", ""n"": 34}, {""answer_norm"": ""14"", ""n"": 30}]",test,
120203,PSBZAQ,1,Fill-in-the-blank(s),Numeric,Crater Lake in Oregon is shaped like a circle with a diameter of about 5.5 miles. How far is it around the perimeter of Crater Lake? miles Use 3.14 for π . Round to the nearest whole number.,Crater Lake in Oregon is shaped like a circle with a diameter of about 5.5 miles. How far is it around the perimeter of Crater Lake? miles Use 3.14 for pi. Round to the nearest whole number.,17,equation_algebra,7.G.B.4,Solve Problems Involving Area & Circumference of Circles,1371,1322,916,1371,0.3274981765134938,0.1064916119620714,0.436907366885485,"[{""answer_norm"": ""17"", ""n"": 755}, {""answer_norm"": ""17.27"", ""n"": 352}, {""answer_norm"": ""24"", ""n"": 22}, {""answer_norm"": ""5.5"", ""n"": 22}, {""answer_norm"": ""18"", ""n"": 14}]",test,
120578,PSBZAQ,2,Fill-in-the-blank(s),Numeric,Crater Lake in Oregon is shaped like a circle with a diameter of about 5.5 miles. What is the area of the surface of Crater Lake? square miles Use 3.14 for π . Round to the nearest whole number.,Crater Lake in Oregon is shaped like a circle with a diameter of about 5.5 miles. What is the area of the surface of Crater Lake? square miles Use 3.14 for pi. Round to the nearest whole number.,24,equation_algebra,7.G.B.4,Solve Problems Involving Area & Circumference of Circles,1369,1321,869,1369,0.3608473338203068,0.1329437545653762,0.5171658144631117,"[{""answer_norm"": ""24"", ""n"": 894}, {""answer_norm"": ""23.75"", ""n"": 57}, {""answer_norm"": ""23"", ""n"": 55}, {""answer_norm"": ""16"", ""n"": 29}, {""answer_norm"": ""17"", ""n"": 28}]",test,
121533,PRABETC2,1,Fill-in-the-blank(s),Numeric,"It takes an ant farm 3 days to consume 1 2 of an apple. At that rate, in how many days will the ant farm consume 3 apples? days","It takes an ant farm 3 days to consume 1 / 2 of an apple. At that rate, in how many days will the ant farm consume 3 apples? days",18,ratio_percent,7.RP.A.2a,Identify Proportional Relationships,1938,1847,1643,1938,0.1501547987616099,0.0485036119711042,0.7146542827657378,"[{""answer_norm"": ""18"", ""n"": 1471}, {""answer_norm"": ""6"", ""n"": 193}, {""answer_norm"": ""9"", ""n"": 40}, {""answer_norm"": ""12"", ""n"": 31}, {""answer_norm"": ""1.5"", ""n"": 25}]",validation,
122274,PRABETC3,1,Fill-in-the-blank(s),Numeric,"To make a shade of paint called jasper green, mix 4 quarts of green paint with 2 3 cups of black paint. How much green paint should be mixed with 4 cups of black paint to make jasper green? quarts","To make a shade of paint called jasper green, mix 4 quarts of green paint with 2 / 3 cups of black paint. How much green paint should be mixed with 4 cups of black paint to make jasper green? quarts",24,ratio_percent,7.RP.A.2a,Identify Proportional Relationships,1927,1807,1328,1927,0.3087701089776855,0.1437467566165023,0.5656460819927348,"[{""answer_norm"": ""24"", ""n"": 1291}, {""answer_norm"": ""6"", ""n"": 121}, {""answer_norm"": ""8"", ""n"": 64}, {""answer_norm"": ""16"", ""n"": 52}, {""answer_norm"": ""12"", ""n"": 28}]",test,
122331,PSBZKT,1,Fill-in-the-blank(s),Numeric,"The area of a rectangle is 14 square units. It has side lengths x and y. Given the value for x, find y . x = 2 1 3 y =","The area of a rectangle is 14 square units. It has side lengths x and y. Given the value for x, find y. x = 2 1 / 3 y =",6,equation_algebra,6.EE.B.7,Write & Solve 1-Step Equations,181,180,102,181,0.425414364640884,0.2983425414364641,0.4696132596685083,"[{""answer_norm"": ""6"", ""n"": 126}, {""answer_norm"": ""11 2/3"", ""n"": 7}, {""answer_norm"": ""2 1/3"", ""n"": 4}, {""answer_norm"": ""7"", ""n"": 4}, {""answer_norm"": ""28"", ""n"": 3}]",test,
122576,PSBZKT,3,Fill-in-the-blank(s),Numeric,"The area of a rectangle is 14 square units. It has side lengths x and y. Given the value for x, find y . x = 7 6 y =","The area of a rectangle is 14 square units. It has side lengths x and y. Given the value for x, find y. x = 7 / 6 y =",12,equation_algebra,6.EE.B.7,Write & Solve 1-Step Equations,173,173,98,173,0.3988439306358382,0.3121387283236994,0.4913294797687861,"[{""answer_norm"": ""12"", ""n"": 131}, {""answer_norm"": ""1"", ""n"": 3}, {""answer_norm"": ""12/1"", ""n"": 3}, {""answer_norm"": ""84/7"", ""n"": 3}, {""answer_norm"": ""1/12"", ""n"": 2}]",test,
122934,PSBZU8,1,Fill-in-the-blank(s),Numeric,A store sells rope by the meter. The equation p = 0 . 8 L represents the price p (in dollars) of a piece of nylon rope that is L meters long. How much does the nylon rope cost per meter? $,A store sells rope by the meter. The equation p = 0.8 L represents the price p (in dollars) of a piece of nylon rope that is L meters long. How much does the nylon rope cost per meter? $,0.8,ratio_percent,7.RP.A.2c,Represent Proportional Relationships with Equations,1913,1855,1463,1913,0.229482488238369,0.1040250914793518,0.67276529012023,"[{""answer_norm"": ""0.8"", ""n"": 894}, {""answer_norm"": ""0.80"", ""n"": 325}, {""answer_norm"": "".8"", ""n"": 175}, {""answer_norm"": "".80"", ""n"": 129}, {""answer_norm"": ""1.25"", ""n"": 78}]",model_dev,
123066,PRABJWEF,1,Fill-in-the-blank(s),Numeric,"Imagine that you measure the length and width of a rectangle and you know the measurements are accurate within 5% of the actual measurements. If you use your measurements to find the area, what is the maximum percent error for the area of the rectangle? %","Imagine that you measure the length and width of a rectangle and you know the measurements are accurate within 5% of the actual measurements. If you use your measurements to find the area, what is the maximum percent error for the area of the rectangle? %",10.25,ratio_percent,7.RP.A.3,Use Proportional Relationships to Solve Ratio & Percent Problems,2,2,0,2,1.0,0.0,0.0,"[{""answer_norm"": ""25"", ""n"": 1}, {""answer_norm"": ""5"", ""n"": 1}]",model_dev,
123580,PSBZU8,2,Fill-in-the-blank(s),Numeric,"A store sells rope by the meter. The equation p = 0 . 8 L represents the price p, in dollars of a piece of nylon rope that is L meters long. How long is a piece of nylon rope that costs $1.00? meters","A store sells rope by the meter. The equation p = 0.8 L represents the price p, in dollars of a piece of nylon rope that is L meters long. How long is a piece of nylon rope that costs $1.00? meters",1.25,ratio_percent,7.RP.A.2c,Represent Proportional Relationships with Equations,1909,1852,1234,1909,0.3520167627029859,0.0890518596123624,0.5390256678889471,"[{""answer_norm"": ""1.25"", ""n"": 1076}, {""answer_norm"": ""0.8"", ""n"": 107}, {""answer_norm"": ""1"", ""n"": 106}, {""answer_norm"": ""1.2"", ""n"": 92}, {""answer_norm"": ""1 1/4"", ""n"": 63}]",model_dev,
123919,PSBZWG,1,Fill-in-the-blank(s),Numeric,"A spinner has four equal sections, with one letter from the word “MATH” in each section. You spin the spinner 20 times. About how many times do you expect it will land on A? times","A spinner has four equal sections, with one letter from the word “MATH” in each section. You spin the spinner 20 times. About how many times do you expect it will land on A? times",5,statistics_probability,7.SP.C.6,Approximate Probability of an Event by Collecting Data,519,501,405,519,0.2061657032755298,0.1117533718689788,0.649325626204239,"[{""answer_norm"": ""5"", ""n"": 360}, {""answer_norm"": ""1/4"", ""n"": 41}, {""answer_norm"": "".65"", ""n"": 19}, {""answer_norm"": ""5/20"", ""n"": 11}, {""answer_norm"": ""0.65"", ""n"": 10}]",model_dev,
123995,PRABESEN,1,Fill-in-the-blank(s),Numeric,Noah was assigned to make 64 cookies for the bake sale. He made 125% of that number. 90% of the cookies he made were sold. How many of Noah's cookies were left after the bake sale? cookies,Noah was assigned to make 64 cookies for the bake sale. He made 125% of that number. 90% of the cookies he made were sold. How many of Noah's cookies were left after the bake sale? cookies,8,ratio_percent,7.RP.A.3,Use Proportional Relationships to Solve Ratio & Percent Problems,1628,1593,977,1628,0.3955773955773956,0.1707616707616707,0.4742014742014742,"[{""answer_norm"": ""8"", ""n"": 1052}, {""answer_norm"": ""72"", ""n"": 204}, {""answer_norm"": ""80"", ""n"": 34}, {""answer_norm"": ""35"", ""n"": 18}, {""answer_norm"": ""22.4"", ""n"": 15}]",model_dev,
124041,PSBZWG,2,Fill-in-the-blank(s),Numeric,You spin the spinner 80 times. About how many times do you expect it will land on something other than A? times,You spin the spinner 80 times. About how many times do you expect it will land on something other than A? times,60,statistics_probability,7.SP.C.6,Approximate Probability of an Event by Collecting Data,516,499,342,516,0.2965116279069767,0.1589147286821705,0.3856589147286822,"[{""answer_norm"": ""60"", ""n"": 226}, {""answer_norm"": ""20"", ""n"": 199}, {""answer_norm"": ""10"", ""n"": 17}, {""answer_norm"": ""16"", ""n"": 11}, {""answer_norm"": ""50"", ""n"": 7}]",model_dev,
124091,PRABEQDY,1,Fill-in-the-blank(s),Numeric,"A model airplane is built at a scale of 1 to 72. If the model plane is 8 inches long, how many feet long is the actual airplane? feet","A model airplane is built at a scale of 1 to 72. If the model plane is 8 inches long, how many feet long is the actual airplane? feet",48,ratio_percent,7.G.A.1,Solve Scale Drawing Problems,1467,1384,796,1467,0.4355828220858895,0.2569870483980913,0.3292433537832311,"[{""answer_norm"": ""48"", ""n"": 601}, {""answer_norm"": ""576"", ""n"": 519}, {""answer_norm"": ""9"", ""n"": 139}, {""answer_norm"": ""72"", ""n"": 14}, {""answer_norm"": ""6"", ""n"": 11}]",validation,
124672,PRABEQD2,1,Fill-in-the-blank(s),Numeric,Polygon B is a scaled copy of Polygon A using a scale factor of 5. Polygon A’s area is what fraction of Polygon B’s area?,Polygon B is a scaled copy of Polygon A using a scale factor of 5. Polygon A’s area is what fraction of Polygon B’s area?,25-Jan,ratio_percent,7.G.A.1,Solve Scale Drawing Problems,1075,1036,419,1075,0.5897674418604651,0.3823255813953488,0.2688372093023256,"[{""answer_norm"": ""1/25"", ""n"": 402}, {""answer_norm"": ""1/5"", ""n"": 371}, {""answer_norm"": ""25"", ""n"": 55}, {""answer_norm"": ""5"", ""n"": 45}, {""answer_norm"": ""10"", ""n"": 37}]",validation,
125047,PSBZ6U,1,Fill-in-the-blank(s),Numeric,A bookstore has marked down the price for all the books in a certain series by 15%. How much is the discount on a book that normally costs $18.00? $,A bookstore has marked down the price for all the books in a certain series by 15%. How much is the discount on a book that normally costs $18.00? $,2.7,ratio_percent,7.RP.A.3,Use Proportional Relationships to Solve Ratio & Percent Problems,311,307,201,311,0.3344051446945337,0.3311897106109325,0.3954983922829582,"[{""answer_norm"": ""2.70"", ""n"": 97}, {""answer_norm"": ""2.7"", ""n"": 59}, {""answer_norm"": ""15.3"", ""n"": 58}, {""answer_norm"": ""15.30"", ""n"": 46}, {""answer_norm"": ""1.20"", ""n"": 3}]",test,
125069,PSBZ4A,1,Fill-in-the-blank(s),Numeric,Clare is using little wooden cubes with edge length 1 2 inch to build a larger cube that has edge length 4 inches. How many little cubes does she need? cubes,Clare is using little wooden cubes with edge length 1 / 2 inch to build a larger cube that has edge length 4 inches. How many little cubes does she need? cubes,512,fraction,6.NS.A.1,Interpret & Compute using Division of Fractions,794,782,415,794,0.3614609571788413,0.3589420654911839,0.3148614609571788,"[{""answer_norm"": ""512"", ""n"": 300}, {""answer_norm"": ""8"", ""n"": 251}, {""answer_norm"": ""32"", ""n"": 43}, {""answer_norm"": ""2"", ""n"": 40}, {""answer_norm"": ""64"", ""n"": 25}]",model_dev,
126091,PSB2CK,2,Fill-in-the-blank(s),Numeric,What is its answer?,What is its answer?,264,decimal,6.NS.B.3,"Add, Subtract, Multiply & Divide Multi-Digit Decimals",325,311,198,325,0.3907692307692307,0.0338461538461538,0.4492307692307692,"[{""answer_norm"": ""264"", ""n"": 196}, {""answer_norm"": ""100"", ""n"": 13}, {""answer_norm"": ""2.64"", ""n"": 13}, {""answer_norm"": ""1320"", ""n"": 9}, {""answer_norm"": ""26.4"", ""n"": 7}]",model_dev,
126203,PSB2A9,1,Fill-in-the-blank(s),Numeric,"A builder is building a fence with 6 1 4 -inch-wide wooden boards, arranged side-by-side with no gaps or overlaps. How many boards are needed to build a fence that is 150 inches long? boards","A builder is building a fence with 6 1 / 4 -inch-wide wooden boards, arranged side-by-side with no gaps or overlaps. How many boards are needed to build a fence that is 150 inches long? boards",24,fraction,6.NS.A.1,Interpret & Compute using Division of Fractions,780,767,577,780,0.2012820512820513,0.2448717948717948,0.6641025641025641,"[{""answer_norm"": ""24"", ""n"": 595}, {""answer_norm"": ""25"", ""n"": 16}, {""answer_norm"": ""600/25"", ""n"": 15}, {""answer_norm"": ""6"", ""n"": 13}, {""answer_norm"": ""24/1"", ""n"": 10}]",validation,
126461,PSB2BT,2,Fill-in-the-blank(s),Numeric,For what number of cups will the two stacks have the same height? cups,For what number of cups will the two stacks have the same height? cups,0,equation_algebra,8.EE.C.8a,Identify Solutions to Systems of Equations Using Graphs,34,34,27,34,0.2058823529411764,0.1764705882352941,0.7058823529411765,"[{""answer_norm"": ""0"", ""n"": 25}, {""answer_norm"": ""1.5"", ""n"": 2}, {""answer_norm"": ""1"", ""n"": 1}, {""answer_norm"": ""10"", ""n"": 1}, {""answer_norm"": ""12"", ""n"": 1}]",model_dev,
126648,PSB2CN,3,Fill-in-the-blank(s),Numeric,What value did Lin find for 62 ÷ 5 ?,What value did Lin find for 62 / 5?,12.4,whole_number_arithmetic,6.NS.B.2,Divide Multi-Digit Whole Numbers,33,33,33,33,0.0,0.0,,"[{""answer_norm"": ""12.4"", ""n"": 17}, {""answer_norm"": ""the value of 62/5 is 12.4. there was no remainders after putting 1 ten, 2 ones and 4 tenths into 5 equal groups."", ""n"": 3}, {""answer_norm"": ""math nation"", ""n"": 2}, {""answer_norm"": ""#7 = the value of 62/5 is 12.4. there was no remainders after putting 1 ten, 2 ones and 4 tenths into 5 equal groups."", ""n"": 1}, {""answer_norm"": ""."", ""n"": 1}]",model_dev,
126669,PSB2FK,2,Fill-in-the-blank(s),Numeric,What is the probability Mai will win the game?,What is the probability Mai will win the game?,3-Jan,statistics_probability,7.SP.C.6 | 7.SP.C.8b,Approximate Probability of an Event by Collecting Data | Represent Sample Spaces for Compound Events,23,23,22,23,0.0434782608695652,0.0,0.782608695652174,"[{""answer_norm"": ""2/6"", ""n"": 11}, {""answer_norm"": ""1/3"", ""n"": 8}, {""answer_norm"": ""100%"", ""n"": 1}, {""answer_norm"": ""2"", ""n"": 1}, {""answer_norm"": ""3/6"", ""n"": 1}]",model_dev,
127324,PSB2GN,1,Fill-in-the-blank(s),Numeric,"Four students set up a lemonade stand. At the end of the day, their profit is $17.52. How much money do they each have when the profit is split equally? $","Four students set up a lemonade stand. At the end of the day, their profit is $17.52. How much money do they each have when the profit is split equally? $",4.38,decimal,6.NS.B.3,"Add, Subtract, Multiply & Divide Multi-Digit Decimals",765,745,679,764,0.1098039215686274,0.0392156862745098,0.7785613540197461,"[{""answer_norm"": ""4.38"", ""n"": 596}, {""answer_norm"": ""8.76"", ""n"": 24}, {""answer_norm"": ""04.38"", ""n"": 9}, {""answer_norm"": ""paper"", ""n"": 4}, {""answer_norm"": ""0.438"", ""n"": 3}]",model_dev,
127330,PSB2GF,2,Fill-in-the-blank(s),Numeric,A bucket contains 11 2 3 gallons of water and is 5 6 full. How many gallons of water would be in a full bucket? Find the answer. gallons,A bucket contains 11 2 / 3 gallons of water and is 5 / 6 full. How many gallons of water would be in a full bucket? Find the answer. gallons,14,fraction,6.NS.A.1,Interpret & Compute using Division of Fractions,595,590,434,595,0.2319327731092437,0.2504201680672269,0.6554621848739496,"[{""answer_norm"": ""14"", ""n"": 444}, {""answer_norm"": ""210/15"", ""n"": 13}, {""answer_norm"": ""12"", ""n"": 10}, {""answer_norm"": ""14/1"", ""n"": 8}, {""answer_norm"": ""175/18"", ""n"": 6}]",test,
127673,PSB2HQ,1,Fill-in-the-blank(s),Numeric,"Lin wants to save $75 for a trip to the city. If she has saved $37.50 so far, what percentage of her goal has she saved? %","Lin wants to save $75 for a trip to the city. If she has saved $37.50 so far, what percentage of her goal has she saved? %",50,ratio_percent,6.RP.A.3c,Solve Problems Involving Percents,496,493,341,496,0.2540322580645161,0.2782258064516129,0.5806451612903226,"[{""answer_norm"": ""50"", ""n"": 364}, {""answer_norm"": ""1/2"", ""n"": 34}, {""answer_norm"": ""50%"", ""n"": 11}, {""answer_norm"": ""2"", ""n"": 10}, {""answer_norm"": ""20"", ""n"": 7}]",validation,
128001,PSB2J8,1,Fill-in-the-blank(s),Numeric,"Noah wants to save $60 so that he can purchase a concert ticket. If he has saved $45 so far, what percentage of his goal has he saved? %","Noah wants to save $60 so that he can purchase a concert ticket. If he has saved $45 so far, what percentage of his goal has he saved? %",75,ratio_percent,6.RP.A.3c,Solve Problems Involving Percents,572,568,432,572,0.1818181818181818,0.2045454545454545,0.6433566433566433,"[{""answer_norm"": ""75"", ""n"": 425}, {""answer_norm"": ""25"", ""n"": 23}, {""answer_norm"": ""27"", ""n"": 16}, {""answer_norm"": ""3/4"", ""n"": 13}, {""answer_norm"": ""15"", ""n"": 12}]",model_dev,
128141,PSB2MF,1,Fill-in-the-blank(s),Numeric Expression,A cube has edge length 11 inches. Write an expression for its volume. V =,A cube has edge length 11 inches. Write an expression for its volume. V =,11^3,equation_algebra,6.EE.A.1,Write & Evaluate Numerical Expressions with Exponents,323,278,236,323,0.2569659442724458,0.0619195046439628,0.6160990712074303,"[{""answer_norm"": ""11^3"", ""n"": 203}, {""answer_norm"": ""11^2"", ""n"": 31}, {""answer_norm"": ""11^6"", ""n"": 13}, {""answer_norm"": ""1331"", ""n"": 9}, {""answer_norm"": ""11*11*11"", ""n"": 8}]",model_dev,
128305,PSB2MG,2,Fill-in-the-blank(s),Numeric,How many pages are in the book? pages,How many pages are in the book? pages,175,ratio_percent,8.EE.C.7b,Solve Multi-Step Linear Equations with Rational Number Coefficients,247,243,187,247,0.2307692307692307,0.0526315789473684,0.6275303643724697,"[{""answer_norm"": ""175"", ""n"": 173}, {""answer_norm"": ""275"", ""n"": 20}, {""answer_norm"": ""35"", ""n"": 9}, {""answer_norm"": ""7"", ""n"": 5}, {""answer_norm"": ""100"", ""n"": 4}]",model_dev,
128322,PSB2MF,2,Fill-in-the-blank(s),Numeric Expression,A cube has edge length 11 inches. Write an expression for its surface area. SA =,A cube has edge length 11 inches. Write an expression for its surface area. SA =,6*11*11,equation_algebra,6.EE.A.1,Write & Evaluate Numerical Expressions with Exponents,316,274,146,316,0.5126582278481012,0.3322784810126582,0.2784810126582278,"[{""answer_norm"": ""11^2"", ""n"": 56}, {""answer_norm"": ""6(11^2)"", ""n"": 44}, {""answer_norm"": ""11^2*6"", ""n"": 26}, {""answer_norm"": ""11^3"", ""n"": 23}, {""answer_norm"": ""11^6"", ""n"": 14}]",model_dev,
128547,PRABHK6K,1,Fill-in-the-blank(s),Numeric,A cube has a volume of 7 3 cubic centimeters. What is its surface area? square centimeters,A cube has a volume of 7^(3) cubic centimeters. What is its surface area? square centimeters,294,equation_algebra,6.EE.A.1,Write & Evaluate Numerical Expressions with Exponents,307,268,140,307,0.4657980456026058,0.5211726384364821,0.3322475570032573,"[{""answer_norm"": ""294"", ""n"": 153}, {""answer_norm"": ""343"", ""n"": 36}, {""answer_norm"": ""21"", ""n"": 14}, {""answer_norm"": ""49"", ""n"": 11}, {""answer_norm"": ""7"", ""n"": 8}]",model_dev,
129075,PSB2RG,1,Fill-in-the-blank(s),Numeric,"Water makes up about 71% of Earth’s surface, while the other 29% consists of continents and islands. 96% of all Earth’s water is contained within the oceans as salt water, while the remaining 4% is fresh water located in lakes, rivers, glaciers, and the polar ice caps.If the total volume of water on Earth is 1,386 million cubic kilometers, what is the volume of salt water? cubic kilometers","Water makes up about 71% of Earth’s surface, while the other 29% consists of continents and islands. 96% of all Earth’s water is contained within the oceans as salt water, while the remaining 4% is fresh water located in lakes, rivers, glaciers, and the polar ice caps.If the total volume of water on Earth is 1,386 million cubic kilometers, what is the volume of salt water? cubic kilometers","1,330,560,000",ratio_percent,6.RP.A.3c,Solve Problems Involving Percents,9,9,1,9,0.8888888888888888,0.0,0.1111111111111111,"[{""answer_norm"": ""1,330,560,000"", ""n"": 5}, {""answer_norm"": ""1330560000"", ""n"": 3}, {""answer_norm"": ""1443.75"", ""n"": 1}]",model_dev,
129133,PSB2UR,3,Fill-in-the-blank(s),Numeric,"For which value y is (1, y) on the line you just drew? y =","For which value y is (1, y) on the line you just drew? y =",16-Jan,ratio_percent,7.RP.A.2d,Interpret Points on Proportional Graphs,152,152,64,152,0.5789473684210527,0.1776315789473684,0.3026315789473684,"[{""answer_norm"": ""1/16"", ""n"": 74}, {""answer_norm"": ""16"", ""n"": 31}, {""answer_norm"": ""0.0625"", ""n"": 8}, {""answer_norm"": ""1"", ""n"": 5}, {""answer_norm"": ""1/6"", ""n"": 4}]",model_dev,
130584,PSB2Z9,1,Fill-in-the-blank(s),Numeric,"For the following equation, find y when x = -3. y = 6 x + 8 y =","For the following equation, find y when x = -3. y = 6 x + 8 y =",-10,equation_algebra,6.EE.B.5,Solve 1-Step Equations & Inequalities Using Substitution,901,848,713,901,0.197558268590455,0.0810210876803551,0.6426193118756937,"[{""answer_norm"": ""-10"", ""n"": 652}, {""answer_norm"": ""10"", ""n"": 45}, {""answer_norm"": ""26"", ""n"": 30}, {""answer_norm"": ""-1"", ""n"": 22}, {""answer_norm"": ""8"", ""n"": 14}]",model_dev,
130824,PSB2Z9,2,Fill-in-the-blank(s),Numeric,Now find x when y = 2. y = 6 x + 8 x =,Now find x when y = 2. y = 6 x + 8 x =,-1,equation_algebra,6.EE.B.5,Solve 1-Step Equations & Inequalities Using Substitution,889,836,612,889,0.3070866141732283,0.1102362204724409,0.500562429696288,"[{""answer_norm"": ""-1"", ""n"": 529}, {""answer_norm"": ""20"", ""n"": 86}, {""answer_norm"": ""1"", ""n"": 43}, {""answer_norm"": ""-2"", ""n"": 33}, {""answer_norm"": ""3"", ""n"": 24}]",model_dev,
130932,PSB222,1,Fill-in-the-blank(s),Numeric,Find the value of 15 4 ÷ 5 8 .,Find the value of 15 / 4 / 5 / 8.,6,fraction,6.NS.A.1,Interpret & Compute using Division of Fractions,1364,1326,1145,1364,0.1341642228739002,0.1642228739002932,0.7470674486803519,"[{""answer_norm"": ""6"", ""n"": 903}, {""answer_norm"": ""120/20"", ""n"": 145}, {""answer_norm"": ""6/1"", ""n"": 38}, {""answer_norm"": ""3/2"", ""n"": 25}, {""answer_norm"": ""75/32"", ""n"": 14}]",model_dev,
131112,PSB26A,1,Fill-in-the-blank(s),Numeric,"The temperature in degrees Fahrenheit, F , is related to the temperature in degrees Celsius, C , by the equation F = 9 5 C + 32 , In the Sahara desert, temperatures often reach 50 degrees Celsius. How many degrees Fahrenheit is this? degrees Fahrenheit","The temperature in degrees Fahrenheit, F, is related to the temperature in degrees Celsius, C, by the equation F = 9 / 5 C + 32, In the Sahara desert, temperatures often reach 50 degrees Celsius. How many degrees Fahrenheit is this? degrees Fahrenheit",122,ratio_percent,8.EE.C.7b,Solve Multi-Step Linear Equations with Rational Number Coefficients,444,438,310,444,0.3018018018018018,0.054054054054054,0.6463963963963963,"[{""answer_norm"": ""122"", ""n"": 360}, {""answer_norm"": ""-40"", ""n"": 7}, {""answer_norm"": ""10"", ""n"": 6}, {""answer_norm"": ""112"", ""n"": 6}, {""answer_norm"": ""82"", ""n"": 5}]",model_dev,
131134,PSB25J,1,Fill-in-the-blank(s),Numeric,"For the following equation, find y when x = -3. y = 2 3 x y =","For the following equation, find y when x = -3. y = 2 / 3 x y =",-2,ratio_percent,8.EE.C.7b,Solve Multi-Step Linear Equations with Rational Number Coefficients,828,803,679,828,0.1714975845410628,0.0555555555555555,0.7053140096618358,"[{""answer_norm"": ""-2"", ""n"": 638}, {""answer_norm"": ""2"", ""n"": 54}, {""answer_norm"": ""3"", ""n"": 19}, {""answer_norm"": ""-3"", ""n"": 13}, {""answer_norm"": ""-6/3"", ""n"": 9}]",model_dev,
131258,PSB25V,1,Fill-in-the-blank(s),Numeric,Divide 4 1 2 by the following unit fraction. 1 8,Divide 4 1 / 2 by the following unit fraction. 1 / 8,36,fraction,6.NS.A.1,Interpret & Compute using Division of Fractions,1421,1385,1169,1421,0.1625615763546798,0.1618578465869106,0.7079521463757917,"[{""answer_norm"": ""36"", ""n"": 966}, {""answer_norm"": ""72/2"", ""n"": 118}, {""answer_norm"": ""9/16"", ""n"": 24}, {""answer_norm"": ""36/1"", ""n"": 20}, {""answer_norm"": ""1/36"", ""n"": 17}]",model_dev,
131293,PSB26A,2,Fill-in-the-blank(s),Numeric,"The temperature in degrees Fahrenheit, F , is related to the temperature in degrees Celsius, C , by the equation F = 9 5 C + 32 , In parts of Alaska, the temperatures can reach -60 degrees Fahrenheit. How many degrees Celsius is this? degrees Celsius","The temperature in degrees Fahrenheit, F, is related to the temperature in degrees Celsius, C, by the equation F = 9 / 5 C + 32, In parts of Alaska, the temperatures can reach -60 degrees Fahrenheit. How many degrees Celsius is this? degrees Celsius",-51 1/9,ratio_percent,8.EE.C.7b,Solve Multi-Step Linear Equations with Rational Number Coefficients,441,435,234,441,0.4671201814058957,0.1746031746031746,0.3605442176870748,"[{""answer_norm"": ""-51"", ""n"": 191}, {""answer_norm"": ""-51.1"", ""n"": 48}, {""answer_norm"": ""-51 1/9"", ""n"": 32}, {""answer_norm"": ""-76"", ""n"": 20}, {""answer_norm"": ""51"", ""n"": 18}]",model_dev,
131367,PSB25J,2,Fill-in-the-blank(s),Numeric,Now find x when y = 2. y = 2 3 x x =,Now find x when y = 2. y = 2 / 3 x x =,3,ratio_percent,8.EE.C.7b,Solve Multi-Step Linear Equations with Rational Number Coefficients,818,794,606,818,0.2469437652811736,0.1075794621026894,0.6259168704156479,"[{""answer_norm"": ""3"", ""n"": 574}, {""answer_norm"": ""-1"", ""n"": 33}, {""answer_norm"": ""-3"", ""n"": 31}, {""answer_norm"": ""2"", ""n"": 24}, {""answer_norm"": ""1"", ""n"": 18}]",model_dev,
131386,PSB25V,2,Fill-in-the-blank(s),Numeric,Divide 4 1 2 by the following unit fraction. 1 4,Divide 4 1 / 2 by the following unit fraction. 1 / 4,18,fraction,6.NS.A.1,Interpret & Compute using Division of Fractions,1417,1381,1227,1417,0.1206774876499647,0.1115031757233592,0.7875793930839803,"[{""answer_norm"": ""18"", ""n"": 1049}, {""answer_norm"": ""36/2"", ""n"": 131}, {""answer_norm"": ""18/1"", ""n"": 23}, {""answer_norm"": ""16"", ""n"": 17}, {""answer_norm"": ""72"", ""n"": 15}]",model_dev,
131506,PSB25V,3,Fill-in-the-blank(s),Numeric,Divide 4 1 2 by the following unit fraction. 1 6,Divide 4 1 / 2 by the following unit fraction. 1 / 6,27,fraction,6.NS.A.1,Interpret & Compute using Division of Fractions,1417,1381,1232,1417,0.1227946365561044,0.1185603387438249,0.8094565984474241,"[{""answer_norm"": ""27"", ""n"": 1078}, {""answer_norm"": ""54/2"", ""n"": 140}, {""answer_norm"": ""27/1"", ""n"": 21}, {""answer_norm"": ""12"", ""n"": 11}, {""answer_norm"": ""26"", ""n"": 11}]",model_dev,
131520,PSB26A,3,Fill-in-the-blank(s),Numeric,"The temperature in degrees Fahrenheit, F , is related to the temperature in degrees Celsius, C , by the equation F = 9 5 C + 32 , There is one temperature where the degrees Fahrenheit and degrees Celsius are the same, so that C = F . Use the expression from the equation, where F is expressed in terms of C . to solve for this temperature. C =","The temperature in degrees Fahrenheit, F, is related to the temperature in degrees Celsius, C, by the equation F = 9 / 5 C + 32, There is one temperature where the degrees Fahrenheit and degrees Celsius are the same, so that C = F. Use the expression from the equation, where F is expressed in terms of C. to solve for this temperature. C =",-40,ratio_percent,8.EE.C.7b,Solve Multi-Step Linear Equations with Rational Number Coefficients,439,433,235,439,0.4533029612756264,0.1093394077448747,0.4874715261958998,"[{""answer_norm"": ""-40"", ""n"": 340}, {""answer_norm"": ""0"", ""n"": 24}, {""answer_norm"": ""40"", ""n"": 8}, {""answer_norm"": ""32"", ""n"": 6}, {""answer_norm"": ""33.8"", ""n"": 4}]",model_dev,
131672,PSB282,1,Fill-in-the-blank(s),Numeric,"For the following equation, find y when x = -3. y = - x + 5 y =","For the following equation, find y when x = -3. y = - x + 5 y =",8,ratio_percent,8.EE.C.7b,Solve Multi-Step Linear Equations with Rational Number Coefficients,819,796,597,819,0.2649572649572649,0.0622710622710622,0.557997557997558,"[{""answer_norm"": ""8"", ""n"": 502}, {""answer_norm"": ""2"", ""n"": 205}, {""answer_norm"": ""-2"", ""n"": 22}, {""answer_norm"": ""3"", ""n"": 15}, {""answer_norm"": ""5"", ""n"": 14}]",model_dev,
131899,PSB282,2,Fill-in-the-blank(s),Numeric,Now find x when y = 2. y = - x + 5 x =,Now find x when y = 2. y = - x + 5 x =,3,ratio_percent,8.EE.C.7b,Solve Multi-Step Linear Equations with Rational Number Coefficients,808,788,599,808,0.2549504950495049,0.0767326732673267,0.556930693069307,"[{""answer_norm"": ""3"", ""n"": 518}, {""answer_norm"": ""-3"", ""n"": 132}, {""answer_norm"": ""7"", ""n"": 22}, {""answer_norm"": ""4"", ""n"": 19}, {""answer_norm"": ""1"", ""n"": 13}]",model_dev,
131914,PSB28Z,1,Fill-in-the-blank(s),Numeric,Noah has 5 meters of rope. How many pieces of rope of length 1 2 meter can he cut from it? pieces of rope,Noah has 5 meters of rope. How many pieces of rope of length 1 / 2 meter can he cut from it? pieces of rope,10,fraction,5.NF.B.7b | 5.NF.B.7c,Interpret & Compute Quotients of Whole Numbers & Unit Fractions | Solve Word Problems Involving Division of Fractions & Whole Numbers,67,62,59,67,0.1044776119402985,0.0597014925373134,0.5223880597014925,"[{""answer_norm"": ""10"", ""n"": 36}, {""answer_norm"": ""2.5"", ""n"": 12}, {""answer_norm"": ""5"", ""n"": 4}, {""answer_norm"": ""2 1/2"", ""n"": 3}, {""answer_norm"": ""1/5"", ""n"": 2}]",model_dev,
131934,PSB3A4,1,Fill-in-the-blank(s),Numeric,"Tyler orders a meal that costs $15. If the tax rate is 6.6%, how much will the sales tax be on Tyler’s meal? $","Tyler orders a meal that costs $15. If the tax rate is 6.6%, how much will the sales tax be on Tyler’s meal? $",0.99,ratio_percent,7.RP.A.3,Use Proportional Relationships to Solve Ratio & Percent Problems,1501,1475,1065,1501,0.2864756828780813,0.1419053964023984,0.5383077948034644,"[{""answer_norm"": ""0.99"", ""n"": 569}, {""answer_norm"": "".99"", ""n"": 375}, {""answer_norm"": ""15.99"", ""n"": 212}, {""answer_norm"": ""99"", ""n"": 42}, {""answer_norm"": ""16"", ""n"": 33}]",model_dev,
132144,PSB296,1,Fill-in-the-blank(s),Numeric,Four bags of chips cost $6. What is the cost per bag? $,Four bags of chips cost $6. What is the cost per bag? $,1.5,ratio_percent,6.RP.A.3b,Solve Unit Rate Problems,191,184,145,191,0.1832460732984293,0.1465968586387434,0.6544502617801047,"[{""answer_norm"": ""1.50"", ""n"": 85}, {""answer_norm"": ""1.5"", ""n"": 55}, {""answer_norm"": ""2"", ""n"": 12}, {""answer_norm"": ""0.50"", ""n"": 3}, {""answer_norm"": ""0.75"", ""n"": 3}]",model_dev,
132200,PSB3BJ,1,Fill-in-the-blank(s),Numeric,"For the following equation, find y when x=-3. y = 3 4 x - 2 1 2 y =","For the following equation, find y when x = -3. y = 3 / 4 x - 2 1 / 2 y =",-4.75,ratio_percent,8.EE.C.7b,Solve Multi-Step Linear Equations with Rational Number Coefficients,796,777,474,796,0.39321608040201,0.1256281407035175,0.4258793969849246,"[{""answer_norm"": ""-19/4"", ""n"": 220}, {""answer_norm"": ""-4.75"", ""n"": 142}, {""answer_norm"": ""-4 3/4"", ""n"": 85}, {""answer_norm"": ""-1/4"", ""n"": 43}, {""answer_norm"": ""19/4"", ""n"": 21}]",test,
132213,PSB3AB,1,Fill-in-the-blank(s),Numeric,What is 3 ÷ 4 ?,What is 3 / 4?,4-Mar,fraction,5.NF.B.3,Interpret Fractions as Division in Word Problems,64,59,62,64,0.03125,0.0,0.625,"[{""answer_norm"": ""0.75"", ""n"": 37}, {""answer_norm"": ""3/4"", ""n"": 3}, {""answer_norm"": ""1 1/4"", ""n"": 2}, {""answer_norm"": ""1.5"", ""n"": 2}, {""answer_norm"": ""1/2"", ""n"": 2}]",model_dev,
132256,PSB296,2,Fill-in-the-blank(s),Numeric,"Four bags of chips cost $6. At this rate, how much will 7 bags of chips cost? $","Four bags of chips cost $6. At this rate, how much will 7 bags of chips cost? $",10.5,ratio_percent,6.RP.A.3b,Solve Unit Rate Problems,190,183,149,190,0.1736842105263158,0.2526315789473684,0.6368421052631579,"[{""answer_norm"": ""10.50"", ""n"": 68}, {""answer_norm"": ""10.5"", ""n"": 67}, {""answer_norm"": ""7.50"", ""n"": 10}, {""answer_norm"": ""11.50"", ""n"": 4}, {""answer_norm"": ""1.50"", ""n"": 3}]",model_dev,
132330,PSB3AH,3,Fill-in-the-blank(s),Numeric,How much does Elena’s water weigh if her bucket is full and her bucket is identical to Noah’s? pounds,How much does Elena’s water weigh if her bucket is full and her bucket is identical to Noah’s? pounds,6 1/4,fraction,6.NS.A.1,Interpret & Compute using Division of Fractions,938,933,615,938,0.3113006396588486,0.2014925373134328,0.5650319829424307,"[{""answer_norm"": ""6 1/4"", ""n"": 381}, {""answer_norm"": ""6.25"", ""n"": 209}, {""answer_norm"": ""25/4"", ""n"": 65}, {""answer_norm"": ""2 1/2"", ""n"": 31}, {""answer_norm"": ""1"", ""n"": 27}]",test,
132337,PSB3AD,3,Fill-in-the-blank(s),Numeric,"A line contains the points (-3, -2) and (7, 2). Calculate the slope of the line.","A line contains the points (-3, -2) and (7, 2). Calculate the slope of the line.",5-Feb,functions_graphs,8.F.B.4,Use Functions to Model Relationships Between Quantities,47,47,27,47,0.425531914893617,0.0,0.425531914893617,"[{""answer_norm"": ""2/5"", ""n"": 17}, {""answer_norm"": ""0.4"", ""n"": 8}, {""answer_norm"": ""4/10"", ""n"": 4}, {""answer_norm"": ""2.5"", ""n"": 3}, {""answer_norm"": "".4"", ""n"": 2}]",test,
132416,PSB3BJ,2,Fill-in-the-blank(s),Numeric,Now find x when y = 2. y = 3 4 x - 2 1 2 x =,Now find x when y = 2. y = 3 / 4 x - 2 1 / 2 x =,6,ratio_percent,8.EE.C.7b,Solve Multi-Step Linear Equations with Rational Number Coefficients,786,770,438,786,0.4389312977099237,0.143765903307888,0.4720101781170484,"[{""answer_norm"": ""6"", ""n"": 512}, {""answer_norm"": ""3"", ""n"": 34}, {""answer_norm"": ""-2/3"", ""n"": 24}, {""answer_norm"": ""4"", ""n"": 20}, {""answer_norm"": ""-1"", ""n"": 14}]",test,
132432,PSB3BX,1,Fill-in-the-blank(s),Numeric,"At a used book sale, 5 books cost $15. What is the cost per book? $","At a used book sale, 5 books cost $15. What is the cost per book? $",3,ratio_percent,6.RP.A.3b,Solve Unit Rate Problems,191,176,167,191,0.0994764397905759,0.0837696335078534,0.8324607329842932,"[{""answer_norm"": ""3"", ""n"": 166}, {""answer_norm"": ""3.00"", ""n"": 5}, {""answer_norm"": ""5"", ""n"": 4}, {""answer_norm"": ""21"", ""n"": 3}, {""answer_norm"": ""7"", ""n"": 3}]",test,
132551,PSB3CC,1,Fill-in-the-blank(s),Numeric,"Find 1.8 ÷ 0.004 . If you get stuck, think about what equivalent division expression you could write.","Find 1.8 / 0.004. If you get stuck, think about what equivalent division expression you could write.",450,decimal,6.NS.B.3,"Add, Subtract, Multiply & Divide Multi-Digit Decimals",44,44,35,44,0.2045454545454545,0.0227272727272727,0.7272727272727273,"[{""answer_norm"": ""450"", ""n"": 34}, {""answer_norm"": ""0.002"", ""n"": 2}, {""answer_norm"": "".45"", ""n"": 1}, {""answer_norm"": ""0.12"", ""n"": 1}, {""answer_norm"": ""0.45"", ""n"": 1}]",test,
132567,PSB3BX,2,Fill-in-the-blank(s),Numeric,"At a used book sale, 5 books cost $15. At this rate, how many books can you buy for $21? books","At a used book sale, 5 books cost $15. At this rate, how many books can you buy for $21? books",7,ratio_percent,6.RP.A.3b,Solve Unit Rate Problems,191,176,158,191,0.1308900523560209,0.0837696335078534,0.7382198952879581,"[{""answer_norm"": ""7"", ""n"": 153}, {""answer_norm"": ""63"", ""n"": 9}, {""answer_norm"": ""8"", ""n"": 5}, {""answer_norm"": ""21"", ""n"": 3}, {""answer_norm"": ""5"", ""n"": 2}]",test,
132573,PSB3CK,1,Fill-in-the-blank(s),Numeric,"A lizard and a snail start out next to each other on a drain pipe. The lizard climbs 10 inches up, and the snail climbs 4 inches down. After they stop climbing, how far apart are they? inches","A lizard and a snail start out next to each other on a drain pipe. The lizard climbs 10 inches up, and the snail climbs 4 inches down. After they stop climbing, how far apart are they? inches",14,equation_algebra,6.NS.C.8,Solve Real-World Problems by Graphing on a Coordinate Plane,1,1,0,1,1.0,0.0,0.0,"[{""answer_norm"": ""40"", ""n"": 1}]",model_dev,
132688,PSB3EU,1,Fill-in-the-blank(s),Numeric,"For the following equation, find y when x = -3. y = 1 . 5 x + 11 y =","For the following equation, find y when x = -3. y = 1.5 x + 11 y =",6.5,ratio_percent,8.EE.C.7b,Solve Multi-Step Linear Equations with Rational Number Coefficients,753,742,602,753,0.1952191235059761,0.0517928286852589,0.703851261620186,"[{""answer_norm"": ""6.5"", ""n"": 596}, {""answer_norm"": ""15.5"", ""n"": 40}, {""answer_norm"": ""-15.5"", ""n"": 10}, {""answer_norm"": ""-6"", ""n"": 10}, {""answer_norm"": ""-6.5"", ""n"": 7}]",model_dev,
132812,PSB3EH,2,Fill-in-the-blank(s),Numeric,What is the area of the base? square units,What is the area of the base? square units,54,geometry_measurement,7.G.B.6,"Find Area, Volume & Surface Area of 2D/3D Objects",95,95,67,95,0.2736842105263158,0.4631578947368421,0.3894736842105263,"[{""answer_norm"": ""54"", ""n"": 41}, {""answer_norm"": ""48"", ""n"": 12}, {""answer_norm"": ""57"", ""n"": 11}, {""answer_norm"": ""42"", ""n"": 4}, {""answer_norm"": ""56"", ""n"": 4}]",model_dev,
132871,PSB3FD,1,Fill-in-the-blank(s),Numeric,"In many schools, students have the choice between taking art, music, or some other elective. At Euclid Middle School, there are 200 students in the 8th grade. 40 students are taking art. What percentage of 8th graders at Euclid Middle School are taking art? %","In many schools, students have the choice between taking art, music, or some other elective. At Euclid Middle School, there are 200 students in the 8th grade. 40 students are taking art. What percentage of 8th graders at Euclid Middle School are taking art? %",20,ratio_percent,6.RP.A.3c,Solve Problems Involving Percents,33,33,18,33,0.4545454545454545,0.0,0.3939393939393939,"[{""answer_norm"": ""20"", ""n"": 17}, {""answer_norm"": ""5"", ""n"": 6}, {""answer_norm"": ""2"", ""n"": 4}, {""answer_norm"": ""2-"", ""n"": 2}, {""answer_norm"": ""2/10"", ""n"": 1}]",model_dev,
132877,PSB3DP,2,Fill-in-the-blank(s),Numeric,"Neon bracelets cost $1 for 4. At this rate, how much will 11 neon bracelets cost? $","Neon bracelets cost $1 for 4. At this rate, how much will 11 neon bracelets cost? $",2.75,ratio_percent,6.RP.A.3b,Solve Unit Rate Problems,160,153,124,160,0.20625,0.05625,0.65625,"[{""answer_norm"": ""2.75"", ""n"": 115}, {""answer_norm"": ""44"", ""n"": 7}, {""answer_norm"": ""2.25"", ""n"": 5}, {""answer_norm"": ""8.75"", ""n"": 4}, {""answer_norm"": ""3.75"", ""n"": 3}]",model_dev,
132932,PSB3EU,2,Fill-in-the-blank(s),Numeric,Now find x when y = 2. y = 1 . 5 x + 11 x =,Now find x when y = 2. y = 1.5 x + 11 x =,-6,ratio_percent,8.EE.C.7b,Solve Multi-Step Linear Equations with Rational Number Coefficients,750,739,514,750,0.3106666666666666,0.1186666666666666,0.5506666666666666,"[{""answer_norm"": ""-6"", ""n"": 505}, {""answer_norm"": ""6"", ""n"": 88}, {""answer_norm"": ""14"", ""n"": 16}, {""answer_norm"": ""-9"", ""n"": 10}, {""answer_norm"": ""3"", ""n"": 10}]",model_dev,
133098,PSB3FD,3,Fill-in-the-blank(s),Numeric,"At Newton Middle School, there are 320 students in the 8th grade. 54 are taking music. What percentage of 8th graders at Newton Middle School are taking music? %","At Newton Middle School, there are 320 students in the 8th grade. 54 are taking music. What percentage of 8th graders at Newton Middle School are taking music? %",16.875,ratio_percent,6.RP.A.3c,Solve Problems Involving Percents,33,33,6,33,0.8181818181818182,0.0,0.0606060606060606,"[{""answer_norm"": ""16.875"", ""n"": 9}, {""answer_norm"": ""17"", ""n"": 5}, {""answer_norm"": ""16"", ""n"": 3}, {""answer_norm"": ""16.8"", ""n"": 2}, {""answer_norm"": ""16.9"", ""n"": 2}]",model_dev,
133100,PRABG2SM,1,Fill-in-the-blank(s),Numeric,Find the quotient mentally. 246 ÷ 12,Find the quotient mentally. 246 / 12,20.5,whole_number_arithmetic,6.NS.B.2,Divide Multi-Digit Whole Numbers,175,175,145,175,0.1657142857142857,0.08,0.7542857142857143,"[{""answer_norm"": ""20.5"", ""n"": 128}, {""answer_norm"": ""20"", ""n"": 12}, {""answer_norm"": ""20 1/2"", ""n"": 12}, {""answer_norm"": ""22"", ""n"": 4}, {""answer_norm"": ""123"", ""n"": 3}]",model_dev,
133518,PRABQKSN,1,Fill-in-the-blank(s),Numeric,A rectangular prism has dimensions of 8 cm by 9 cm by 10 cm. What is its volume? cubic centimeters,A rectangular prism has dimensions of 8 cm by 9 cm by 10 cm. What is its volume? cubic centimeters,720,geometry_measurement,5.MD.C.5b,Find the Volume of a Rectangular Prism With a Formula,65,60,61,65,0.0615384615384615,0.0,0.6307692307692307,"[{""answer_norm"": ""720"", ""n"": 43}, {""answer_norm"": ""242"", ""n"": 3}, {""answer_norm"": ""27"", ""n"": 2}, {""answer_norm"": ""720\\"", ""n"": 2}, {""answer_norm"": ""13"", ""n"": 1}]",test,
134242,PSB3NH,1,Fill-in-the-blank(s),Numeric,"Mai is making friendship bracelets. Each bracelet is made from 24.3 cm of string. If she has 170.1 cm of string, how many bracelets can she make? bracelets","Mai is making friendship bracelets. Each bracelet is made from 24.3 cm of string. If she has 170.1 cm of string, how many bracelets can she make? bracelets",7,decimal,6.NS.B.3,"Add, Subtract, Multiply & Divide Multi-Digit Decimals",20,20,14,20,0.25,0.05,0.7,"[{""answer_norm"": ""7"", ""n"": 17}, {""answer_norm"": ""0.14285714285"", ""n"": 1}, {""answer_norm"": ""17"", ""n"": 1}, {""answer_norm"": ""4"", ""n"": 1}]",test,
135233,PSB3YG,1,Fill-in-the-blank(s),Numeric,"A performer expects to sell 5,000 tickets for an upcoming concert. They want to make a total of $311,000 in sales from these tickets. Assuming that all tickets have the same price, what is the price for one ticket? $","A performer expects to sell 5,000 tickets for an upcoming concert. They want to make a total of $311,000 in sales from these tickets. Assuming that all tickets have the same price, what is the price for one ticket? $",62.2,ratio_percent,7.RP.A.2a,Identify Proportional Relationships,268,264,224,268,0.1641791044776119,0.0223880597014925,0.7276119402985075,"[{""answer_norm"": ""62.2"", ""n"": 149}, {""answer_norm"": ""62.20"", ""n"": 65}, {""answer_norm"": ""62"", ""n"": 6}, {""answer_norm"": ""435400"", ""n"": 3}, {""answer_norm"": ""6.22"", ""n"": 3}]",test,
135943,PSB3X8,2,Fill-in-the-blank(s),Numeric,What is the value of | - 7 | ?,What is the value of | - 7 |?,7,other,6.NS.C.7c,Understand & Interpret Absolute Value,165,164,155,165,0.0545454545454545,0.0303030303030303,0.7878787878787878,"[{""answer_norm"": ""7"", ""n"": 131}, {""answer_norm"": ""-7"", ""n"": 27}, {""answer_norm"": ""0"", ""n"": 2}, {""answer_norm"": ""-12"", ""n"": 1}, {""answer_norm"": ""-3"", ""n"": 1}]",model_dev,
136203,PSB3X8,4,Fill-in-the-blank(s),Numeric,What is the value of | 1.8 | ?,What is the value of | 1.8 |?,1.8,other,6.NS.C.7c,Understand & Interpret Absolute Value,165,164,161,165,0.0181818181818181,0.0181818181818181,0.8727272727272727,"[{""answer_norm"": ""1.8"", ""n"": 145}, {""answer_norm"": ""-1.8"", ""n"": 14}, {""answer_norm"": ""7"", ""n"": 2}, {""answer_norm"": ""0"", ""n"": 1}, {""answer_norm"": ""1."", ""n"": 1}]",model_dev,
136496,PSB36Y,1,Fill-in-the-blank(s),Numeric,"Aluminum cans can be recycled instead of being thrown in the garbage. The weight of 10 aluminum cans is 0.16 kilograms. The aluminum in 10 cans that are recycled has a value of $0.14. If a family threw away 2.4 kg of aluminum in a month, how many cans did they throw away? cans","Aluminum cans can be recycled instead of being thrown in the garbage. The weight of 10 aluminum cans is 0.16 kilograms. The aluminum in 10 cans that are recycled has a value of $0.14. If a family threw away 2.4 kg of aluminum in a month, how many cans did they throw away? cans",150,ratio_percent,7.RP.A.2a,Identify Proportional Relationships,186,172,120,186,0.3494623655913978,0.075268817204301,0.4623655913978494,"[{""answer_norm"": ""150"", ""n"": 111}, {""answer_norm"": ""15"", ""n"": 35}, {""answer_norm"": ""24"", ""n"": 4}, {""answer_norm"": ""0.016"", ""n"": 3}, {""answer_norm"": ""2.10"", ""n"": 3}]",model_dev,
136828,PRABFJWS,1,Fill-in-the-blank(s),Numeric,Find the quotient. 0 . 024 ÷ 0 . 015,Find the quotient. 0.024 / 0.015,1.6,decimal,6.NS.B.3,"Add, Subtract, Multiply & Divide Multi-Digit Decimals",410,410,337,410,0.1634146341463414,0.0853658536585365,0.7414634146341463,"[{""answer_norm"": ""1.6"", ""n"": 342}, {""answer_norm"": ""0.039"", ""n"": 6}, {""answer_norm"": ""0.0016"", ""n"": 4}, {""answer_norm"": ""1.5"", ""n"": 4}, {""answer_norm"": "".0016"", ""n"": 3}]",model_dev,
137016,PRABGKQY,1,Fill-in-the-blank(s),Numeric,Find the quotient. 0 . 24 ÷ 0 . 015,Find the quotient. 0.24 / 0.015,16,decimal,6.NS.B.3,"Add, Subtract, Multiply & Divide Multi-Digit Decimals",436,436,382,436,0.110091743119266,0.073394495412844,0.7729357798165137,"[{""answer_norm"": ""16"", ""n"": 360}, {""answer_norm"": ""1.6"", ""n"": 26}, {""answer_norm"": ""16."", ""n"": 7}, {""answer_norm"": ""0.16"", ""n"": 4}, {""answer_norm"": ""1.06"", ""n"": 4}]",model_dev,
137129,PSB34G,2,Fill-in-the-blank(s),Numeric,Find the perimeter of the polygon. units,Find the perimeter of the polygon. units,20,equation_algebra,6.NS.C.8 | 6.G.A.3,Solve Real-World Problems by Graphing on a Coordinate Plane | Use Coordinates on a Graph to Create Polygons & Find Side Lengths,134,130,70,134,0.4253731343283582,0.1567164179104477,0.373134328358209,"[{""answer_norm"": ""20"", ""n"": 76}, {""answer_norm"": ""17"", ""n"": 7}, {""answer_norm"": ""19"", ""n"": 6}, {""answer_norm"": ""18"", ""n"": 5}, {""answer_norm"": ""22"", ""n"": 4}]",model_dev,
137139,PRABGKQZ,1,Fill-in-the-blank(s),Numeric,Find the quotient. 0 . 024 ÷ 0 . 15,Find the quotient. 0.024 / 0.15,0.16,decimal,6.NS.B.3,"Add, Subtract, Multiply & Divide Multi-Digit Decimals",384,384,330,384,0.1302083333333333,0.0651041666666666,0.7239583333333334,"[{""answer_norm"": ""0.16"", ""n"": 215}, {""answer_norm"": "".16"", ""n"": 87}, {""answer_norm"": ""16"", ""n"": 27}, {""answer_norm"": ""1.6"", ""n"": 15}, {""answer_norm"": ""160"", ""n"": 7}]",model_dev,
137305,PRABGKQ2,1,Fill-in-the-blank(s),Numeric,Find the quotient. 24 ÷ 15,Find the quotient. 24 / 15,1.6,whole_number_arithmetic,6.NS.B.2,Divide Multi-Digit Whole Numbers,373,373,329,373,0.1126005361930295,0.0509383378016085,0.8042895442359249,"[{""answer_norm"": ""1.6"", ""n"": 328}, {""answer_norm"": ""16"", ""n"": 7}, {""answer_norm"": ""1.5"", ""n"": 5}, {""answer_norm"": ""160"", ""n"": 5}, {""answer_norm"": ""1"", ""n"": 4}]",validation,
138605,PSB4DY,3,Fill-in-the-blank(s),Numeric,What is the area of the triangle? square units,What is the area of the triangle? square units,3,functions_graphs,6.G.A.1 | 6.G.A.3,"Find the Area of Triangles, Quadrilaterals & Polygons | Use Coordinates on a Graph to Create Polygons & Find Side Lengths",244,240,143,244,0.4139344262295082,0.0737704918032786,0.4590163934426229,"[{""answer_norm"": ""3"", ""n"": 161}, {""answer_norm"": ""6"", ""n"": 23}, {""answer_norm"": ""4"", ""n"": 12}, {""answer_norm"": ""5"", ""n"": 6}, {""answer_norm"": ""12"", ""n"": 4}]",model_dev,
138970,PSB4FT,4,Fill-in-the-blank(s),Numeric,"At this rate, how much would Lin be paid for 3 hours of work? $","At this rate, how much would Lin be paid for 3 hours of work? $",54,ratio_percent,6.RP.A.3a,Create Tables to Compare Equivalent Ratios,192,191,162,192,0.1354166666666666,0.0625,0.8125,"[{""answer_norm"": ""54"", ""n"": 166}, {""answer_norm"": ""30"", ""n"": 4}, {""answer_norm"": ""144"", ""n"": 2}, {""answer_norm"": ""36"", ""n"": 2}, {""answer_norm"": ""54.00"", ""n"": 2}]",validation,
141837,PSB4W4,2,Fill-in-the-blank(s),Numeric,Find the value of the unknown that makes the equation true. 18 = 3 + x x =,Find the value of the unknown that makes the equation true. 18 = 3 + x x =,15,equation_algebra,6.EE.B.7,Write & Solve 1-Step Equations,202,195,177,202,0.1138613861386138,0.0297029702970297,0.7920792079207921,"[{""answer_norm"": ""15"", ""n"": 171}, {""answer_norm"": ""6"", ""n"": 18}, {""answer_norm"": ""18"", ""n"": 4}, {""answer_norm"": ""12"", ""n"": 2}, {""answer_norm"": ""16"", ""n"": 2}]",model_dev,
142047,PSB4W4,4,Fill-in-the-blank(s),Numeric,Find the value of the unknown that makes the equation true. 18 = 3 ⋅ y y =,Find the value of the unknown that makes the equation true. 18 = 3 * y y =,6,equation_algebra,6.EE.B.7,Write & Solve 1-Step Equations,200,195,180,200,0.095,0.03,0.84,"[{""answer_norm"": ""6"", ""n"": 178}, {""answer_norm"": ""15"", ""n"": 7}, {""answer_norm"": ""5"", ""n"": 5}, {""answer_norm"": ""18"", ""n"": 4}, {""answer_norm"": ""9"", ""n"": 2}]",model_dev,
142055,PSB4YV,1,Fill-in-the-blank(s),Numeric,"A store is having a 20%-off sale on all merchandise. If Mai buys one item and saves $13, what was the original price of her purchase? $","A store is having a 20%-off sale on all merchandise. If Mai buys one item and saves $13, what was the original price of her purchase? $",65,ratio_percent,6.RP.A.3c,Solve Problems Involving Percents,1388,1351,1052,1388,0.1671469740634005,0.1930835734870317,0.649135446685879,"[{""answer_norm"": ""65"", ""n"": 1009}, {""answer_norm"": ""2.6"", ""n"": 48}, {""answer_norm"": ""16.25"", ""n"": 29}, {""answer_norm"": ""52"", ""n"": 28}, {""answer_norm"": ""26"", ""n"": 19}]",model_dev,
142483,PSB43J,1,Fill-in-the-blank(s),Numeric,"The original price of a scarf was $16. During a store-closing sale, a shopper saved $12 on the scarf. What percentage discount did she receive? %","The original price of a scarf was $16. During a store-closing sale, a shopper saved $12 on the scarf. What percentage discount did she receive? %",75,ratio_percent,6.RP.A.3c,Solve Problems Involving Percents,1298,1263,1006,1298,0.187211093990755,0.1640986132511556,0.6063174114021571,"[{""answer_norm"": ""75"", ""n"": 863}, {""answer_norm"": ""25"", ""n"": 134}, {""answer_norm"": ""80"", ""n"": 42}, {""answer_norm"": ""4"", ""n"": 28}, {""answer_norm"": ""40"", ""n"": 27}]",validation,
143514,PSB5BE,1,Fill-in-the-blank(s),Numeric,Han spent 75 minutes practicing the piano over the weekend. Priya practiced the violin for 152% as much time as Han practiced the piano. How long did she practice? minutes,Han spent 75 minutes practicing the piano over the weekend. Priya practiced the violin for 152% as much time as Han practiced the piano. How long did she practice? minutes,114,ratio_percent,6.RP.A.3c,Solve Problems Involving Percents,1060,1051,789,1060,0.2235849056603773,0.1566037735849056,0.6160377358490566,"[{""answer_norm"": ""114"", ""n"": 751}, {""answer_norm"": ""144"", ""n"": 31}, {""answer_norm"": ""189"", ""n"": 13}, {""answer_norm"": ""114.00"", ""n"": 9}, {""answer_norm"": ""11400"", ""n"": 9}]",model_dev,
143860,PSB5BE,3,Fill-in-the-blank(s),Numeric,Han spent 75 minutes practicing the piano over the weekend. Tyler practiced the clarinet for 64% as much time as Han practiced the piano. How long did he practice? minutes,Han spent 75 minutes practicing the piano over the weekend. Tyler practiced the clarinet for 64% as much time as Han practiced the piano. How long did he practice? minutes,48,ratio_percent,6.RP.A.3c,Solve Problems Involving Percents,1037,1029,775,1037,0.2150433944069431,0.1562198649951784,0.6692381870781099,"[{""answer_norm"": ""48"", ""n"": 812}, {""answer_norm"": ""72.96"", ""n"": 26}, {""answer_norm"": ""480"", ""n"": 10}, {""answer_norm"": ""133"", ""n"": 9}, {""answer_norm"": ""64"", ""n"": 7}]",model_dev,
144489,PSB5DV,2,Fill-in-the-blank(s),Numeric,An ant travels at a constant rate of 30 cm every 2 minutes. At what speed does the ant travel per minute? centimeters per inch,An ant travels at a constant rate of 30 cm every 2 minutes. At what speed does the ant travel per minute? centimeters per inch,15,ratio_percent,6.RP.A.3b,Solve Unit Rate Problems,1065,1039,880,1065,0.1539906103286385,0.060093896713615,0.7699530516431925,"[{""answer_norm"": ""15"", ""n"": 884}, {""answer_norm"": ""1/15"", ""n"": 45}, {""answer_norm"": ""15/1"", ""n"": 29}, {""answer_norm"": ""4"", ""n"": 13}, {""answer_norm"": ""1"", ""n"": 9}]",model_dev,
146750,PRABEPN8,1,Fill-in-the-blank(s),Numeric,"The high school is hosting an event for seniors but will also allow some juniors to attend. The principal approved the event for 200 students and decided the number of juniors should be 25% of the number of seniors. How many juniors will be allowed to attend? If you get stuck, try writing two equations that each represent the number of juniors and seniors at the event. juniors","The high school is hosting an event for seniors but will also allow some juniors to attend. The principal approved the event for 200 students and decided the number of juniors should be 25% of the number of seniors. How many juniors will be allowed to attend? If you get stuck, try writing two equations that each represent the number of juniors and seniors at the event. juniors",40,equation_algebra,8.EE.C.8c,Solve Systems of Linear Equations Word Problems,528,526,287,528,0.4564393939393939,0.2386363636363636,0.4166666666666667,"[{""answer_norm"": ""40"", ""n"": 303}, {""answer_norm"": ""50"", ""n"": 157}, {""answer_norm"": ""160"", ""n"": 13}, {""answer_norm"": ""200"", ""n"": 7}, {""answer_norm"": ""8"", ""n"": 6}]",test,
146938,PSB5TR,1,Fill-in-the-blank(s),Algebraic Expression,Write the other side of this equation so it's true for all values of x: 1 2 ( 6 x − 10 ) − x =,Write the other side of this equation so it's true for all values of x: 1 / 2 (6 x - 10) - x =,2x-5,equation_algebra,8.EE.C.7a,"Solve Linear Equations with One, Multiple or No Solutions",807,796,580,807,0.2726146220570012,0.117719950433705,0.5985130111524164,"[{""answer_norm"": ""2x-5"", ""n"": 339}, {""answer_norm"": ""3x-5-x"", ""n"": 148}, {""answer_norm"": ""1/2(6x-10)-x"", ""n"": 62}, {""answer_norm"": ""3x-5"", ""n"": 37}, {""answer_norm"": ""(3x-5)-x"", ""n"": 15}]",model_dev,
147205,PRABFAHC,1,Fill-in-the-blank(s),Numeric,"Clare is paid $90 for 5 hours of work. At this rate, how many seconds does it take for her to earn 25 cents? seconds","Clare is paid $90 for 5 hours of work. At this rate, how many seconds does it take for her to earn 25 cents? seconds",50,ratio_percent,6.RP.A.3a,Create Tables to Compare Equivalent Ratios,1196,1166,544,1196,0.4724080267558528,0.4339464882943143,0.3469899665551839,"[{""answer_norm"": ""50"", ""n"": 598}, {""answer_norm"": ""18"", ""n"": 78}, {""answer_norm"": ""5"", ""n"": 49}, {""answer_norm"": ""1"", ""n"": 25}, {""answer_norm"": ""3.6"", ""n"": 23}]",validation,
148754,PRABEDB7,1,Fill-in-the-blank(s),Numeric,Solve the equation and check your solution. 3 x − 6 = 4 ( 2 − 3 x ) − 8 x x =,Solve the equation and check your solution. 3 x - 6 = 4 (2 - 3 x) - 8 x x =,14/23,ratio_percent,8.EE.C.7b,Solve Multi-Step Linear Equations with Rational Number Coefficients,751,738,473,751,0.3648468708388815,0.1917443408788282,0.5086551264980027,"[{""answer_norm"": ""14/23"", ""n"": 471}, {""answer_norm"": ""2"", ""n"": 48}, {""answer_norm"": ""14/25"", ""n"": 12}, {""answer_norm"": ""23/14"", ""n"": 12}, {""answer_norm"": ""14"", ""n"": 10}]",model_dev,
148929,PRABMTN9,1,Fill-in-the-blank(s),Numeric,Solve the equation and check your solution. 1 2 z + 6 = 3 2 ( z + 6 ) z =,Solve the equation and check your solution. 1 / 2 z + 6 = 3 / 2 (z + 6) z =,-3,ratio_percent,8.EE.C.7b,Solve Multi-Step Linear Equations with Rational Number Coefficients,726,716,479,726,0.3264462809917355,0.2506887052341597,0.5840220385674931,"[{""answer_norm"": ""-3"", ""n"": 535}, {""answer_norm"": ""0"", ""n"": 31}, {""answer_norm"": ""-6"", ""n"": 20}, {""answer_norm"": ""3"", ""n"": 18}, {""answer_norm"": ""9/2"", ""n"": 13}]",model_dev,
149101,PRABMTPA,1,Fill-in-the-blank(s),Numeric,Solve the equation and check your solution. 9 − 7 w = 8 w + 8 w =,Solve the equation and check your solution. 9 - 7 w = 8 w + 8 w =,15-Jan,ratio_percent,8.EE.C.7b,Solve Multi-Step Linear Equations with Rational Number Coefficients,731,721,531,731,0.2640218878248974,0.1477428180574555,0.6470588235294118,"[{""answer_norm"": ""1/15"", ""n"": 555}, {""answer_norm"": ""15"", ""n"": 27}, {""answer_norm"": ""1"", ""n"": 25}, {""answer_norm"": ""-1"", ""n"": 10}, {""answer_norm"": ""0"", ""n"": 8}]",model_dev,
149750,PRABQB3V,1,Fill-in-the-blank(s),Numeric,Jada eats 2 scoops of ice cream in 5 minutes. Noah eats 3 scoops of ice cream in 5minutes. How long does it take them to eat 1 scoop of ice cream working together (if they continue eating ice cream at the same rate they do individually)? minute(s),Jada eats 2 scoops of ice cream in 5 minutes. Noah eats 3 scoops of ice cream in 5minutes. How long does it take them to eat 1 scoop of ice cream working together (if they continue eating ice cream at the same rate they do individually)? minute(s),1,ratio_percent,6.RP.A.3b,Solve Unit Rate Problems,28,28,24,28,0.1428571428571428,0.0,0.7857142857142857,"[{""answer_norm"": ""1"", ""n"": 22}, {""answer_norm"": ""4"", ""n"": 2}, {""answer_norm"": ""1.25"", ""n"": 1}, {""answer_norm"": ""1.5"", ""n"": 1}, {""answer_norm"": ""150"", ""n"": 1}]",model_dev,
149859,PRABQB3W,1,Fill-in-the-blank(s),Numeric,"The garden hose at Andre's house can fill a 5-gallon bucket in 2 minutes. The hose at his next-door neighbor’s house can fill a 10-gallon bucket in 8 minutes. If they use both their garden hoses at the same time, and the hoses continue working at the same rate they did when filling a bucket, how long will it take to fill a 750-gallon pool? minutes","The garden hose at Andre's house can fill a 5-gallon bucket in 2 minutes. The hose at his next-door neighbor’s house can fill a 10-gallon bucket in 8 minutes. If they use both their garden hoses at the same time, and the hoses continue working at the same rate they did when filling a bucket, how long will it take to fill a 750-gallon pool? minutes",200,ratio_percent,6.RP.A.3b,Solve Unit Rate Problems,26,26,20,26,0.2307692307692307,0.0,0.4615384615384615,"[{""answer_norm"": ""200"", ""n"": 14}, {""answer_norm"": ""1"", ""n"": 1}, {""answer_norm"": ""1.25"", ""n"": 1}, {""answer_norm"": ""150"", ""n"": 1}, {""answer_norm"": ""16"", ""n"": 1}]",model_dev,
150076,PSB6C5,2,Fill-in-the-blank(s),Numeric,Solve the equation correctly. x =,Solve the equation correctly. x =,-36,ratio_percent,8.EE.C.7b,Solve Multi-Step Linear Equations with Rational Number Coefficients,60,54,41,60,0.3166666666666666,0.0,0.3333333333333333,"[{""answer_norm"": ""-36"", ""n"": 30}, {""answer_norm"": ""36"", ""n"": 7}, {""answer_norm"": ""18"", ""n"": 4}, {""answer_norm"": ""3"", ""n"": 4}, {""answer_norm"": ""24"", ""n"": 2}]",test,
150895,PSB6H4,1,Fill-in-the-blank(s),Numeric,A storage box has a volume of 56 cubic inches. The base of the box is 4 inches by 4 inches. What is the height of the box? inches,A storage box has a volume of 56 cubic inches. The base of the box is 4 inches by 4 inches. What is the height of the box? inches,3 1/2,fraction,6.G.A.2,Find the Volume of Rectangular Prisms with Fractional Sides,268,244,189,268,0.2686567164179104,0.0820895522388059,0.5634328358208955,"[{""answer_norm"": ""3.5"", ""n"": 95}, {""answer_norm"": ""3 1/2"", ""n"": 51}, {""answer_norm"": ""3 8/16"", ""n"": 23}, {""answer_norm"": ""14"", ""n"": 14}, {""answer_norm"": ""4"", ""n"": 12}]",test,
151049,PSB6H4,2,Fill-in-the-blank(s),Numeric,"Lin’s teacher uses the box to store her set of cubes with an edge length of 1 2 inch. If the box is completely full, how many cubes are in the set? cubes","Lin’s teacher uses the box to store her set of cubes with an edge length of 1 / 2 inch. If the box is completely full, how many cubes are in the set? cubes",448,fraction,6.G.A.2,Find the Volume of Rectangular Prisms with Fractional Sides,254,237,137,254,0.3937007874015748,0.2795275590551181,0.389763779527559,"[{""answer_norm"": ""448"", ""n"": 129}, {""answer_norm"": ""112"", ""n"": 37}, {""answer_norm"": ""7"", ""n"": 15}, {""answer_norm"": ""8"", ""n"": 9}, {""answer_norm"": ""28"", ""n"": 8}]",test,
151389,PSB6N4,1,Fill-in-the-blank(s),Numeric,28 is 7 times what number?,28 is 7 times what number?,4,fraction,4.OA.A.1 | 4.NBT.A.1 | 4.NF.B.4b,Interpret & Represent Multiplicative Comparisons as Multiplication Equations | Recognize & Apply Concepts of Place Value Relationships | Multiply a Fraction by a Whole Number,126,126,115,126,0.0873015873015873,0.0,0.8333333333333334,"[{""answer_norm"": ""4"", ""n"": 107}, {""answer_norm"": ""196"", ""n"": 9}, {""answer_norm"": ""14"", ""n"": 2}, {""answer_norm"": ""19"", ""n"": 1}, {""answer_norm"": ""197"", ""n"": 1}]",validation,
151533,PSB6N4,2,Fill-in-the-blank(s),Numeric,8 is 32 times what number?,8 is 32 times what number?,4-Jan,fraction,4.OA.A.1 | 4.NBT.A.1 | 4.NF.B.4b,Interpret & Represent Multiplicative Comparisons as Multiplication Equations | Recognize & Apply Concepts of Place Value Relationships | Multiply a Fraction by a Whole Number,126,126,94,126,0.2539682539682539,0.0,0.0952380952380952,"[{""answer_norm"": ""4"", ""n"": 95}, {""answer_norm"": ""1/4"", ""n"": 8}, {""answer_norm"": ""0.25"", ""n"": 7}, {""answer_norm"": ""256"", ""n"": 5}, {""answer_norm"": ""0"", ""n"": 1}]",validation,
151647,PSB6N4,3,Fill-in-the-blank(s),Numeric,4000 is 4 times what number?,4000 is 4 times what number?,1000,fraction,4.OA.A.1 | 4.NBT.A.1 | 4.NF.B.4b,Interpret & Represent Multiplicative Comparisons as Multiplication Equations | Recognize & Apply Concepts of Place Value Relationships | Multiply a Fraction by a Whole Number,126,126,111,126,0.119047619047619,0.0,0.7222222222222222,"[{""answer_norm"": ""1000"", ""n"": 90}, {""answer_norm"": ""100"", ""n"": 9}, {""answer_norm"": ""16000"", ""n"": 8}, {""answer_norm"": ""1,000"", ""n"": 5}, {""answer_norm"": ""1"", ""n"": 1}]",validation,
151827,PSB6SM,1,Fill-in-the-blank(s),Numeric,Three cones have a volume of 192 π cm 3 . Cone A has a radius of 2 cm. Cone B has a radius of 3 cm. Cone C has a radius of 4 cm. Find the height of each cone A. cm,Three cones have a volume of 192 pi cm^(3). Cone A has a radius of 2 cm. Cone B has a radius of 3 cm. Cone C has a radius of 4 cm. Find the height of each cone A. cm,144,geometry_measurement,8.G.C.9,Know & Use Volume Formulas,476,475,303,476,0.3592436974789916,0.1428571428571428,0.5357142857142857,"[{""answer_norm"": ""144"", ""n"": 334}, {""answer_norm"": ""48"", ""n"": 30}, {""answer_norm"": ""4"", ""n"": 17}, {""answer_norm"": ""16"", ""n"": 12}, {""answer_norm"": ""45.84"", ""n"": 8}]",test,
151987,PSB6SM,2,Fill-in-the-blank(s),Numeric,Three cones have a volume of 192 π cm 3 . Cone A has a radius of 2 cm. Cone B has a radius of 3 cm. Cone C has a radius of 4 cm. Find the height of each cone B. cm,Three cones have a volume of 192 pi cm^(3). Cone A has a radius of 2 cm. Cone B has a radius of 3 cm. Cone C has a radius of 4 cm. Find the height of each cone B. cm,64,geometry_measurement,8.G.C.9,Know & Use Volume Formulas,472,471,331,472,0.2966101694915254,0.125,0.6504237288135594,"[{""answer_norm"": ""64"", ""n"": 394}, {""answer_norm"": ""192"", ""n"": 4}, {""answer_norm"": ""6"", ""n"": 4}, {""answer_norm"": ""96"", ""n"": 4}, {""answer_norm"": ""21 1/3"", ""n"": 3}]",test,
152004,PSB6SB,1,Fill-in-the-blank(s),Numeric,"A store sells ice cream with assorted toppings. They charge $3.00 for an ice cream, plus 50 cents per ounce of toppings. How much does an ice cream cost with 4 ounces of toppings? $","A store sells ice cream with assorted toppings. They charge $3.00 for an ice cream, plus 50 cents per ounce of toppings. How much does an ice cream cost with 4 ounces of toppings? $",5,equation_algebra,7.EE.B.3,Solve Applied Problems Using Numerical and Algebraic Expressions and Equations,97,97,89,97,0.0824742268041237,0.0,0.8144329896907216,"[{""answer_norm"": ""5"", ""n"": 59}, {""answer_norm"": ""5.00"", ""n"": 26}, {""answer_norm"": ""$5.00"", ""n"": 2}, {""answer_norm"": ""2"", ""n"": 2}, {""answer_norm"": ""4.00"", ""n"": 2}]",model_dev,
152091,PSB6SB,2,Fill-in-the-blank(s),Numeric,"A store sells ice cream with assorted toppings. They charge $3.00 for an ice cream, plus 50 cents per ounce of toppings. How much does an ice cream cost with 11 ounces of toppings? $","A store sells ice cream with assorted toppings. They charge $3.00 for an ice cream, plus 50 cents per ounce of toppings. How much does an ice cream cost with 11 ounces of toppings? $",8.5,equation_algebra,7.EE.B.3,Solve Applied Problems Using Numerical and Algebraic Expressions and Equations,97,97,86,97,0.1134020618556701,0.0,0.7525773195876289,"[{""answer_norm"": ""8.50"", ""n"": 53}, {""answer_norm"": ""8.5"", ""n"": 26}, {""answer_norm"": ""5.5"", ""n"": 3}, {""answer_norm"": ""5.50"", ""n"": 2}, {""answer_norm"": ""$8.50"", ""n"": 1}]",model_dev,
152166,PSB6SM,3,Fill-in-the-blank(s),Numeric,Three cones have a volume of 192 π cm 3 . Cone A has a radius of 2 cm. Cone B has a radius of 3 cm. Cone C has a radius of 4 cm. Find the height of each cone C. cm,Three cones have a volume of 192 pi cm^(3). Cone A has a radius of 2 cm. Cone B has a radius of 3 cm. Cone C has a radius of 4 cm. Find the height of each cone C. cm,36,geometry_measurement,8.G.C.9,Know & Use Volume Formulas,470,470,328,470,0.3,0.1553191489361702,0.6723404255319149,"[{""answer_norm"": ""36"", ""n"": 401}, {""answer_norm"": ""32"", ""n"": 10}, {""answer_norm"": ""12"", ""n"": 6}, {""answer_norm"": ""26"", ""n"": 4}, {""answer_norm"": ""8"", ""n"": 4}]",test,
152206,PSB6SB,3,Fill-in-the-blank(s),Numeric,"A store sells ice cream with assorted toppings. They charge $3.00 for an ice cream, plus 50 cents per ounce of toppings. If Elena’s ice cream cost $1.50 more than Jada’s ice cream, how much more did Elena’s toppings weigh? ounces of toppings","A store sells ice cream with assorted toppings. They charge $3.00 for an ice cream, plus 50 cents per ounce of toppings. If Elena’s ice cream cost $1.50 more than Jada’s ice cream, how much more did Elena’s toppings weigh? ounces of toppings",3,equation_algebra,7.EE.B.3,Solve Applied Problems Using Numerical and Algebraic Expressions and Equations,97,97,81,97,0.1649484536082474,0.0,0.7319587628865979,"[{""answer_norm"": ""3"", ""n"": 79}, {""answer_norm"": ""1"", ""n"": 3}, {""answer_norm"": "".75"", ""n"": 1}, {""answer_norm"": ""0.03"", ""n"": 1}, {""answer_norm"": ""0.75"", ""n"": 1}]",model_dev,
153081,PSB6YG,2,Fill-in-the-blank(s),Numeric,Solve the system of equations to find the number of bicycles in the store. bicycles,Solve the system of equations to find the number of bicycles in the store. bicycles,178,equation_algebra,8.EE.C.8c,Solve Systems of Linear Equations Word Problems,389,389,199,389,0.4858611825192802,0.377892030848329,0.4395886889460154,"[{""answer_norm"": ""178"", ""n"": 289}, {""answer_norm"": ""18"", ""n"": 19}, {""answer_norm"": ""24"", ""n"": 3}, {""answer_norm"": ""5"", ""n"": 3}, {""answer_norm"": ""10"", ""n"": 2}]",validation,
153748,PSB66B,1,Fill-in-the-blank(s),Numeric,"There are 90 kids in the band. 20% of the kids own their own instruments, and the rest rent them. How many kids own their own instruments? kids","There are 90 kids in the band. 20% of the kids own their own instruments, and the rest rent them. How many kids own their own instruments? kids",18,ratio_percent,6.RP.A.3c,Solve Problems Involving Percents,954,942,809,954,0.1436058700209643,0.040880503144654,0.759958071278826,"[{""answer_norm"": ""18"", ""n"": 776}, {""answer_norm"": ""72"", ""n"": 28}, {""answer_norm"": ""4.5"", ""n"": 17}, {""answer_norm"": ""70"", ""n"": 14}, {""answer_norm"": ""450"", ""n"": 10}]",model_dev,
153749,PRABG4ZE,1,Fill-in-the-blank(s),Numeric,Find the sum. - 240 + 370 =,Find the sum. - 240 + 370 =,130,ratio_percent,7.NS.A.1d,Apply Properties of Operations to Add/Subtract Rational Numbers,697,679,633,697,0.0918220946915351,0.0043041606886657,0.8077474892395983,"[{""answer_norm"": ""130"", ""n"": 583}, {""answer_norm"": ""610"", ""n"": 24}, {""answer_norm"": ""-130"", ""n"": 19}, {""answer_norm"": ""100"", ""n"": 13}, {""answer_norm"": ""-610"", ""n"": 11}]",model_dev,
153894,PSB66B,2,Fill-in-the-blank(s),Numeric,"There are 90 kids in the band. 20% of the kids own their own instruments, and the rest rent them. How many kids rent instruments? kids","There are 90 kids in the band. 20% of the kids own their own instruments, and the rest rent them. How many kids rent instruments? kids",72,ratio_percent,6.RP.A.3c,Solve Problems Involving Percents,861,851,758,861,0.1126596980255516,0.0290360046457607,0.8083623693379791,"[{""answer_norm"": ""72"", ""n"": 738}, {""answer_norm"": ""82"", ""n"": 24}, {""answer_norm"": ""18"", ""n"": 15}, {""answer_norm"": ""80"", ""n"": 10}, {""answer_norm"": ""70"", ""n"": 6}]",model_dev,
154014,PSB66B,3,Fill-in-the-blank(s),Numeric,"There are 90 kids in the band. 20% of the kids own their own instruments, and the rest rent them. What percentage of kids rent their instruments? %","There are 90 kids in the band. 20% of the kids own their own instruments, and the rest rent them. What percentage of kids rent their instruments? %",80,ratio_percent,6.RP.A.3c,Solve Problems Involving Percents,860,851,702,860,0.1709302325581395,0.0325581395348837,0.7162790697674418,"[{""answer_norm"": ""80"", ""n"": 676}, {""answer_norm"": ""72"", ""n"": 36}, {""answer_norm"": ""70"", ""n"": 33}, {""answer_norm"": ""80%"", ""n"": 17}, {""answer_norm"": ""18"", ""n"": 14}]",model_dev,
154547,PRABG4ZF,1,Fill-in-the-blank(s),Numeric,Find the sum. - 5 . 7 + ( - 4 . 2 ),Find the sum. - 5.7 + (- 4.2),-9.9,ratio_percent,7.NS.A.1d,Apply Properties of Operations to Add/Subtract Rational Numbers,696,678,577,696,0.168103448275862,0.0258620689655172,0.5761494252873564,"[{""answer_norm"": ""-9.9"", ""n"": 428}, {""answer_norm"": ""9.9"", ""n"": 145}, {""answer_norm"": ""1.5"", ""n"": 50}, {""answer_norm"": ""-1.5"", ""n"": 38}, {""answer_norm"": ""0"", ""n"": 4}]",model_dev,
154770,PRABETX5,1,Fill-in-the-blank(s),Numeric,Solve the equation. 4a = -28 a =,Solve the equation. 4a = -28 a =,-7,equation_algebra,7.EE.B.4a,Solve 2-Step Equations,2361,2288,2157,2361,0.0847098686997035,0.0279542566709021,0.7882253282507412,"[{""answer_norm"": ""-7"", ""n"": 1947}, {""answer_norm"": ""7"", ""n"": 189}, {""answer_norm"": ""-8"", ""n"": 52}, {""answer_norm"": ""-6"", ""n"": 31}, {""answer_norm"": ""-4"", ""n"": 12}]",model_dev,
155183,PRABMSJM,1,Fill-in-the-blank(s),Numeric,Solve the equation. b - -6 = -2 b =,Solve the equation. b - -6 = -2 b =,-8,equation_algebra,7.EE.B.4a,Solve 2-Step Equations,2401,2279,1952,2401,0.1832569762598917,0.0191586838817159,0.6434818825489379,"[{""answer_norm"": ""-8"", ""n"": 1659}, {""answer_norm"": ""4"", ""n"": 328}, {""answer_norm"": ""8"", ""n"": 121}, {""answer_norm"": ""-4"", ""n"": 117}, {""answer_norm"": ""3"", ""n"": 46}]",test,
155341,PRABEPDG,1,Fill-in-the-blank(s),Numeric,Solve the equation and check your solution. - 2 ( 3 x - 4 ) = 4 ( x + 3 ) + 6 x =,Solve the equation and check your solution. - 2 (3 x - 4) = 4 (x + 3) + 6 x =,-1,ratio_percent,8.EE.C.7b,Solve Multi-Step Linear Equations with Rational Number Coefficients,460,460,306,460,0.3239130434782609,0.3217391304347826,0.5869565217391305,"[{""answer_norm"": ""-1"", ""n"": 359}, {""answer_norm"": ""1"", ""n"": 15}, {""answer_norm"": ""-5"", ""n"": 10}, {""answer_norm"": ""x=-1"", ""n"": 7}, {""answer_norm"": ""-13"", ""n"": 4}]",model_dev,
155484,PRABMSJN,1,Fill-in-the-blank(s),Numeric,Solve the equation. - c + 4 = - 9 c =,Solve the equation. - c + 4 = - 9 c =,13,equation_algebra,7.EE.B.4a,Solve 2-Step Equations,2299,2236,1756,2299,0.234884732492388,0.0260983036102653,0.4153979991300565,"[{""answer_norm"": ""13"", ""n"": 1050}, {""answer_norm"": ""-13"", ""n"": 792}, {""answer_norm"": ""-5"", ""n"": 206}, {""answer_norm"": ""5"", ""n"": 111}, {""answer_norm"": ""-9"", ""n"": 17}]",model_dev,
155556,PRABMT57,1,Fill-in-the-blank(s),Numeric,Solve the equation and check your solution. 1 2 z + 4 - 6 = - 2 z + 8 z =,Solve the equation and check your solution. 1 / 2 (z + 4) - 6 = - 2 z + 8 z =,24/5,ratio_percent,8.EE.C.7b,Solve Multi-Step Linear Equations with Rational Number Coefficients,427,427,267,427,0.3676814988290398,0.4098360655737705,0.5550351288056206,"[{""answer_norm"": ""24/5"", ""n"": 240}, {""answer_norm"": ""4.8"", ""n"": 86}, {""answer_norm"": ""8"", ""n"": 11}, {""answer_norm"": ""-8"", ""n"": 8}, {""answer_norm"": ""3"", ""n"": 6}]",model_dev,
155730,PRABMT58,1,Fill-in-the-blank(s),Numeric,Solve the equation and check your solution. 4 w − 7 = 6 w + 31 w =,Solve the equation and check your solution. 4 w - 7 = 6 w + 31 w =,-19,ratio_percent,8.EE.C.7b,Solve Multi-Step Linear Equations with Rational Number Coefficients,437,437,314,437,0.2723112128146453,0.2425629290617849,0.6292906178489702,"[{""answer_norm"": ""-19"", ""n"": 363}, {""answer_norm"": ""19"", ""n"": 23}, {""answer_norm"": ""-1"", ""n"": 3}, {""answer_norm"": ""-12"", ""n"": 3}, {""answer_norm"": ""-3.8"", ""n"": 3}]",model_dev,
155769,PRABMSJP,1,Fill-in-the-blank(s),Numeric,Solve the equation. -3d + 7 = 1 d =,Solve the equation. -3d + 7 = 1 d =,2,equation_algebra,7.EE.B.4a,Solve 2-Step Equations,2258,2202,1819,2258,0.1930912311780336,0.012400354295837,0.6939769707705934,"[{""answer_norm"": ""2"", ""n"": 1755}, {""answer_norm"": ""-2"", ""n"": 132}, {""answer_norm"": ""-6"", ""n"": 41}, {""answer_norm"": ""-3"", ""n"": 34}, {""answer_norm"": ""3"", ""n"": 27}]",validation,
156040,PSB7MU,1,Fill-in-the-blank(s),Numeric,"In 2012, James Cameron descended to the bottom of Challenger Deep in the Marianas Trench; the deepest point in the ocean. The vessel he rode in was called DeepSea Challenger. Challenger Deep is 35,814 feet deep at its lowest point. DeepSea Challenger’s descent was a change in depth of ( - 4 ) feet per second. We can use the equation y = - 4 x to model this relationship, where y is the depth and x is the time in seconds that have passed. How many seconds does this model suggest it would take for DeepSea Challenger to reach the bottom? seconds","In 2012, James Cameron descended to the bottom of Challenger Deep in the Marianas Trench; the deepest point in the ocean. The vessel he rode in was called DeepSea Challenger. Challenger Deep is 35,814 feet deep at its lowest point. DeepSea Challenger’s descent was a change in depth of (- 4) feet per second. We can use the equation y = - 4 x to model this relationship, where y is the depth and x is the time in seconds that have passed. How many seconds does this model suggest it would take for DeepSea Challenger to reach the bottom? seconds",8953.5,equation_algebra,7.EE.B.4a,Solve 2-Step Equations,1220,1209,741,1220,0.3918032786885246,0.1811475409836065,0.5163934426229508,"[{""answer_norm"": ""8953.5"", ""n"": 645}, {""answer_norm"": ""8,953.5"", ""n"": 244}, {""answer_norm"": ""-8953.5"", ""n"": 51}, {""answer_norm"": ""-143256"", ""n"": 15}, {""answer_norm"": ""3600"", ""n"": 14}]",model_dev,
156087,PRABMSJQ,1,Fill-in-the-blank(s),Numeric,Solve the equation. 25e + -11 = -86 e =,Solve the equation. 25e + -11 = -86 e =,-3,equation_algebra,7.EE.B.4a,Solve 2-Step Equations,2231,2191,1811,2231,0.187359928283281,0.0192738682205289,0.660690273419991,"[{""answer_norm"": ""-3"", ""n"": 1687}, {""answer_norm"": ""3"", ""n"": 240}, {""answer_norm"": ""3.88"", ""n"": 32}, {""answer_norm"": ""-3.88"", ""n"": 31}, {""answer_norm"": ""2"", ""n"": 21}]",model_dev,
156315,PSB7MU,2,Fill-in-the-blank(s),Numeric,To end the mission DeepSea Challenger made a one-hour ascent to the surface. How many seconds is this? seconds,To end the mission DeepSea Challenger made a one-hour ascent to the surface. How many seconds is this? seconds,3600,equation_algebra,7.EE.B.4a,Solve 2-Step Equations,1216,1205,757,1216,0.3675986842105263,0.131578947368421,0.540296052631579,"[{""answer_norm"": ""3600"", ""n"": 704}, {""answer_norm"": ""3,600"", ""n"": 201}, {""answer_norm"": ""60"", ""n"": 70}, {""answer_norm"": ""240"", ""n"": 20}, {""answer_norm"": ""360"", ""n"": 18}]",model_dev,
156692,PRABQP5X,1,Fill-in-the-blank(s),Numeric,"A population of red ants was 640. After a season of heavy rainfall, the ant population decreased by 50%. In the following dry season, the population increased by 5%. What is the ant population after the increase? red ants","A population of red ants was 640. After a season of heavy rainfall, the ant population decreased by 50%. In the following dry season, the population increased by 5%. What is the ant population after the increase? red ants",336,statistics_probability,7.RP.A.3 | 7.EE.B.3,Use Proportional Relationships to Solve Ratio & Percent Problems | Solve Applied Problems Using Numerical and Algebraic Expressions and Equations,16,11,7,16,0.5625,0.0,0.3125,"[{""answer_norm"": ""336"", ""n"": 12}, {""answer_norm"": ""352"", ""n"": 2}, {""answer_norm"": ""320"", ""n"": 1}, {""answer_norm"": ""336]"", ""n"": 1}]",model_dev,
156936,PRABET5F,1,Fill-in-the-blank(s),Numeric,Solve. 2 5 t = 6 t =,Solve. 2 / 5 t = 6 t =,15,equation_algebra,7.EE.B.4a,Solve 2-Step Equations,735,722,603,735,0.1741496598639455,0.2857142857142857,0.7374149659863946,"[{""answer_norm"": ""15"", ""n"": 591}, {""answer_norm"": ""2.4"", ""n"": 10}, {""answer_norm"": ""0.6"", ""n"": 9}, {""answer_norm"": ""3"", ""n"": 9}, {""answer_norm"": ""30/2"", ""n"": 9}]",model_dev,
157262,PRABTGFD,1,Fill-in-the-blank(s),Numeric,Solve. - 4 . 5 = a - 8 a =,Solve. - 4.5 = a - 8 a =,3.5,equation_algebra,7.EE.B.4a,Solve 2-Step Equations,688,678,538,688,0.2049418604651162,0.0697674418604651,0.6468023255813954,"[{""answer_norm"": ""3.5"", ""n"": 497}, {""answer_norm"": ""12.5"", ""n"": 60}, {""answer_norm"": ""-12.5"", ""n"": 37}, {""answer_norm"": ""-3.5"", ""n"": 20}, {""answer_norm"": ""4.5"", ""n"": 14}]",test,
157401,PRABTGFC,1,Fill-in-the-blank(s),Numeric,Solve. 1 2 + p = - 3 p =,Solve. 1 / 2 + p = - 3 p =,-3 1/2,equation_algebra,7.EE.B.4a,Solve 2-Step Equations,683,673,507,683,0.2562225475841874,0.0790629575402635,0.4948755490483162,"[{""answer_norm"": ""-3 1/2"", ""n"": 191}, {""answer_norm"": ""-3.5"", ""n"": 141}, {""answer_norm"": ""3 1/2"", ""n"": 54}, {""answer_norm"": ""-7/2"", ""n"": 48}, {""answer_norm"": ""-6"", ""n"": 35}]",model_dev,
157516,PRABTGFE,1,Fill-in-the-blank(s),Numeric,Solve. 12 = x · 3 x =,Solve. 12 = x * 3 x =,4,equation_algebra,7.EE.B.4a,Solve 2-Step Equations,674,664,627,674,0.0682492581602373,0.0118694362017804,0.8931750741839762,"[{""answer_norm"": ""4"", ""n"": 636}, {""answer_norm"": ""36"", ""n"": 11}, {""answer_norm"": ""1/4"", ""n"": 5}, {""answer_norm"": ""3"", ""n"": 4}, {""answer_norm"": ""-4"", ""n"": 2}]",validation,
157579,PSB7T9,4,Fill-in-the-blank(s),Numeric,What is the slope of this line?,What is the slope of this line?,-1,ratio_percent,8.EE.B.5,Compare Slopes of Proportional Relationships,18,18,3,18,0.6111111111111112,1.1111111111111112,0.1111111111111111,"[{""answer_norm"": ""-1"", ""n"": 8}, {""answer_norm"": ""1"", ""n"": 4}, {""answer_norm"": ""0"", ""n"": 2}, {""answer_norm"": ""-3/15"", ""n"": 1}, {""answer_norm"": ""1 1/2"", ""n"": 1}]",test,
157655,PRABTGFF,1,Fill-in-the-blank(s),Numeric,Solve. - 12 = - 3 y y =,Solve. - 12 = - 3 y y =,4,equation_algebra,7.EE.B.4a,Solve 2-Step Equations,668,666,626,668,0.059880239520958,0.0134730538922155,0.8458083832335329,"[{""answer_norm"": ""4"", ""n"": 595}, {""answer_norm"": ""-4"", ""n"": 48}, {""answer_norm"": ""-9"", ""n"": 6}, {""answer_norm"": ""9"", ""n"": 6}, {""answer_norm"": ""-15"", ""n"": 1}]",test,
158297,PRABET5M,1,Fill-in-the-blank(s),Numeric,"Evaluate the expression if x is 2 5 , y is -4, and z is -0.2. x + y","Evaluate the expression if x is 2 / 5, y is -4, and z is -0.2. x + y",-3 3/5,ratio_percent,7.EE.A.1,Apply Properties of Operations to Create Equivalent Expressions,684,674,463,684,0.3099415204678362,0.4225146198830409,0.4839181286549707,"[{""answer_norm"": ""-3 3/5"", ""n"": 262}, {""answer_norm"": ""-3.6"", ""n"": 127}, {""answer_norm"": ""3 3/5"", ""n"": 57}, {""answer_norm"": ""-18/5"", ""n"": 28}, {""answer_norm"": ""3.6"", ""n"": 15}]",model_dev,
158652,PRABTGFK,1,Fill-in-the-blank(s),Numeric,"Evaluate the expression if x is 2 5 , y is -4, and z is -0.2. 2 x - z","Evaluate the expression if x is 2 / 5, y is -4, and z is -0.2.2 x - z",1,equation_algebra,7.EE.B.4a,Solve 2-Step Equations,664,654,448,664,0.3117469879518072,0.1430722891566265,0.5677710843373494,"[{""answer_norm"": ""1"", ""n"": 443}, {""answer_norm"": ""0.6"", ""n"": 35}, {""answer_norm"": ""1.00"", ""n"": 21}, {""answer_norm"": "".6"", ""n"": 14}, {""answer_norm"": ""3/5"", ""n"": 13}]",model_dev,
158771,PRABTGFM,1,Fill-in-the-blank(s),Numeric,"Evaluate the expression if x is 2 5 , y is -4, and z is -0.2. x + y + z","Evaluate the expression if x is 2 / 5, y is -4, and z is -0.2. x + y + z",-3.8,ratio_percent,7.EE.A.1,Apply Properties of Operations to Create Equivalent Expressions,644,634,474,644,0.2593167701863354,0.1133540372670807,0.593167701863354,"[{""answer_norm"": ""-3.8"", ""n"": 446}, {""answer_norm"": ""3.8"", ""n"": 35}, {""answer_norm"": ""-3 4/5"", ""n"": 18}, {""answer_norm"": ""-3.4"", ""n"": 14}, {""answer_norm"": ""3 4/5"", ""n"": 10}]",model_dev,
158903,PRABTGFN,1,Fill-in-the-blank(s),Numeric,"Evaluate the expression if x is 2 5 , y is -4, and z is -0.2. y · x","Evaluate the expression if x is 2 / 5, y is -4, and z is -0.2. y * x",-1.6,ratio_percent,7.EE.A.1,Apply Properties of Operations to Create Equivalent Expressions,641,633,494,641,0.2262090483619344,0.1014040561622464,0.6396255850234009,"[{""answer_norm"": ""-8/5"", ""n"": 289}, {""answer_norm"": ""-1.6"", ""n"": 161}, {""answer_norm"": ""-1 3/5"", ""n"": 39}, {""answer_norm"": ""8/5"", ""n"": 23}, {""answer_norm"": ""0.8"", ""n"": 17}]",model_dev,
159000,PSB75K,1,Fill-in-the-blank(s),Numeric,"A plane travels at a constant speed. It takes 6 hours to travel 3,360 miles. What is the plane’s speed in miles per hour? miles per hour","A plane travels at a constant speed. It takes 6 hours to travel 3,360 miles. What is the plane’s speed in miles per hour? miles per hour",560,ratio_percent,6.RP.A.3b,Solve Unit Rate Problems,1476,1438,1243,1476,0.1361788617886178,0.0643631436314363,0.7798102981029811,"[{""answer_norm"": ""560"", ""n"": 1261}, {""answer_norm"": ""56"", ""n"": 50}, {""answer_norm"": ""360"", ""n"": 8}, {""answer_norm"": ""60"", ""n"": 7}, {""answer_norm"": ""510"", ""n"": 6}]",test,
159196,PSB75K,2,Fill-in-the-blank(s),Numeric,"A plane travels at a constant speed. It takes 6 hours to travel 3,360 miles. At this rate, how many miles can it travel in 10 hours? miles","A plane travels at a constant speed. It takes 6 hours to travel 3,360 miles. At this rate, how many miles can it travel in 10 hours? miles","5,600",ratio_percent,6.RP.A.3b,Solve Unit Rate Problems,1473,1436,1170,1473,0.1568228105906313,0.0794297352342158,0.7107942973523421,"[{""answer_norm"": ""5600"", ""n"": 912}, {""answer_norm"": ""5,600"", ""n"": 245}, {""answer_norm"": ""336"", ""n"": 80}, {""answer_norm"": ""33600"", ""n"": 25}, {""answer_norm"": ""56"", ""n"": 16}]",test,
159519,PRABG44E,1,Fill-in-the-blank(s),Numeric,"Lin plays a game that involves a standard number cube and a deck of ten cards numbered 1 through 10. If both the cube and card have the same number, Lin gets another turn. Otherwise, play continues with the next player. What is the probability that Lin gets another turn?","Lin plays a game that involves a standard number cube and a deck of ten cards numbered 1 through 10. If both the cube and card have the same number, Lin gets another turn. Otherwise, play continues with the next player. What is the probability that Lin gets another turn?",Jun-60,statistics_probability,7.SP.C.8a,Understand Probability of a Compound Event,284,260,197,284,0.2992957746478873,0.0950704225352112,0.5,"[{""answer_norm"": ""6/60"", ""n"": 93}, {""answer_norm"": ""1/10"", ""n"": 54}, {""answer_norm"": ""1/20"", ""n"": 27}, {""answer_norm"": ""1/60"", ""n"": 24}, {""answer_norm"": ""6/10"", ""n"": 10}]",test,
161738,PSB8PB,1,Fill-in-the-blank(s),Algebraic Expression,Students are selling raffle tickets for a school fundraiser. They collect $24 for every 10 raffle tickets they sell. Suppose M is the amount of money the students collect for selling R raffle tickets. Write an equation that reflects the relationship between M and R . M = Use R as your variable.,Students are selling raffle tickets for a school fundraiser. They collect $24 for every 10 raffle tickets they sell. Suppose M is the amount of money the students collect for selling R raffle tickets. Write an equation that reflects the relationship between M and R. M = Use R as your variable.,"(12/5)R, 12/5R",equation_algebra,8.F.B.4,Use Functions to Model Relationships Between Quantities,689,679,465,689,0.3193033381712627,0.1407837445573294,0.5921625544267054,"[{""answer_norm"": ""2.4r"", ""n"": 281}, {""answer_norm"": ""12r/5"", ""n"": 123}, {""answer_norm"": ""12/5r"", ""n"": 58}, {""answer_norm"": ""24r"", ""n"": 22}, {""answer_norm"": ""10r"", ""n"": 21}]",model_dev,
162630,PSB8S3,2,Fill-in-the-blank(s),Algebraic Expression,Write an expression equivalent to ‐ 4 ( x + 3 ) - 12 x + 5 that only has two terms.,Write an expression equivalent to - 4 (x + 3) - 12 x + 5 that only has two terms.,-16x - 7,ratio_percent,7.EE.A.1,Apply Properties of Operations to Create Equivalent Expressions,34,34,26,34,0.2352941176470588,0.0,0.1,"[{""answer_norm"": ""-16x-7"", ""n"": 7}, {""answer_norm"": ""- 16 x - 7"", ""n"": 2}, {""answer_norm"": ""-16x - 7"", ""n"": 2}, {""answer_norm"": ""- 1 x - 17 x"", ""n"": 1}, {""answer_norm"": ""- 15 + 17"", ""n"": 1}]",model_dev,
163575,PSB82X,1,Fill-in-the-blank(s),Numeric,"A box of pencils is 5 1 4 inches wide. Seven pencils, laid side by side, take up 2 5 8 inches of the width. How many inches of the width of the box is no t taken up by the pencils? inches","A box of pencils is 5 1 / 4 inches wide. Seven pencils, laid side by side, take up 2 5 / 8 inches of the width. How many inches of the width of the box is no t taken up by the pencils? inches",2 5/8,fraction,6.NS.A.1,Interpret & Compute using Division of Fractions,49,46,34,49,0.2653061224489796,0.1836734693877551,0.4693877551020408,"[{""answer_norm"": ""2 5/8"", ""n"": 23}, {""answer_norm"": ""21/8"", ""n"": 5}, {""answer_norm"": ""2 3/8"", ""n"": 4}, {""answer_norm"": ""2"", ""n"": 3}, {""answer_norm"": ""2.625"", ""n"": 2}]",test,
163759,PSB82X,3,Fill-in-the-blank(s),Numeric,"A box of pencils is 5 1 4 inches wide. Seven pencils, laid side by side, take up 2 5 8 inches of the width. All 7 pencils have the same width. How wide is each pencil? inch","A box of pencils is 5 1 / 4 inches wide. Seven pencils, laid side by side, take up 2 5 / 8 inches of the width. All 7 pencils have the same width. How wide is each pencil? inch",8-Mar,fraction,6.NS.A.1,Interpret & Compute using Division of Fractions,47,45,32,47,0.2765957446808511,0.1276595744680851,0.6170212765957447,"[{""answer_norm"": ""3/8"", ""n"": 29}, {""answer_norm"": ""21/56"", ""n"": 5}, {""answer_norm"": ""0.375"", ""n"": 2}, {""answer_norm"": ""1"", ""n"": 2}, {""answer_norm"": "".375"", ""n"": 1}]",test,
164198,PSB857,2,Fill-in-the-blank(s),Numeric,"An advertisement about the paint that you want to use reads: “Just 2 quarts covers 175 square feet!” If you need to apply two coats of paint on all the walls, how much paint do you need to buy? quarts","An advertisement about the paint that you want to use reads: “Just 2 quarts covers 175 square feet!” If you need to apply two coats of paint on all the walls, how much paint do you need to buy? quarts",7,ratio_percent,6.RP.A.3a | 6.RP.A.3b | 6.RP.A.3c,Create Tables to Compare Equivalent Ratios | Solve Unit Rate Problems | Solve Problems Involving Percents,98,86,63,98,0.2755102040816326,0.4387755102040816,0.4591836734693877,"[{""answer_norm"": ""7"", ""n"": 49}, {""answer_norm"": ""4"", ""n"": 10}, {""answer_norm"": ""8"", ""n"": 9}, {""answer_norm"": ""6 6/7"", ""n"": 5}, {""answer_norm"": ""3"", ""n"": 3}]",test,
164748,PSB873,2,Fill-in-the-blank(s),Numeric,Your friend offers to help you with the rest of the painting. It takes the two of you 150 more minutes of painting time to finish the entire room. How much time did your friend save you? minutes,Your friend offers to help you with the rest of the painting. It takes the two of you 150 more minutes of painting time to finish the entire room. How much time did your friend save you? minutes,154,ratio_percent,6.RP.A.3a | 6.RP.A.3c,Create Tables to Compare Equivalent Ratios | Solve Problems Involving Percents,87,80,35,87,0.425287356321839,0.5287356321839081,0.3103448275862069,"[{""answer_norm"": ""154"", ""n"": 35}, {""answer_norm"": ""96"", ""n"": 14}, {""answer_norm"": ""138"", ""n"": 5}, {""answer_norm"": ""150"", ""n"": 5}, {""answer_norm"": ""234"", ""n"": 5}]",model_dev,
165245,PRABEHK3,1,Fill-in-the-blank(s),Numeric,A scoop of ice cream has a 3-inch diameter. How tall should the ice cream cone of the same diameter be in order to contain all of the ice cream inside the cone? inches,A scoop of ice cream has a 3-inch diameter. How tall should the ice cream cone of the same diameter be in order to contain all of the ice cream inside the cone? inches,6,geometry_measurement,8.G.C.9,Know & Use Volume Formulas,455,453,256,455,0.4197802197802198,0.3164835164835164,0.4285714285714285,"[{""answer_norm"": ""12"", ""n"": 255}, {""answer_norm"": ""6"", ""n"": 97}, {""answer_norm"": ""4"", ""n"": 21}, {""answer_norm"": ""3"", ""n"": 17}, {""answer_norm"": ""9"", ""n"": 10}]",model_dev,
165535,PRABHN3M,1,Fill-in-the-blank(s),Numeric,"Find the value of k so that the line passing through the pair of points has the given slope. ( k , 2) and (11, 14), slope = 2","Find the value of k so that the line passing through the pair of points has the given slope. (k, 2) and (11, 14), slope = 2",5,functions_graphs,8.F.B.4,Use Functions to Model Relationships Between Quantities,28,28,26,28,0.0357142857142857,0.1071428571428571,0.7142857142857143,"[{""answer_norm"": ""5"", ""n"": 21}, {""answer_norm"": ""-6"", ""n"": 2}, {""answer_norm"": ""4"", ""n"": 2}, {""answer_norm"": ""10"", ""n"": 1}, {""answer_norm"": ""2"", ""n"": 1}]",model_dev,
165645,PRABHN3N,1,Fill-in-the-blank(s),Numeric,"Find the value of k so that the line passing through the pair of points has the given slope. (1, k ) and (4, 1), slope = -2","Find the value of k so that the line passing through the pair of points has the given slope. (1, k) and (4, 1), slope = -2",7,functions_graphs,8.F.B.4,Use Functions to Model Relationships Between Quantities,28,28,24,28,0.1428571428571428,0.1071428571428571,0.6785714285714286,"[{""answer_norm"": ""7"", ""n"": 20}, {""answer_norm"": ""-5"", ""n"": 2}, {""answer_norm"": ""-6"", ""n"": 1}, {""answer_norm"": ""-8"", ""n"": 1}, {""answer_norm"": ""11"", ""n"": 1}]",test,
166028,PRABHN3R,1,Fill-in-the-blank(s),Exact Fraction,"Find the value of k so that the line passing through the pair of points has the given slope. ( - 15 2 , 3 16 ) and ( - 13 22 , k ) , slope = 0","Find the value of k so that the line passing through the pair of points has the given slope. ((- 15) / 2, 3 / 16) and ((- 13) / 22, k), slope = 0",16-Mar,fraction,8.F.B.4,Use Functions to Model Relationships Between Quantities,23,23,17,23,0.217391304347826,0.217391304347826,0.6956521739130435,"[{""answer_norm"": ""3/16"", ""n"": 20}, {""answer_norm"": ""-13/22"", ""n"": 1}, {""answer_norm"": ""152/22"", ""n"": 1}, {""answer_norm"": ""4/1"", ""n"": 1}]",model_dev,
168477,PSB9V9,1,Fill-in-the-blank(s),Algebraic Expression,"A small dog gets fed 3 4 cup of dog food twice a day. Using d for the number of days and f for the amount of food in cups, write an equation relating the variables. f = Use d as your variable.","A small dog gets fed^(3 / 4) cup of dog food twice a day. Using d for the number of days and f for the amount of food in cups, write an equation relating the variables. f = Use d as your variable.",1.5d,ratio_percent,7.RP.A.2c | 7.EE.B.4a,Represent Proportional Relationships with Equations | Solve 2-Step Equations,700,695,400,700,0.4214285714285714,0.0814285714285714,0.4657142857142857,"[{""answer_norm"": ""1.5d"", ""n"": 414}, {""answer_norm"": ""3/4d"", ""n"": 46}, {""answer_norm"": ""1.5"", ""n"": 18}, {""answer_norm"": ""6/4d"", ""n"": 17}, {""answer_norm"": ""140"", ""n"": 13}]",test,
171238,PSBBABF,1,Fill-in-the-blank(s),Numeric,"The bike store marks up the wholesale cost of all of the bikes they sell by 30%. Andre wants to buy a bike that has a price tag of $125, what was the wholesale cost of this bike? $","The bike store marks up the wholesale cost of all of the bikes they sell by 30%. Andre wants to buy a bike that has a price tag of $125, what was the wholesale cost of this bike? $",96.15,ratio_percent,7.RP.A.3,Use Proportional Relationships to Solve Ratio & Percent Problems,764,700,406,764,0.4646596858638743,0.1531413612565445,0.3324607329842932,"[{""answer_norm"": ""96.15"", ""n"": 324}, {""answer_norm"": ""87.5"", ""n"": 79}, {""answer_norm"": ""37.5"", ""n"": 77}, {""answer_norm"": ""162.5"", ""n"": 74}, {""answer_norm"": ""162.50"", ""n"": 20}]",model_dev,
171459,PSBBAB5,1,Fill-in-the-blank(s),Numeric,"At a sandwich shop, any sandwich costs $4.50, plus $0.25 for each extra topping. How much does a sandwich cost with 3 extra toppings? $","At a sandwich shop, any sandwich costs $4.50, plus $0.25 for each extra topping. How much does a sandwich cost with 3 extra toppings? $",5.25,equation_algebra,7.EE.B.3,Solve Applied Problems Using Numerical and Algebraic Expressions and Equations,31,31,29,31,0.064516129032258,0.0,0.935483870967742,"[{""answer_norm"": ""5.25"", ""n"": 30}, {""answer_norm"": ""$5.25"", ""n"": 1}]",model_dev,
171543,PSBBAB5,2,Fill-in-the-blank(s),Numeric,"At a sandwich shop, any sandwich costs $4.50, plus $0.25 for each extra topping. How much does a sandwich cost with 13 extra toppings? $","At a sandwich shop, any sandwich costs $4.50, plus $0.25 for each extra topping. How much does a sandwich cost with 13 extra toppings? $",7.75,equation_algebra,7.EE.B.3,Solve Applied Problems Using Numerical and Algebraic Expressions and Equations,31,31,28,31,0.0967741935483871,0.0,0.7741935483870968,"[{""answer_norm"": ""7.75"", ""n"": 25}, {""answer_norm"": ""$7.75"", ""n"": 1}, {""answer_norm"": ""11"", ""n"": 1}, {""answer_norm"": ""6.75"", ""n"": 1}, {""answer_norm"": ""7.25"", ""n"": 1}]",model_dev,
171630,PSBBAB5,3,Fill-in-the-blank(s),Numeric,"At a sandwich shop, any sandwich costs $4.50, plus $0.25 for each extra topping. If Andre’s sandwich cost $2.00 more than Clare’s sandwich, how many more toppings did Andre add to his sandwich? more toppings","At a sandwich shop, any sandwich costs $4.50, plus $0.25 for each extra topping. If Andre’s sandwich cost $2.00 more than Clare’s sandwich, how many more toppings did Andre add to his sandwich? more toppings",8,equation_algebra,7.EE.B.3,Solve Applied Problems Using Numerical and Algebraic Expressions and Equations,31,31,24,31,0.2258064516129032,0.0,0.6774193548387096,"[{""answer_norm"": ""8"", ""n"": 26}, {""answer_norm"": ""10"", ""n"": 1}, {""answer_norm"": ""4"", ""n"": 1}, {""answer_norm"": ""5"", ""n"": 1}, {""answer_norm"": ""7"", ""n"": 1}]",model_dev,
172131,PSBBAJK,1,Fill-in-the-blank(s),Numeric,"There are 70 students in the school band. 40% of them are sixth graders, 20% are seventh graders, and the rest are eighth graders. How many band members are sixth graders? sixth grade band members","There are 70 students in the school band. 40% of them are sixth graders, 20% are seventh graders, and the rest are eighth graders. How many band members are sixth graders? sixth grade band members",28,ratio_percent,6.RP.A.3c,Solve Problems Involving Percents,1428,1374,1014,1428,0.2226890756302521,0.2170868347338935,0.5882352941176471,"[{""answer_norm"": ""28"", ""n"": 961}, {""answer_norm"": ""40"", ""n"": 140}, {""answer_norm"": ""10"", ""n"": 55}, {""answer_norm"": ""30"", ""n"": 38}, {""answer_norm"": ""14"", ""n"": 26}]",model_dev,
172318,PSBBAJK,2,Fill-in-the-blank(s),Numeric,"There are 70 students in the school band. 40% of them are sixth graders, 20% are seventh graders, and the rest are eighth graders. How many band members are seventh graders? seventh grade band members","There are 70 students in the school band. 40% of them are sixth graders, 20% are seventh graders, and the rest are eighth graders. How many band members are seventh graders? seventh grade band members",14,ratio_percent,6.RP.A.3c,Solve Problems Involving Percents,1418,1367,1161,1418,0.1488011283497884,0.1389280677009873,0.7623413258110014,"[{""answer_norm"": ""14"", ""n"": 1180}, {""answer_norm"": ""20"", ""n"": 33}, {""answer_norm"": ""28"", ""n"": 22}, {""answer_norm"": ""42"", ""n"": 13}, {""answer_norm"": ""18"", ""n"": 11}]",model_dev,
172957,PSBBANS,1,Fill-in-the-blank(s),Numeric,"Jada has a monthly budget for her cell phone bill. Last month she spent 120% of her budget, and the bill was $60. What is Jada’s monthly budget? $","Jada has a monthly budget for her cell phone bill. Last month she spent 120% of her budget, and the bill was $60. What is Jada’s monthly budget? $",50,ratio_percent,6.RP.A.3c,Solve Problems Involving Percents,1188,1157,738,1188,0.3072390572390572,0.3308080808080808,0.4898989898989899,"[{""answer_norm"": ""50"", ""n"": 698}, {""answer_norm"": ""72"", ""n"": 94}, {""answer_norm"": ""40"", ""n"": 82}, {""answer_norm"": ""48"", ""n"": 41}, {""answer_norm"": ""60"", ""n"": 34}]",validation,
173863,PSBBAT4,1,Fill-in-the-blank(s),Numeric,An athlete runs 8 miles in 50 minutes on a treadmill. At this rate: How long will it take the athlete to run 9 miles? minutes,An athlete runs 8 miles in 50 minutes on a treadmill. At this rate: How long will it take the athlete to run 9 miles? minutes,56.25,ratio_percent,6.RP.A.3b,Solve Unit Rate Problems,1135,1112,846,1135,0.211453744493392,0.1770925110132158,0.6449339207048458,"[{""answer_norm"": ""56.25"", ""n"": 809}, {""answer_norm"": ""60"", ""n"": 35}, {""answer_norm"": ""6.25"", ""n"": 34}, {""answer_norm"": ""56"", ""n"": 27}, {""answer_norm"": ""56 1/4"", ""n"": 22}]",test,
174088,PSBBAT4,2,Fill-in-the-blank(s),Numeric,An athlete runs 8 miles in 50 minutes on a treadmill. At this rate: How far can the athlete run in 1 hour? miles,An athlete runs 8 miles in 50 minutes on a treadmill. At this rate: How far can the athlete run in 1 hour? miles,9.6,ratio_percent,6.RP.A.3b,Solve Unit Rate Problems,1133,1110,636,1133,0.3618711385701676,0.3053839364518976,0.4571932921447484,"[{""answer_norm"": ""9.6"", ""n"": 642}, {""answer_norm"": ""10"", ""n"": 75}, {""answer_norm"": ""375"", ""n"": 56}, {""answer_norm"": ""6.25"", ""n"": 54}, {""answer_norm"": ""9.5"", ""n"": 27}]",test,
174579,PRABP755,1,Fill-in-the-blank(s),Numeric,"A jet plane can carry up to 200,000 liters of fuel. It used 130,000 liters of fuel during a flight. What percentage of the fuel capacity did it use on this flight? %","A jet plane can carry up to 200,000 liters of fuel. It used 130,000 liters of fuel during a flight. What percentage of the fuel capacity did it use on this flight? %",65,ratio_percent,6.RP.A.3c,Solve Problems Involving Percents,93,87,45,93,0.5161290322580645,0.021505376344086,0.2795698924731182,"[{""answer_norm"": ""65"", ""n"": 39}, {""answer_norm"": ""65%"", ""n"": 29}, {""answer_norm"": ""0.65"", ""n"": 3}, {""answer_norm"": ""60"", ""n"": 3}, {""answer_norm"": ""70,000"", ""n"": 3}]",model_dev,
175501,PRABESV3,1,Fill-in-the-blank(s),Exact Match,A circle with a 12-inch diameter is folded in half and then folded in half again. What is the area of the resulting shape? inches 2 Use pi to represent the symbol. For example: 32π would be typed as 32pi,A circle with a 12-inch diameter is folded in half and then folded in half again. What is the area of the resulting shape? inches^(2) Use pi to represent the symbol. For example: 32pi would be typed as 32pi,9pi,equation_algebra,7.G.B.4,Solve Problems Involving Area & Circumference of Circles,1654,1572,918,1654,0.4425634824667472,0.0864570737605804,0.3675937122128174,"[{""answer_norm"": ""28"", ""n"": 616}, {""answer_norm"": ""28.26"", ""n"": 209}, {""answer_norm"": ""3"", ""n"": 102}, {""answer_norm"": ""113"", ""n"": 76}, {""answer_norm"": ""9"", ""n"": 74}]",validation,
176093,PSBBA7D,1,Fill-in-the-blank(s),Numeric,"Square A is a scaled copy of Square B with scale factor 2. If the area of Square A is 10 units 2 , what is the area of Square B? units 2","Square A is a scaled copy of Square B with scale factor 2. If the area of Square A is 10 units^(2), what is the area of Square B? units^(2)",2.5,ratio_percent,7.G.A.1,Solve Scale Drawing Problems,6,6,0,6,1.0,0.0,0.0,"[{""answer_norm"": ""10/(2^2)"", ""n"": 3}, {""answer_norm"": ""10 (2^2)"", ""n"": 1}, {""answer_norm"": ""10/(2)"", ""n"": 1}, {""answer_norm"": ""10^2"", ""n"": 1}]",model_dev,
176239,PSBBA7D,2,Fill-in-the-blank(s),Numeric,"Cube A is a scaled copy of Cube B with scale factor 2. If the volume of Cube A is 10 units 3 , what is the volume of Cube B? units 3","Cube A is a scaled copy of Cube B with scale factor 2. If the volume of Cube A is 10 units^(3), what is the volume of Cube B? units^(3)",1.25,ratio_percent,7.G.A.1,Solve Scale Drawing Problems,6,6,0,6,1.0,0.0,0.0,"[{""answer_norm"": ""10/(2^3)"", ""n"": 4}, {""answer_norm"": ""10(92^3)"", ""n"": 1}, {""answer_norm"": ""10/ (2^3)"", ""n"": 1}]",model_dev,
176895,PSBBBBS,2,Fill-in-the-blank(s),Numeric,"What is the volume, in cubic inches, of a cube with edge lengths of 1 2 inch? in 3","What is the volume, in cubic inches, of a cube with edge lengths of 1 / 2 inch? in^(3)",8-Jan,fraction,6.G.A.2,Find the Volume of Rectangular Prisms with Fractional Sides,77,77,55,77,0.2857142857142857,0.0389610389610389,0.6233766233766234,"[{""answer_norm"": ""1/8"", ""n"": 51}, {""answer_norm"": ""8"", ""n"": 8}, {""answer_norm"": ""1"", ""n"": 5}, {""answer_norm"": ""1/2"", ""n"": 2}, {""answer_norm"": ""3"", ""n"": 2}]",validation,
177403,PSBBBKT,1,Fill-in-the-blank(s),Numeric,Evaluate the expression: - 12 · 1 3,Evaluate the expression: - 12 * 1 / 3,-4,ratio_percent,7.NS.A.2c,Apply Properties of Operations to Multiply/Divide Rational Numbers,1365,1351,1166,1365,0.1435897435897435,0.1245421245421245,0.7435897435897436,"[{""answer_norm"": ""-4"", ""n"": 1056}, {""answer_norm"": ""-3"", ""n"": 69}, {""answer_norm"": ""4"", ""n"": 69}, {""answer_norm"": ""-12/3"", ""n"": 25}, {""answer_norm"": ""-36"", ""n"": 13}]",model_dev,
177679,PSBBBKT,2,Fill-in-the-blank(s),Numeric,Evaluate the expression: - 12 · ( - 1 3 ),Evaluate the expression: - 12 * (- 1 / 3),4,ratio_percent,7.NS.A.2c,Apply Properties of Operations to Multiply/Divide Rational Numbers,1362,1348,1262,1362,0.0712187958883994,0.0580029368575624,0.8854625550660793,"[{""answer_norm"": ""4"", ""n"": 1233}, {""answer_norm"": ""12/3"", ""n"": 34}, {""answer_norm"": ""-4"", ""n"": 27}, {""answer_norm"": ""-3"", ""n"": 7}, {""answer_norm"": ""3"", ""n"": 5}]",model_dev,
177695,PSBBBGJ,1,Fill-in-the-blank(s),Numeric,What is the volume of a rectangular prism that is 1 1 2 inches by 2 1 4 inches by 4 inches? in 3,What is the volume of a rectangular prism that is 1 1 / 2 inches by 2 1 / 4 inches by 4 inches? in^(3),13 1/2,fraction,6.G.A.2,Find the Volume of Rectangular Prisms with Fractional Sides,66,66,54,66,0.1666666666666666,0.1363636363636363,0.7727272727272727,"[{""answer_norm"": ""13 1/2"", ""n"": 46}, {""answer_norm"": ""13.5"", ""n"": 8}, {""answer_norm"": ""1/68"", ""n"": 1}, {""answer_norm"": ""10 1/2"", ""n"": 1}, {""answer_norm"": ""11"", ""n"": 1}]",model_dev,
177807,PSBBBHE,2,Fill-in-the-blank(s),Numeric,"After tax, the total is $45.99. What percentage of the subtotal is the total? %","After tax, the total is $45.99. What percentage of the subtotal is the total? %",109.5,ratio_percent,7.RP.A.3,Use Proportional Relationships to Solve Ratio & Percent Problems,205,197,119,205,0.4097560975609756,0.0634146341463414,0.4975609756097561,"[{""answer_norm"": ""109.5"", ""n"": 136}, {""answer_norm"": ""90.5"", ""n"": 9}, {""answer_norm"": ""8.6"", ""n"": 4}, {""answer_norm"": ""9.5"", ""n"": 4}, {""answer_norm"": ""91"", ""n"": 4}]",model_dev,
177979,PSBBBKT,3,Fill-in-the-blank(s),Numeric,Evaluate the expression: 12 · - 5 4,Evaluate the expression: 12 * (- 5 / 4),-15,ratio_percent,7.NS.A.2c,Apply Properties of Operations to Multiply/Divide Rational Numbers,1355,1341,1164,1355,0.1402214022140221,0.0760147601476014,0.6878228782287823,"[{""answer_norm"": ""-15"", ""n"": 980}, {""answer_norm"": ""15"", ""n"": 152}, {""answer_norm"": ""-60/4"", ""n"": 30}, {""answer_norm"": ""-16"", ""n"": 17}, {""answer_norm"": ""-3"", ""n"": 17}]",model_dev,
178227,PSBBBKT,4,Fill-in-the-blank(s),Numeric,Evaluate the expression: - 12 · - 5 4,Evaluate the expression: - 12 * (- 5 / 4),15,ratio_percent,7.NS.A.2c,Apply Properties of Operations to Multiply/Divide Rational Numbers,1353,1339,1300,1353,0.0384331116038433,0.0251293422025129,0.933481152993348,"[{""answer_norm"": ""15"", ""n"": 1268}, {""answer_norm"": ""60/4"", ""n"": 36}, {""answer_norm"": ""-15"", ""n"": 20}, {""answer_norm"": ""14"", ""n"": 3}, {""answer_norm"": ""-6"", ""n"": 2}]",model_dev,
178978,PSBBBRT,2,Fill-in-the-blank(s),Algebraic Expression,Apples cost $1.99 per pound. How much do x pounds of apples cost? $,Apples cost $1.99 per pound. How much do x pounds of apples cost? $,1.99x,ratio_percent,7.RP.A.2a,Identify Proportional Relationships,669,661,506,669,0.2391629297458893,0.1046337817638266,0.7070254110612855,"[{""answer_norm"": ""1.99x"", ""n"": 557}, {""answer_norm"": ""x1.99"", ""n"": 21}, {""answer_norm"": ""1.99"", ""n"": 7}, {""answer_norm"": ""x"", ""n"": 7}, {""answer_norm"": ""1.99 x"", ""n"": 4}]",model_dev,
179693,PRABEUH3,1,Fill-in-the-blank(s),Numeric,"A passenger on a ship dropped his camera into the ocean. If it is descending at a rate of -4.2 meters per second, how long (in seconds) until it hits the bottom of the ocean, which is at -1,875 meters? seconds Round to the nearest second.","A passenger on a ship dropped his camera into the ocean. If it is descending at a rate of -4.2 meters per second, how long (in seconds) until it hits the bottom of the ocean, which is at -1,875 meters? seconds Round to the nearest second.",446,ratio_percent,7.RP.A.2a,Identify Proportional Relationships,613,605,399,613,0.3474714518760196,0.0505709624796084,0.5252854812398042,"[{""answer_norm"": ""446"", ""n"": 425}, {""answer_norm"": ""446.4"", ""n"": 29}, {""answer_norm"": ""446.43"", ""n"": 17}, {""answer_norm"": ""447"", ""n"": 14}, {""answer_norm"": ""446.42"", ""n"": 11}]",model_dev,
179837,PSBBBZA,1,Fill-in-the-blank(s),Numeric,"Clare is cycling at a speed of 12 miles per hour. If she starts at a position chosen as zero, what will her position be after 45 minutes? miles","Clare is cycling at a speed of 12 miles per hour. If she starts at a position chosen as zero, what will her position be after 45 minutes? miles",9,ratio_percent,7.NS.A.2a,Understand Applied Context for Multiplying Rational Numbers,1027,1019,698,1027,0.3125608568646543,0.2190847127555988,0.549172346640701,"[{""answer_norm"": ""9"", ""n"": 637}, {""answer_norm"": ""8"", ""n"": 83}, {""answer_norm"": ""540"", ""n"": 70}, {""answer_norm"": ""3.75"", ""n"": 40}, {""answer_norm"": ""3/4"", ""n"": 21}]",model_dev,
180087,PSBBBZA,2,Fill-in-the-blank(s),Numeric,"Han is cycling at a speed of -8 miles per hour; if he starts at the same zero point, what will his position be after 45 minutes? miles","Han is cycling at a speed of -8 miles per hour; if he starts at the same zero point, what will his position be after 45 minutes? miles",-6,ratio_percent,7.NS.A.2a,Understand Applied Context for Multiplying Rational Numbers,1023,1016,679,1023,0.3333333333333333,0.198435972629521,0.5083088954056696,"[{""answer_norm"": ""-6"", ""n"": 656}, {""answer_norm"": ""6"", ""n"": 130}, {""answer_norm"": ""-9"", ""n"": 26}, {""answer_norm"": ""-360"", ""n"": 19}, {""answer_norm"": ""-2"", ""n"": 10}]",model_dev,
180403,PSBBBZA,3,Fill-in-the-blank(s),Numeric,What will the distance between them be after 45 minutes? miles,What will the distance between them be after 45 minutes? miles,15,ratio_percent,7.NS.A.2a,Understand Applied Context for Multiplying Rational Numbers,1020,1013,725,1020,0.2823529411764706,0.1803921568627451,0.6323529411764706,"[{""answer_norm"": ""15"", ""n"": 733}, {""answer_norm"": ""3"", ""n"": 53}, {""answer_norm"": ""-14"", ""n"": 30}, {""answer_norm"": ""6"", ""n"": 30}, {""answer_norm"": ""14"", ""n"": 28}]",model_dev,
180669,PSBBBZ6,2,Fill-in-the-blank(s),Numeric,Find the value after the change. $,Find the value after the change. $,18.08,equation_algebra,7.EE.B.4a,Solve 2-Step Equations,156,149,66,156,0.5705128205128205,0.4102564102564102,0.3076923076923077,"[{""answer_norm"": ""18.08"", ""n"": 76}, {""answer_norm"": ""17.08"", ""n"": 9}, {""answer_norm"": ""18.07"", ""n"": 6}, {""answer_norm"": ""18.07674"", ""n"": 5}, {""answer_norm"": ""18.3122"", ""n"": 5}]",test,
181356,PSBBB7F,1,Fill-in-the-blank(s),Numeric,"You are planning a dinner party with a budget of $50 and a menu that consists of 1 main dish, 2 side dishes, and 1 dessert. There will be 8 guests at your party. Choose your menu items and decide on the quantities to buy so you stay on budget. If you choose meat, fish, or poultry for your main dish, plan to buy at least 0.5 pound per person. The budget is $ per guest.","You are planning a dinner party with a budget of $50 and a menu that consists of 1 main dish, 2 side dishes, and 1 dessert. There will be 8 guests at your party. Choose your menu items and decide on the quantities to buy so you stay on budget. If you choose meat, fish, or poultry for your main dish, plan to buy at least 0.5 pound per person. The budget is $ per guest.",6.25,decimal,6.NS.B.3,"Add, Subtract, Multiply & Divide Multi-Digit Decimals",45,45,31,45,0.3111111111111111,0.0,0.5555555555555556,"[{""answer_norm"": ""6.25"", ""n"": 35}, {""answer_norm"": ""4"", ""n"": 2}, {""answer_norm"": ""6.75"", ""n"": 2}, {""answer_norm"": ""0.5"", ""n"": 1}, {""answer_norm"": ""1.5"", ""n"": 1}]",model_dev,
181647,PSBBB76,1,Fill-in-the-blank(s),Numeric,Ten students each attempted 10 free throws. This list shows how many free throws each student made. 8 5 6 6 4 9 7 6 5 9 What is the median number of free throws made? free throws,Ten students each attempted 10 free throws. This list shows how many free throws each student made. 8 5 6 6 4 9 7 6 5 9 What is the median number of free throws made? free throws,6,statistics_probability,6.SP.A.3 | 6.SP.B.5c,Recognize Properties of Measure of Center with Variation | Give & Describe Quantitative Measures of Center & Variability,37,37,27,37,0.1621621621621621,0.4864864864864865,0.4594594594594595,"[{""answer_norm"": ""6"", ""n"": 20}, {""answer_norm"": ""6.5"", ""n"": 6}, {""answer_norm"": ""4"", ""n"": 4}, {""answer_norm"": ""1"", ""n"": 1}, {""answer_norm"": ""4,5,6,6,6,7,8,9,9"", ""n"": 1}]",model_dev,
181770,PSBBB76,2,Fill-in-the-blank(s),Numeric,Ten students each attempted 10 free throws. This list shows how many free throws each student made. 8 5 6 6 4 9 7 6 5 9 What is the IQR (interquartile range)? free-throws,Ten students each attempted 10 free throws. This list shows how many free throws each student made. 8 5 6 6 4 9 7 6 5 9 What is the IQR (interquartile range)? free-throws,3,statistics_probability,6.SP.A.3 | 6.SP.B.5c,Recognize Properties of Measure of Center with Variation | Give & Describe Quantitative Measures of Center & Variability,37,37,25,37,0.2702702702702703,0.5675675675675675,0.3783783783783784,"[{""answer_norm"": ""3"", ""n"": 22}, {""answer_norm"": ""1"", ""n"": 3}, {""answer_norm"": ""2.5"", ""n"": 3}, {""answer_norm"": ""2"", ""n"": 2}, {""answer_norm"": ""3.5"", ""n"": 2}]",model_dev,
182148,PSBBCBH,1,Fill-in-the-blank(s),Numeric,A recipe calls for 1 2 lb of flour for 1 batch. How many batches can be made with 1 lb? batches,A recipe calls for 1 / 2 lb of flour for 1 batch. How many batches can be made with 1 lb? batches,2,fraction,6.NS.A.1,Interpret & Compute using Division of Fractions,1288,1253,1129,1288,0.1118012422360248,0.0473602484472049,0.8214285714285714,"[{""answer_norm"": ""2"", ""n"": 1137}, {""answer_norm"": ""1"", ""n"": 37}, {""answer_norm"": ""1/2"", ""n"": 32}, {""answer_norm"": ""1 1/2"", ""n"": 13}, {""answer_norm"": ""4"", ""n"": 8}]",test,
182258,PSBBCBH,2,Fill-in-the-blank(s),Numeric,A recipe calls for 1 2 lb of flour for 1 batch. How many batches can be made with 3 4 lb? batches,A recipe calls for 1 / 2 lb of flour for 1 batch. How many batches can be made with 3 / 4 lb? batches,1 1/2,fraction,6.NS.A.1,Interpret & Compute using Division of Fractions,1278,1244,958,1278,0.2316118935837245,0.1048513302034428,0.6173708920187794,"[{""answer_norm"": ""1 1/2"", ""n"": 611}, {""answer_norm"": ""1.5"", ""n"": 222}, {""answer_norm"": ""1 1/4"", ""n"": 79}, {""answer_norm"": ""3"", ""n"": 55}, {""answer_norm"": ""1"", ""n"": 54}]",test,
182395,PSBBCBH,3,Fill-in-the-blank(s),Numeric,A recipe calls for 1 2 lb of flour for 1 batch. How many batches can be made with 1 4 lb? batches,A recipe calls for 1 / 2 lb of flour for 1 batch. How many batches can be made with 1 / 4 lb? batches,2-Jan,fraction,6.NS.A.1,Interpret & Compute using Division of Fractions,1267,1234,1025,1267,0.1783741120757695,0.0718232044198895,0.739542225730071,"[{""answer_norm"": ""1/2"", ""n"": 726}, {""answer_norm"": ""0.5"", ""n"": 165}, {""answer_norm"": "".5"", ""n"": 108}, {""answer_norm"": ""4"", ""n"": 63}, {""answer_norm"": ""1"", ""n"": 37}]",test,
182948,PSBBCFE,2,Fill-in-the-blank(s),Algebraic Expression,"Snow is falling steadily in Syracuse, New York. After 2 hours, 4 inches of snow has fallen. Write an equation that gives the amount of snow that has fallen after x hours at this rate. y =","Snow is falling steadily in Syracuse, New York. After 2 hours, 4 inches of snow has fallen. Write an equation that gives the amount of snow that has fallen after x hours at this rate. y =",2x,ratio_percent,7.RP.A.2c,Represent Proportional Relationships with Equations,811,724,487,811,0.3958076448828607,0.0850801479654747,0.4882860665844636,"[{""answer_norm"": ""2x"", ""n"": 482}, {""answer_norm"": ""13x"", ""n"": 50}, {""answer_norm"": ""x2"", ""n"": 47}, {""answer_norm"": ""x"", ""n"": 29}, {""answer_norm"": ""1x"", ""n"": 26}]",model_dev,
183482,PSBBCG3,2,Fill-in-the-blank(s),Numeric,What fraction of 2 1 2 is 4 5 ? Find the answer.,What fraction of 2 1 / 2 is 4 / 5? Find the answer.,25-Aug,fraction,6.NS.A.1,Interpret & Compute using Division of Fractions,389,383,204,389,0.467866323907455,0.1825192802056555,0.4061696658097686,"[{""answer_norm"": ""8/25"", ""n"": 201}, {""answer_norm"": ""2"", ""n"": 28}, {""answer_norm"": ""3 1/8"", ""n"": 28}, {""answer_norm"": ""4/5"", ""n"": 8}, {""answer_norm"": ""1/3"", ""n"": 7}]",test,
183695,PSBBCJZ,1,Fill-in-the-blank(s),Numeric,"A loaf of bread is cut into slices. If each slice is 1 2 of a loaf, how many slices are there? slices of bread","A loaf of bread is cut into slices. If each slice is 1 / 2 of a loaf, how many slices are there? slices of bread",2,fraction,6.NS.A.1,Interpret & Compute using Division of Fractions,11,11,9,11,0.1818181818181818,0.0,0.8181818181818182,"[{""answer_norm"": ""2"", ""n"": 10}, {""answer_norm"": ""5"", ""n"": 1}]",model_dev,
183784,PSBBCJZ,2,Fill-in-the-blank(s),Numeric,"If each slice is 1 5 of a loaf, how many slices are there? slices of bread","If each slice is 1 / 5 of a loaf, how many slices are there? slices of bread",5,fraction,6.NS.A.1,Interpret & Compute using Division of Fractions,11,11,11,11,0.0,0.0,0.9090909090909092,"[{""answer_norm"": ""5"", ""n"": 10}, {""answer_norm"": ""2/5"", ""n"": 1}]",model_dev,
184283,PSBBCNR,1,Fill-in-the-blank(s),Numeric,A utility company charges $0.12 per kilowatt-hour for energy a customer uses. They give a credit of $0.025 for every kilowatt-hour of electricity a customer with a solar panel generates that they don't use themselves. A customer has a charge of $82.04 and a credit of -$4.10 on this month's bill. What is the amount due this month? $,A utility company charges $0.12 per kilowatt-hour for energy a customer uses. They give a credit of $0.025 for every kilowatt-hour of electricity a customer with a solar panel generates that they don't use themselves. A customer has a charge of $82.04 and a credit of -$4.10 on this month's bill. What is the amount due this month? $,77.94,equation_algebra,7.EE.B.3,Solve Applied Problems Using Numerical and Algebraic Expressions and Equations,90,90,73,90,0.1777777777777777,0.1111111111111111,0.6444444444444445,"[{""answer_norm"": ""77.94"", ""n"": 66}, {""answer_norm"": ""86.14"", ""n"": 7}, {""answer_norm"": ""77.96"", ""n"": 2}, {""answer_norm"": ""-77.94"", ""n"": 1}, {""answer_norm"": ""12"", ""n"": 1}]",model_dev,
184690,PSBBCP7,1,Fill-in-the-blank(s),Numeric,Find the value of the expression without a calculator. (2)(-30) + (-3)(-20) + (-6)(-10) - (2)(3)(10),Find the value of the expression without a calculator. (2)(-30) + (-3)(-20) + (-6)(-10) - (2)(3)(10),0,ratio_percent,7.NS.A.2c,Apply Properties of Operations to Multiply/Divide Rational Numbers,17,17,11,17,0.3529411764705882,0.0,0.6470588235294118,"[{""answer_norm"": ""0"", ""n"": 15}, {""answer_norm"": ""-180"", ""n"": 1}, {""answer_norm"": ""30"", ""n"": 1}]",test,
184709,PSBBCQF,1,Fill-in-the-blank(s),Algebraic Expression,Use the distributive property to write an expression that is equivalent to 12 + 4 x .,Use the distributive property to write an expression that is equivalent to 12 + 4 x.,4(3+x),ratio_percent,6.EE.A.3,Generate Equivalent Expressions using Properties of Operations,280,268,166,280,0.4,0.0964285714285714,0.4821428571428571,"[{""answer_norm"": ""4(3+x)"", ""n"": 96}, {""answer_norm"": ""4(x+3)"", ""n"": 19}, {""answer_norm"": ""16x"", ""n"": 18}, {""answer_norm"": ""4x+12"", ""n"": 12}, {""answer_norm"": ""4(3 + x)"", ""n"": 8}]",model_dev,
184908,PSBBCRJ,2,Fill-in-the-blank(s),Numeric,"If x is 6, what is y ? y =","If x is 6, what is y? y =",9,ratio_percent,8.EE.C.7b,Solve Multi-Step Linear Equations with Rational Number Coefficients,818,800,574,818,0.2811735941320293,0.0965770171149144,0.5843520782396088,"[{""answer_norm"": ""9"", ""n"": 546}, {""answer_norm"": ""4"", ""n"": 57}, {""answer_norm"": ""8"", ""n"": 37}, {""answer_norm"": ""3"", ""n"": 33}, {""answer_norm"": ""6"", ""n"": 27}]",model_dev,
185005,PRABETN5,1,Fill-in-the-blank(s),Numeric,"A bakery used 30% more sugar this month than last month. If the bakery used 560 kilograms of sugar last month, how much did it use this month? kilograms","A bakery used 30% more sugar this month than last month. If the bakery used 560 kilograms of sugar last month, how much did it use this month? kilograms",728,ratio_percent,7.RP.A.3,Use Proportional Relationships to Solve Ratio & Percent Problems,1621,1550,1255,1621,0.2227020357803824,0.0882171499074645,0.6613201727328809,"[{""answer_norm"": ""728"", ""n"": 1237}, {""answer_norm"": ""168"", ""n"": 145}, {""answer_norm"": ""1.30"", ""n"": 22}, {""answer_norm"": ""130"", ""n"": 10}, {""answer_norm"": ""720"", ""n"": 10}]",test,
185126,PSBBCTV,1,Fill-in-the-blank(s),Numeric,"A school held several evening activities last month—a music concert, a basketball game, a drama play, and literacy night. The music concert was attended by 250 people. How many people came to each of the other activities? Attendance at a basketball game was 30% of attendance at the concert. people attended the basketball game","A school held several evening activities last month-a music concert, a basketball game, a drama play, and literacy night. The music concert was attended by 250 people. How many people came to each of the other activities? Attendance at a basketball game was 30% of attendance at the concert. people attended the basketball game",75,ratio_percent,6.RP.A.3c,Solve Problems Involving Percents,205,204,186,205,0.0926829268292682,0.0097560975609756,0.8292682926829268,"[{""answer_norm"": ""75"", ""n"": 174}, {""answer_norm"": ""0.3"", ""n"": 2}, {""answer_norm"": ""0.30"", ""n"": 2}, {""answer_norm"": ""3"", ""n"": 2}, {""answer_norm"": ""350"", ""n"": 2}]",model_dev,
185277,PSBBCTV,2,Fill-in-the-blank(s),Numeric,Attendance at the drama play was 140% of attendance at the concert. people attended the drama play,Attendance at the drama play was 140% of attendance at the concert. people attended the drama play,350,ratio_percent,6.RP.A.3c,Solve Problems Involving Percents,205,204,182,205,0.1121951219512195,0.0,0.8048780487804879,"[{""answer_norm"": ""350"", ""n"": 172}, {""answer_norm"": ""110"", ""n"": 9}, {""answer_norm"": ""250"", ""n"": 3}, {""answer_norm"": ""56"", ""n"": 3}, {""answer_norm"": ""35"", ""n"": 2}]",model_dev,
185395,PSBBCTV,3,Fill-in-the-blank(s),Numeric,Attendance at literacy night was 44% of attendance at the concert. people attended literacy night,Attendance at literacy night was 44% of attendance at the concert. people attended literacy night,110,ratio_percent,6.RP.A.3c,Solve Problems Involving Percents,205,204,187,205,0.0878048780487804,0.0097560975609756,0.8585365853658536,"[{""answer_norm"": ""110"", ""n"": 183}, {""answer_norm"": ""10"", ""n"": 2}, {""answer_norm"": ""100"", ""n"": 2}, {""answer_norm"": ""104"", ""n"": 2}, {""answer_norm"": ""0.44"", ""n"": 1}]",model_dev,
185874,PSBBCXS,1,Fill-in-the-blank(s),Algebraic Expression,There are many right rectangular prisms with one edge of length 5 units and another edge of length 3 units. Let s represent the length of the third edge and V represent the volume of these prisms. Write an equation that represents the relationship between V and s . V = Use s as your variable.,There are many right rectangular prisms with one edge of length 5 units and another edge of length 3 units. Let s represent the length of the third edge and V represent the volume of these prisms. Write an equation that represents the relationship between V and s. V = Use s as your variable.,15s,equation_algebra,8.F.B.4,Use Functions to Model Relationships Between Quantities,20,20,15,20,0.25,0.0,0.7,"[{""answer_norm"": ""15s"", ""n"": 16}, {""answer_norm"": ""15"", ""n"": 2}, {""answer_norm"": ""5*3*s"", ""n"": 1}, {""answer_norm"": ""5+3+s"", ""n"": 1}]",test,
186074,PRABG42X,1,Fill-in-the-blank(s),Numeric,"Diego scored 9 points less than Andre in the basketball game. Noah scored twice as many points as Diego. If Noah scored 10 points, how many points did Andre score? points","Diego scored 9 points less than Andre in the basketball game. Noah scored twice as many points as Diego. If Noah scored 10 points, how many points did Andre score? points",14,equation_algebra,7.EE.B.4a,Solve 2-Step Equations,602,576,471,602,0.2059800664451827,0.048172757475083,0.6677740863787376,"[{""answer_norm"": ""14"", ""n"": 455}, {""answer_norm"": ""5"", ""n"": 32}, {""answer_norm"": ""-4"", ""n"": 14}, {""answer_norm"": ""1"", ""n"": 13}, {""answer_norm"": ""19"", ""n"": 9}]",test,
186281,PSBBCZ3,1,Fill-in-the-blank(s),Algebraic Expression,There are many cylinders with radius 5 units. Let h represent the height and V represent the volume of these cylinders. Write an equation that represents the relationship between V and h . Use 3.14 as an approximation of π . V = Use h as your variable.,There are many cylinders with radius 5 units. Let h represent the height and V represent the volume of these cylinders. Write an equation that represents the relationship between V and h. Use 3.14 as an approximation of pi. V = Use h as your variable.,78.5h,equation_algebra,8.F.B.4,Use Functions to Model Relationships Between Quantities,31,31,26,31,0.1612903225806451,0.0,0.6774193548387096,"[{""answer_norm"": ""78.5h"", ""n"": 22}, {""answer_norm"": ""5h"", ""n"": 2}, {""answer_norm"": ""78.5"", ""n"": 2}, {""answer_norm"": ""1"", ""n"": 1}, {""answer_norm"": ""25*3.14*h"", ""n"": 1}]",test,
187306,PSBBC95,2,Fill-in-the-blank(s),Numeric,Find the MAD (mean absolute deviation) of neighborhood 1.,Find the MAD (mean absolute deviation) of neighborhood 1.,15,statistics_probability,7.SP.B.3,Compare Populations using Center & Variability,210,191,132,210,0.3714285714285714,0.1142857142857142,0.5,"[{""answer_norm"": ""15"", ""n"": 129}, {""answer_norm"": ""75"", ""n"": 7}, {""answer_norm"": ""120"", ""n"": 6}, {""answer_norm"": ""124"", ""n"": 6}, {""answer_norm"": ""49"", ""n"": 5}]",test,
187451,PSBBC95,3,Fill-in-the-blank(s),Numeric,Find the mean of neighborhood 2.,Find the mean of neighborhood 2.,124,statistics_probability,7.SP.B.3,Compare Populations using Center & Variability,207,188,163,207,0.2125603864734299,0.0096618357487922,0.714975845410628,"[{""answer_norm"": ""124"", ""n"": 170}, {""answer_norm"": ""110"", ""n"": 3}, {""answer_norm"": ""113"", ""n"": 3}, {""answer_norm"": ""114"", ""n"": 3}, {""answer_norm"": ""120"", ""n"": 3}]",test,
187602,PSBBC95,4,Fill-in-the-blank(s),Numeric,Find the MAD (mean absolute deviation) of neighborhood 2.,Find the MAD (mean absolute deviation) of neighborhood 2.,15.6,statistics_probability,7.SP.B.3,Compare Populations using Center & Variability,203,188,130,203,0.354679802955665,0.083743842364532,0.5467980295566502,"[{""answer_norm"": ""15.6"", ""n"": 150}, {""answer_norm"": ""1.4"", ""n"": 5}, {""answer_norm"": ""14"", ""n"": 4}, {""answer_norm"": ""12"", ""n"": 3}, {""answer_norm"": ""15"", ""n"": 3}]",test,
187657,PSBBDA4,1,Fill-in-the-blank(s),Algebraic Expression,"A school paid $31.25 for each calculator. If the school bought x calculators, how much did they pay? $","A school paid $31.25 for each calculator. If the school bought x calculators, how much did they pay? $",31.25x,equation_algebra,6.EE.B.6,Write Expressions with Variables to Solve Problems,206,205,164,206,0.1990291262135922,0.0631067961165048,0.7475728155339806,"[{""answer_norm"": ""31.25x"", ""n"": 150}, {""answer_norm"": ""x31.25"", ""n"": 10}, {""answer_norm"": ""16"", ""n"": 4}, {""answer_norm"": ""31.25*x"", ""n"": 4}, {""answer_norm"": ""500"", ""n"": 4}]",model_dev,
187859,PSBBDA4,2,Fill-in-the-blank(s),Numeric,The school spent $500 on calculators. How many did the school buy? calculators,The school spent $500 on calculators. How many did the school buy? calculators,16,equation_algebra,6.EE.B.6,Write Expressions with Variables to Solve Problems,206,205,163,206,0.1941747572815534,0.0485436893203883,0.7475728155339806,"[{""answer_norm"": ""16"", ""n"": 180}, {""answer_norm"": ""0.0625"", ""n"": 4}, {""answer_norm"": ""1000"", ""n"": 2}, {""answer_norm"": ""15"", ""n"": 2}, {""answer_norm"": ""15,625"", ""n"": 2}]",model_dev,
188812,PSBBDGB,2,Fill-in-the-blank(s),Algebraic Expression,Write an expression equivalent to 6 - 2 x + 5 + 4 x that only has two terms.,Write an expression equivalent to 6 - 2 x + 5 + 4 x that only has two terms.,2x+11,ratio_percent,7.EE.A.1,Apply Properties of Operations to Create Equivalent Expressions,287,249,262,287,0.0871080139372822,0.0,0.6167247386759582,"[{""answer_norm"": ""2x+11"", ""n"": 102}, {""answer_norm"": ""11+2x"", ""n"": 51}, {""answer_norm"": ""2x + 11"", ""n"": 13}, {""answer_norm"": ""4x+9x"", ""n"": 9}, {""answer_norm"": ""1+6x"", ""n"": 8}]",model_dev,
190990,PSBBDV8,4,Fill-in-the-blank(s),Numeric,After how many hours of hiking will they be 16 miles from their car? hours,After how many hours of hiking will they be 16 miles from their car? hours,4,functions_graphs,8.EE.B.6 | 8.F.B.4,Find Slope of a Line using Similar Triangles | Use Functions to Model Relationships Between Quantities,970,927,781,970,0.190721649484536,0.1319587628865979,0.7298969072164948,"[{""answer_norm"": ""4"", ""n"": 794}, {""answer_norm"": ""52"", ""n"": 25}, {""answer_norm"": ""5"", ""n"": 20}, {""answer_norm"": ""12"", ""n"": 12}, {""answer_norm"": ""64"", ""n"": 11}]",test,
191140,PRABHUKK,1,Fill-in-the-blank(s),Numeric,Solve the equation. x - 5 ( x - 1 ) = x - ( 2 x - 3 ) x =,Solve the equation. x - 5 (x - 1) = x - (2 x - 3) x =,3-Feb,ratio_percent,8.EE.C.7b,Solve Multi-Step Linear Equations with Rational Number Coefficients,375,372,232,375,0.3733333333333333,0.2533333333333333,0.568,"[{""answer_norm"": ""2/3"", ""n"": 302}, {""answer_norm"": ""1/2"", ""n"": 10}, {""answer_norm"": ""1/3"", ""n"": 6}, {""answer_norm"": ""-2/3"", ""n"": 3}, {""answer_norm"": ""2/5"", ""n"": 3}]",model_dev,
194106,PSBBEDV,3,Fill-in-the-blank(s),Numeric,How many solutions are there?,How many solutions are there?,1,equation_algebra,8.EE.C.8a,Identify Solutions to Systems of Equations Using Graphs,269,268,192,269,0.275092936802974,0.0631970260223048,0.5687732342007435,"[{""answer_norm"": ""1"", ""n"": 191}, {""answer_norm"": ""2"", ""n"": 43}, {""answer_norm"": ""0"", ""n"": 9}, {""answer_norm"": ""3"", ""n"": 6}, {""answer_norm"": ""24"", ""n"": 5}]",model_dev,
195392,PSBBEQB,1,Fill-in-the-blank(s),Numeric,A whale is at the surface of the ocean to breathe. What is the whale’s elevation? feet,A whale is at the surface of the ocean to breathe. What is the whale’s elevation? feet,0,other,6.NS.C.5,Use Positive & Negative Numbers to Represent Quantities,999,981,857,999,0.1341341341341341,0.058058058058058,0.8328328328328328,"[{""answer_norm"": ""0"", ""n"": 893}, {""answer_norm"": ""-0"", ""n"": 19}, {""answer_norm"": ""1"", ""n"": 13}, {""answer_norm"": ""-300"", ""n"": 12}, {""answer_norm"": ""-10"", ""n"": 7}]",model_dev,
195577,PSBBEQB,2,Fill-in-the-blank(s),Numeric,The whale swims down 300 feet to feed. What is the whale’s elevation now? feet,The whale swims down 300 feet to feed. What is the whale’s elevation now? feet,-300,other,6.NS.C.5,Use Positive & Negative Numbers to Represent Quantities,321,321,299,321,0.0685358255451713,0.0,0.8629283489096573,"[{""answer_norm"": ""-300"", ""n"": 288}, {""answer_norm"": ""300"", ""n"": 17}, {""answer_norm"": ""0"", ""n"": 4}, {""answer_norm"": ""- 300"", ""n"": 2}, {""answer_norm"": ""450"", ""n"": 2}]",model_dev,
195675,PSBBEQB,3,Fill-in-the-blank(s),Numeric,The whale swims down 150 more feed. What is the whale’s elevation now? feet,The whale swims down 150 more feed. What is the whale’s elevation now? feet,-450,other,6.NS.C.5,Use Positive & Negative Numbers to Represent Quantities,321,321,294,321,0.0841121495327102,0.0,0.838006230529595,"[{""answer_norm"": ""-450"", ""n"": 278}, {""answer_norm"": ""-150"", ""n"": 20}, {""answer_norm"": ""450"", ""n"": 11}, {""answer_norm"": ""150"", ""n"": 2}, {""answer_norm"": ""- 450"", ""n"": 1}]",model_dev,
196111,PSBBESV,2,Fill-in-the-blank(s),Numeric,Solve the equation. How much does the bottle hold? ounces of water,Solve the equation. How much does the bottle hold? ounces of water,25,equation_algebra,6.EE.B.7,Write & Solve 1-Step Equations,564,557,398,564,0.2588652482269503,0.274822695035461,0.6365248226950354,"[{""answer_norm"": ""25"", ""n"": 411}, {""answer_norm"": ""6.5"", ""n"": 26}, {""answer_norm"": ""9"", ""n"": 18}, {""answer_norm"": ""10"", ""n"": 9}, {""answer_norm"": ""15"", ""n"": 6}]",model_dev,
196505,PSBBEU9,2,Fill-in-the-blank(s),Numeric,Solve the equation. How many ounces of water are left in the bottle? ounces of water,Solve the equation. How many ounces of water are left in the bottle? ounces of water,6.5,equation_algebra,6.EE.B.7,Write & Solve 1-Step Equations,528,522,409,528,0.1988636363636363,0.2329545454545454,0.6988636363636364,"[{""answer_norm"": ""6.5"", ""n"": 418}, {""answer_norm"": ""7"", ""n"": 12}, {""answer_norm"": ""7.5"", ""n"": 11}, {""answer_norm"": ""10"", ""n"": 10}, {""answer_norm"": ""7.0"", ""n"": 7}]",model_dev,
196520,PRABQAC3,1,Fill-in-the-blank(s),Numeric,"Diego and Elena are 2 miles apart and begin walking towards each other. Diego walks at a rate of 3.7 miles per hour and Elena walks 4.3 miles per hour. While they are walking, Elena's dog runs back and forth between the two of them, at a rate of 6 miles per hour. Assuming the dog does not lose any time in turning around, how far has the dog run by the time Diego and Elena reach each other? miles","Diego and Elena are 2 miles apart and begin walking towards each other. Diego walks at a rate of 3.7 miles per hour and Elena walks 4.3 miles per hour. While they are walking, Elena's dog runs back and forth between the two of them, at a rate of 6 miles per hour. Assuming the dog does not lose any time in turning around, how far has the dog run by the time Diego and Elena reach each other? miles",1.5,equation_algebra,7.EE.B.4a,Solve 2-Step Equations,17,17,8,17,0.5294117647058824,0.0,0.3529411764705882,"[{""answer_norm"": ""1.5"", ""n"": 12}, {""answer_norm"": ""15"", ""n"": 1}, {""answer_norm"": ""2"", ""n"": 1}, {""answer_norm"": ""2.1"", ""n"": 1}, {""answer_norm"": ""23.3"", ""n"": 1}]",model_dev,
196907,PSBBEXH,2,Fill-in-the-blank(s),Numeric,Solve the equation. How much does the first bottle hold? ounces of water,Solve the equation. How much does the first bottle hold? ounces of water,10,equation_algebra,6.EE.B.7,Write & Solve 1-Step Equations,376,371,213,376,0.3909574468085106,0.3829787234042553,0.4973404255319149,"[{""answer_norm"": ""10"", ""n"": 264}, {""answer_norm"": ""25.6"", ""n"": 16}, {""answer_norm"": ""2"", ""n"": 8}, {""answer_norm"": ""8 8/11"", ""n"": 6}, {""answer_norm"": ""16"", ""n"": 5}]",model_dev,
197306,PSBBEZJ,1,Fill-in-the-blank(s),Numeric,"Lin’s grandmother ordered needles that were 0.3125 inches long to administer her medication, but the pharmacist sent her needles that were 0.6875 inches long. How much longer were these needles than the ones she ordered? inches","Lin’s grandmother ordered needles that were 0.3125 inches long to administer her medication, but the pharmacist sent her needles that were 0.6875 inches long. How much longer were these needles than the ones she ordered? inches",0.375,decimal,6.NS.B.3,"Add, Subtract, Multiply & Divide Multi-Digit Decimals",51,51,44,51,0.1372549019607843,0.0196078431372549,0.803921568627451,"[{""answer_norm"": ""0.375"", ""n"": 20}, {""answer_norm"": ""0.3750"", ""n"": 19}, {""answer_norm"": "".3750"", ""n"": 3}, {""answer_norm"": ""0.3756"", ""n"": 2}, {""answer_norm"": "".357"", ""n"": 1}]",model_dev,
197603,PSBBE2V,1,Fill-in-the-blank(s),Numeric,There is 0.162 liter of water in a 1-liter bottle. How much more water should be put in the bottle so it contains exactly 1 liter? liters,There is 0.162 liter of water in a 1-liter bottle. How much more water should be put in the bottle so it contains exactly 1 liter? liters,0.838,decimal,6.NS.B.3,"Add, Subtract, Multiply & Divide Multi-Digit Decimals",51,51,42,51,0.1764705882352941,0.0392156862745098,0.7058823529411765,"[{""answer_norm"": ""0.838"", ""n"": 27}, {""answer_norm"": "".838"", ""n"": 12}, {""answer_norm"": "".138"", ""n"": 1}, {""answer_norm"": ""0"", ""n"": 1}, {""answer_norm"": ""0.0001"", ""n"": 1}]",model_dev,
198077,PRABFFUE,1,Fill-in-the-blank(s),Numeric,It was 8 degrees at nightfall. The temperature dropped 10 degrees by midnight. What was the temperature at midnight? degrees,It was 8 degrees at nightfall. The temperature dropped 10 degrees by midnight. What was the temperature at midnight? degrees,-2,other,6.NS.C.5,Use Positive & Negative Numbers to Represent Quantities,971,949,858,971,0.1009268795056642,0.0576725025746652,0.7785787847579815,"[{""answer_norm"": ""-2"", ""n"": 796}, {""answer_norm"": ""2"", ""n"": 66}, {""answer_norm"": ""18"", ""n"": 21}, {""answer_norm"": ""-8"", ""n"": 13}, {""answer_norm"": ""-18"", ""n"": 8}]",model_dev,
198406,PSBBE6C,2,Fill-in-the-blank(s),Numeric,How far is Lin’s house from school? z = meters,How far is Lin’s house from school? z = meters,315,equation_algebra,6.EE.B.6 | 6.EE.B.7,Write Expressions with Variables to Solve Problems | Write & Solve 1-Step Equations,982,963,849,982,0.1140529531568228,0.0325865580448065,0.7596741344195519,"[{""answer_norm"": ""315"", ""n"": 827}, {""answer_norm"": ""135"", ""n"": 27}, {""answer_norm"": ""325"", ""n"": 21}, {""answer_norm"": ""585"", ""n"": 16}, {""answer_norm"": ""215"", ""n"": 10}]",model_dev,
198429,PRABKC63,1,Fill-in-the-blank(s),Numeric,What is the value of 3 4 ?,What is the value of 3^(4)?,81,equation_algebra,6.EE.A.1,Write & Evaluate Numerical Expressions with Exponents,289,287,263,289,0.0899653979238754,0.0311418685121107,0.8650519031141869,"[{""answer_norm"": ""81"", ""n"": 263}, {""answer_norm"": ""12"", ""n"": 5}, {""answer_norm"": ""27"", ""n"": 5}, {""answer_norm"": ""243"", ""n"": 3}, {""answer_norm"": ""18"", ""n"": 2}]",test,
198552,PRABKC64,1,Fill-in-the-blank(s),Numeric,How many times bigger is 3 15 compared to 3 12 ? times bigger,How many times bigger is 3^(15) compared to 3^(12)? times bigger,27,equation_algebra,6.EE.A.1,Write & Evaluate Numerical Expressions with Exponents,284,282,185,284,0.3380281690140845,0.1584507042253521,0.5035211267605634,"[{""answer_norm"": ""27"", ""n"": 172}, {""answer_norm"": ""3"", ""n"": 44}, {""answer_norm"": ""8"", ""n"": 17}, {""answer_norm"": ""13817466"", ""n"": 13}, {""answer_norm"": ""9"", ""n"": 12}]",validation,
198805,PSBBE76,2,Fill-in-the-blank(s),Numeric,"Tyler's playlist has 36 songs. Noah’s playlist has one quarter as many songs as Tyler's playlist. How many songs are on Noah’s playlist, w ? w = songs","Tyler's playlist has 36 songs. Noah’s playlist has one quarter as many songs as Tyler's playlist. How many songs are on Noah’s playlist, w? w = songs",9,equation_algebra,6.EE.B.6 | 6.EE.B.7,Write Expressions with Variables to Solve Problems | Write & Solve 1-Step Equations,1151,1134,1002,1151,0.1086012163336229,0.0382276281494352,0.7801911381407471,"[{""answer_norm"": ""9"", ""n"": 984}, {""answer_norm"": ""8"", ""n"": 37}, {""answer_norm"": ""36"", ""n"": 27}, {""answer_norm"": ""144"", ""n"": 13}, {""answer_norm"": ""4"", ""n"": 10}]",model_dev,
198955,PSBBFAS,1,Fill-in-the-blank(s),Numeric,"Find a four-digit number using only the digits 0, 1, 2, or 3 where: the first digit tells you how many zeros are in the number, the second digit tells you how many ones are in the number, the third digit tells you how many twos are in the number, and the fourth digit tells you how many threes are in the number. The number 2,100 is close, but doesn’t quite work. The first digit is 2, and there are 2 zeros. The second digit is 1, and there is 1 one. The fourth digit is 0, and there are no threes. But the third digit, which is supposed to count the number of 2’s, is zero.","Find a four-digit number using only the digits 0, 1, 2, or 3 where: the first digit tells you how many zeros are in the number, the second digit tells you how many ones are in the number, the third digit tells you how many twos are in the number, and the fourth digit tells you how many threes are in the number. The number 2,100 is close, but doesn’t quite work. The first digit is 2, and there are 2 zeros. The second digit is 1, and there is 1 one. The fourth digit is 0, and there are no threes. But the third digit, which is supposed to count the number of 2’s, is zero.","2020, 1210",other,8.EE.A.3,Expressing Quantities in Scientific Notation,4,4,1,4,0.75,1.5,0.25,"[{""answer_norm"": ""1210"", ""n"": 2}, {""answer_norm"": ""1220"", ""n"": 1}, {""answer_norm"": ""2020"", ""n"": 1}]",model_dev,
199099,PRABFGVG,1,Fill-in-the-blank(s),Numeric,"You had $50. You spent 10% of the money on clothes, 20% on games, and the rest on books. How much money was spent on books? $","You had $50. You spent 10% of the money on clothes, 20% on games, and the rest on books. How much money was spent on books? $",35,ratio_percent,6.RP.A.3c,Solve Problems Involving Percents,736,723,563,736,0.2214673913043478,0.0434782608695652,0.5747282608695652,"[{""answer_norm"": ""35"", ""n"": 475}, {""answer_norm"": ""20"", ""n"": 71}, {""answer_norm"": ""15"", ""n"": 30}, {""answer_norm"": ""10"", ""n"": 24}, {""answer_norm"": ""30"", ""n"": 19}]",test,
199749,PSBBFD5,1,Fill-in-the-blank(s),Numeric,Find the value of 24 25 ÷ 4 5 .,Find the value of 24 / 25 / 4 / 5.,5-Jun,fraction,6.NS.A.1,Interpret & Compute using Division of Fractions,398,366,322,398,0.1809045226130653,0.0427135678391959,0.6984924623115578,"[{""answer_norm"": ""1 1/5"", ""n"": 90}, {""answer_norm"": ""6/5"", ""n"": 84}, {""answer_norm"": ""120/100"", ""n"": 63}, {""answer_norm"": ""1.2"", ""n"": 47}, {""answer_norm"": ""1 20/100"", ""n"": 9}]",model_dev,
202276,PSBBFUZ,1,Fill-in-the-blank(s),Numeric,"The data set shows the number of shells that 12 people collected. 4, 5, 5, 4, 1, 6, 8, 2, 2, 2, 4, 5 What is the mean number of shells collected? shells","The data set shows the number of shells that 12 people collected. 4, 5, 5, 4, 1, 6, 8, 2, 2, 2, 4, 5 What is the mean number of shells collected? shells",4,statistics_probability,6.SP.B.5c,Give & Describe Quantitative Measures of Center & Variability,6,6,4,6,0.3333333333333333,0.6666666666666666,0.6666666666666666,"[{""answer_norm"": ""4"", ""n"": 5}, {""answer_norm"": ""3.66"", ""n"": 1}]",model_dev,
202431,PSBBFUZ,2,Fill-in-the-blank(s),Numeric,"The data set shows the number of shells that 12 people collected. 4, 5, 5, 4, 1, 6, 8, 2, 2, 2, 4, 5 What is the MAD (mean absolute deviation) of this data? shells","The data set shows the number of shells that 12 people collected. 4, 5, 5, 4, 1, 6, 8, 2, 2, 2, 4, 5 What is the MAD (mean absolute deviation) of this data? shells",1.5,statistics_probability,6.SP.B.5c,Give & Describe Quantitative Measures of Center & Variability,6,6,3,6,0.5,1.0,0.3333333333333333,"[{""answer_norm"": ""1.5"", ""n"": 4}, {""answer_norm"": ""1"", ""n"": 1}, {""answer_norm"": ""4"", ""n"": 1}]",model_dev,
202480,PRABG4R9,1,Fill-in-the-blank(s),Exact Match,"Kiran read for x minutes, and Andre read for 5 8 more than that. Write an equation that relates the number of minutes Kiran read with y , the number of minutes that Andre read. Use decimals in your equation. y =","Kiran read for x minutes, and Andre read for 5 / 8 more than that. Write an equation that relates the number of minutes Kiran read with y, the number of minutes that Andre read. Use decimals in your equation. y =",1.625x,ratio_percent,7.RP.A.2c,Represent Proportional Relationships with Equations,603,593,250,603,0.5754560530679934,0.1044776119402985,0.2454394693200663,"[{""answer_norm"": ""1.625x"", ""n"": 209}, {""answer_norm"": ""5/8x"", ""n"": 66}, {""answer_norm"": ""0.625x"", ""n"": 28}, {""answer_norm"": ""1.625"", ""n"": 20}, {""answer_norm"": ""y=5/8x"", ""n"": 12}]",model_dev,
202997,PSBBFXH,2,Fill-in-the-blank(s),Numeric,Find the area of Polygon D in this activity. square units,Find the area of Polygon D in this activity. square units,19.5,functions_graphs,6.NS.C.6c,Plot Integers Points on a Number Line & Coordinate Planes,8,8,7,8,0.125,0.0,0.875,"[{""answer_norm"": ""19.5"", ""n"": 7}, {""answer_norm"": ""20"", ""n"": 1}]",model_dev,
203426,PRABETNP,1,Fill-in-the-blank(s),Numeric,"A pair of designer sneakers was purchased for $120. Since they were purchased, their price has increased by 15%. What is the new price? $","A pair of designer sneakers was purchased for $120. Since they were purchased, their price has increased by 15%. What is the new price? $",138,ratio_percent,7.RP.A.3,Use Proportional Relationships to Solve Ratio & Percent Problems,2183,2070,1759,2183,0.1914796152084287,0.0861200183234081,0.674301420064132,"[{""answer_norm"": ""138"", ""n"": 1594}, {""answer_norm"": ""18"", ""n"": 91}, {""answer_norm"": ""135"", ""n"": 55}, {""answer_norm"": ""128"", ""n"": 50}, {""answer_norm"": ""102"", ""n"": 44}]",model_dev,
203873,PRABETNQ,1,Fill-in-the-blank(s),Numeric,"Elena’s aunt bought her a $150 savings bond when she was born. When Elena is 20 years old, the bond will have earned 105% in interest. How much will the bond be worth when Elena is 20 years old? $","Elena’s aunt bought her a $150 savings bond when she was born. When Elena is 20 years old, the bond will have earned 105% in interest. How much will the bond be worth when Elena is 20 years old? $",307.5,ratio_percent,7.RP.A.3,Use Proportional Relationships to Solve Ratio & Percent Problems,2032,1942,1394,2032,0.3031496062992126,0.1373031496062992,0.5226377952755905,"[{""answer_norm"": ""307.5"", ""n"": 620}, {""answer_norm"": ""307.50"", ""n"": 598}, {""answer_norm"": ""157.5"", ""n"": 285}, {""answer_norm"": ""157.50"", ""n"": 44}, {""answer_norm"": ""307"", ""n"": 28}]",model_dev,
204143,PSBBF6Y,1,Fill-in-the-blank(s),Numeric,The mass of one coin is 16.718 grams. The mass of a second coin is 27.22 grams. How much greater is the mass of the second coin than the first? grams,The mass of one coin is 16.718 grams. The mass of a second coin is 27.22 grams. How much greater is the mass of the second coin than the first? grams,10.502,decimal,6.NS.B.3,"Add, Subtract, Multiply & Divide Multi-Digit Decimals",636,624,518,636,0.180817610062893,0.0927672955974842,0.7028301886792453,"[{""answer_norm"": ""10.502"", ""n"": 497}, {""answer_norm"": ""10.402"", ""n"": 11}, {""answer_norm"": ""10.50200"", ""n"": 7}, {""answer_norm"": ""10.512"", ""n"": 5}, {""answer_norm"": ""10.518"", ""n"": 4}]",model_dev,
204595,PRABFFHS,1,Fill-in-the-blank(s),Numeric,Find the quotient. 5 465,Find the quotient. 5 465,93,whole_number_arithmetic,6.NS.B.2,Divide Multi-Digit Whole Numbers,241,238,229,241,0.0497925311203319,0.0497925311203319,0.8713692946058091,"[{""answer_norm"": ""93"", ""n"": 214}, {""answer_norm"": ""13"", ""n"": 3}, {""answer_norm"": ""093"", ""n"": 2}, {""answer_norm"": ""83"", ""n"": 2}, {""answer_norm"": ""91"", ""n"": 2}]",model_dev,
204768,PRABFFHT,1,Fill-in-the-blank(s),Numeric,Find the quotient. 12 924,Find the quotient. 12 924,77,whole_number_arithmetic,6.NS.B.2,Divide Multi-Digit Whole Numbers,243,240,231,243,0.0493827160493827,0.0493827160493827,0.8765432098765432,"[{""answer_norm"": ""77"", ""n"": 218}, {""answer_norm"": ""077"", ""n"": 2}, {""answer_norm"": ""7"", ""n"": 2}, {""answer_norm"": ""0.01298701298"", ""n"": 1}, {""answer_norm"": ""077\\"", ""n"": 1}]",model_dev,
205649,PSBBGEE,4,Fill-in-the-blank(s),Numeric,This car dealership pays the salesperson a bonus for selling the car equal to 6.5% of the sale price. How much commission did the salesperson lose when they decided to off a 10% discount on the price of the car? $,This car dealership pays the salesperson a bonus for selling the car equal to 6.5% of the sale price. How much commission did the salesperson lose when they decided to off a 10% discount on the price of the car? $,102.96,ratio_percent,7.RP.A.3,Use Proportional Relationships to Solve Ratio & Percent Problems,181,181,111,181,0.3867403314917127,0.0,0.4751381215469613,"[{""answer_norm"": ""102.96"", ""n"": 121}, {""answer_norm"": ""926.64"", ""n"": 11}, {""answer_norm"": ""10296"", ""n"": 5}, {""answer_norm"": ""0.65"", ""n"": 3}, {""answer_norm"": ""1584"", ""n"": 3}]",model_dev,
205821,PSBBGGE,1,Fill-in-the-blank(s),Numeric,"For each gym membership sold, the gym keeps $42 and the employee who sold it gets $8. What is the commission the employee earned as a percentage of the total cost of the gym membership? %","For each gym membership sold, the gym keeps $42 and the employee who sold it gets $8. What is the commission the employee earned as a percentage of the total cost of the gym membership? %",16,ratio_percent,7.RP.A.3,Use Proportional Relationships to Solve Ratio & Percent Problems,199,199,115,199,0.4120603015075377,0.0452261306532663,0.4271356783919598,"[{""answer_norm"": ""16"", ""n"": 112}, {""answer_norm"": ""19"", ""n"": 18}, {""answer_norm"": ""5.25"", ""n"": 10}, {""answer_norm"": ""4"", ""n"": 5}, {""answer_norm"": ""84"", ""n"": 5}]",validation,
205959,PSBBGGE,2,Fill-in-the-blank(s),Numeric,"If an employee sells a family pass for $135, what is the amount of the commission they get to keep? $","If an employee sells a family pass for $135, what is the amount of the commission they get to keep? $",21.6,ratio_percent,7.RP.A.3,Use Proportional Relationships to Solve Ratio & Percent Problems,197,197,143,197,0.2741116751269035,0.0,0.6598984771573604,"[{""answer_norm"": ""21.60"", ""n"": 91}, {""answer_norm"": ""21.6"", ""n"": 69}, {""answer_norm"": ""16"", ""n"": 2}, {""answer_norm"": ""2,160"", ""n"": 2}, {""answer_norm"": ""21"", ""n"": 2}]",validation,
206088,PSBBGH2,2,Fill-in-the-blank(s),Numeric,Find the value of x. x =,Find the value of x. x =,7,equation_algebra,6.EE.B.6,Write Expressions with Variables to Solve Problems,1016,999,926,1016,0.0866141732283464,0.0334645669291338,0.8375984251968503,"[{""answer_norm"": ""7"", ""n"": 880}, {""answer_norm"": ""5"", ""n"": 39}, {""answer_norm"": ""6"", ""n"": 34}, {""answer_norm"": ""13"", ""n"": 22}, {""answer_norm"": ""3"", ""n"": 7}]",validation,
206599,PSBBGMJ,2,Fill-in-the-blank(s),Numeric,Find the unknown value. x =,Find the unknown value. x =,7,equation_algebra,6.EE.B.6,Write Expressions with Variables to Solve Problems,990,982,931,990,0.0545454545454545,0.0242424242424242,0.8747474747474747,"[{""answer_norm"": ""7"", ""n"": 900}, {""answer_norm"": ""5"", ""n"": 22}, {""answer_norm"": ""9"", ""n"": 12}, {""answer_norm"": ""6"", ""n"": 10}, {""answer_norm"": ""16"", ""n"": 7}]",model_dev,
206730,PSBBGPH,1,Fill-in-the-blank(s),Numeric,"Puppy A weighs 8 pounds, which is about 25% of its adult weight. What will be the adult weight of Puppy A? pounds","Puppy A weighs 8 pounds, which is about 25% of its adult weight. What will be the adult weight of Puppy A? pounds",32,equation_algebra,6.EE.B.7,Write & Solve 1-Step Equations,227,223,203,227,0.0969162995594713,0.0704845814977973,0.8193832599118943,"[{""answer_norm"": ""32"", ""n"": 196}, {""answer_norm"": ""2"", ""n"": 4}, {""answer_norm"": ""10 2/3"", ""n"": 3}, {""answer_norm"": ""24"", ""n"": 3}, {""answer_norm"": ""200"", ""n"": 2}]",model_dev,
206824,PSBBGN8,3,Fill-in-the-blank(s),Numeric,How many dogs weigh at least 120 and less than 160 pounds? dogs,How many dogs weigh at least 120 and less than 160 pounds? dogs,8,statistics_probability,6.SP.B.4,"Display Numerical Data Using Dot Plots, Histograms & Box Plots",74,74,64,74,0.1351351351351351,0.0,0.7432432432432432,"[{""answer_norm"": ""8"", ""n"": 57}, {""answer_norm"": ""9"", ""n"": 4}, {""answer_norm"": ""10"", ""n"": 2}, {""answer_norm"": ""4"", ""n"": 2}, {""answer_norm"": ""1"", ""n"": 1}]",model_dev,
206901,PSBBGPH,2,Fill-in-the-blank(s),Numeric,"Puppy B weighs 8 pounds, which is about 75% of its adult weight. What will be the adult weight of Puppy B? pounds","Puppy B weighs 8 pounds, which is about 75% of its adult weight. What will be the adult weight of Puppy B? pounds",32/3,equation_algebra,6.EE.B.7,Write & Solve 1-Step Equations,227,223,120,227,0.4493392070484581,0.237885462555066,0.3568281938325991,"[{""answer_norm"": ""32/3"", ""n"": 51}, {""answer_norm"": ""10 2/3"", ""n"": 38}, {""answer_norm"": ""10"", ""n"": 30}, {""answer_norm"": ""24"", ""n"": 12}, {""answer_norm"": ""16"", ""n"": 11}]",model_dev,
207052,PSBBGPV,2,Fill-in-the-blank(s),Numeric,Find the unknown value. x =,Find the unknown value. x =,7,equation_algebra,6.EE.B.6,Write Expressions with Variables to Solve Problems,1001,993,949,1001,0.0459540459540459,0.0179820179820179,0.9000999000999002,"[{""answer_norm"": ""7"", ""n"": 927}, {""answer_norm"": ""6"", ""n"": 25}, {""answer_norm"": ""24"", ""n"": 20}, {""answer_norm"": ""4"", ""n"": 7}, {""answer_norm"": ""8"", ""n"": 6}]",model_dev,
208182,PSBBGX4,1,Fill-in-the-blank(s),Numeric,A sports drink bottle contains 16.9 fluid ounces. Andre drank 80% of the bottle. How many fluid ounces did Andre drink? ounces,A sports drink bottle contains 16.9 fluid ounces. Andre drank 80% of the bottle. How many fluid ounces did Andre drink? ounces,13.52,ratio_percent,6.RP.A.3c,Solve Problems Involving Percents,738,729,534,738,0.2547425474254742,0.1165311653116531,0.6287262872628726,"[{""answer_norm"": ""13.52"", ""n"": 554}, {""answer_norm"": ""21.125"", ""n"": 22}, {""answer_norm"": ""3.38"", ""n"": 13}, {""answer_norm"": ""13.5"", ""n"": 8}, {""answer_norm"": ""0.21125"", ""n"": 5}]",validation,
213558,PRABP7YW,1,Fill-in-the-blank(s),Numeric,"A thirsty crow wants to raise the level of water in a cylindrical container so that it can reach the water with its beak. The container has diameter of 2 inches and a height of 9 inches. The water level is currently at 6 inches. The crow can reach the water if it is 1 inch from the top of the container. In order to raise the water level, the crow puts spherical pebbles in the container. If the pebbles are approximately 1 2 in diameter, what is the fewest number of pebbles the crow needs to drop into the container in order to reach the water?","A thirsty crow wants to raise the level of water in a cylindrical container so that it can reach the water with its beak. The container has diameter of 2 inches and a height of 9 inches. The water level is currently at 6 inches. The crow can reach the water if it is 1 inch from the top of the container. In order to raise the water level, the crow puts spherical pebbles in the container. If the pebbles are approximately 1 / 2 in diameter, what is the fewest number of pebbles the crow needs to drop into the container in order to reach the water?",97,geometry_measurement,8.G.C.9,Know & Use Volume Formulas,16,16,6,16,0.625,0.0,0.3125,"[{""answer_norm"": ""97"", ""n"": 11}, {""answer_norm"": ""3"", ""n"": 1}, {""answer_norm"": ""5"", ""n"": 1}, {""answer_norm"": ""6"", ""n"": 1}, {""answer_norm"": ""6/8"", ""n"": 1}]",model_dev,
215013,PRABFFGN,1,Fill-in-the-blank(s),Numeric,"Use the partial quotients method to find 1 , 032 ÷ 43 .","Use the partial quotients method to find 1, 032 / 43.",24,whole_number_arithmetic,6.NS.B.2,Divide Multi-Digit Whole Numbers,126,125,114,126,0.0873015873015873,0.0793650793650793,0.746031746031746,"[{""answer_norm"": ""24"", ""n"": 101}, {""answer_norm"": ""204"", ""n"": 3}, {""answer_norm"": ""25"", ""n"": 3}, {""answer_norm"": ""23"", ""n"": 2}, {""answer_norm"": ""0,024"", ""n"": 1}]",validation,
218191,PSBBJRA,1,Fill-in-the-blank(s),Numeric,"A group of friends is sharing 2 1 2 pounds of berries. If each friend received 5 4 of a pound of berries, how many friends are sharing the berries? friends","A group of friends is sharing 2 1 / 2 pounds of berries. If each friend received 5 / 4 of a pound of berries, how many friends are sharing the berries? friends",2,fraction,6.NS.A.1,Interpret & Compute using Division of Fractions,1066,1060,891,1066,0.1454033771106941,0.0656660412757973,0.7551594746716698,"[{""answer_norm"": ""2"", ""n"": 894}, {""answer_norm"": ""3"", ""n"": 21}, {""answer_norm"": ""1/2"", ""n"": 16}, {""answer_norm"": ""5"", ""n"": 16}, {""answer_norm"": ""4"", ""n"": 13}]",test,
218311,PSBBJRA,2,Fill-in-the-blank(s),Numeric,"A group of friends is sharing 2 1 2 pounds of berries. If 5 friends are sharing the berries, how many pounds of berries does each friend receive? pounds of berries","A group of friends is sharing 2 1 / 2 pounds of berries. If 5 friends are sharing the berries, how many pounds of berries does each friend receive? pounds of berries",2-Jan,fraction,6.NS.A.1,Interpret & Compute using Division of Fractions,1058,1053,821,1058,0.2098298676748582,0.0860113421550094,0.6587901701323251,"[{""answer_norm"": ""1/2"", ""n"": 636}, {""answer_norm"": ""2"", ""n"": 62}, {""answer_norm"": ""0.5"", ""n"": 55}, {""answer_norm"": "".5"", ""n"": 37}, {""answer_norm"": ""2/4"", ""n"": 21}]",test,
218838,PRABESCE,1,Fill-in-the-blank(s),Numeric,"Han wants to buy a $30 ticket to a game, but the pre-order tickets are sold out. He knows there will be more tickets sold the day of the game, with a markup of 200%. How much should Han expect to pay for the ticket if he buys it the day of the game? $","Han wants to buy a $30 ticket to a game, but the pre-order tickets are sold out. He knows there will be more tickets sold the day of the game, with a markup of 200%. How much should Han expect to pay for the ticket if he buys it the day of the game? $",90,ratio_percent,7.RP.A.3,Use Proportional Relationships to Solve Ratio & Percent Problems,1690,1644,1192,1690,0.2828402366863905,0.1899408284023668,0.508284023668639,"[{""answer_norm"": ""90"", ""n"": 1019}, {""answer_norm"": ""60"", ""n"": 490}, {""answer_norm"": ""600"", ""n"": 13}, {""answer_norm"": ""15"", ""n"": 10}, {""answer_norm"": ""230"", ""n"": 9}]",model_dev,
219121,PSBBJWZ,1,Fill-in-the-blank(s),Numeric,"3 tickets to the museum cost $12.75. At this rate, what is the cost of 1 ticket? $","3 tickets to the museum cost $12.75. At this rate, what is the cost of 1 ticket? $",4.25,ratio_percent,6.RP.A.3b,Solve Unit Rate Problems,939,936,841,939,0.0862619808306709,0.040468583599574,0.8296059637912673,"[{""answer_norm"": ""4.25"", ""n"": 823}, {""answer_norm"": ""4"", ""n"": 12}, {""answer_norm"": ""4 1/4"", ""n"": 11}, {""answer_norm"": ""21.25"", ""n"": 9}, {""answer_norm"": ""4.75"", ""n"": 7}]",model_dev,
219244,PSBBJWZ,2,Fill-in-the-blank(s),Numeric,"3 tickets to the museum cost $12.75. At this rate, what is the cost of 5 tickets? $","3 tickets to the museum cost $12.75. At this rate, what is the cost of 5 tickets? $",21.25,ratio_percent,6.RP.A.3b,Solve Unit Rate Problems,937,934,824,937,0.1056563500533618,0.0384204909284952,0.7961579509071505,"[{""answer_norm"": ""21.25"", ""n"": 798}, {""answer_norm"": ""2.55"", ""n"": 23}, {""answer_norm"": ""4.25"", ""n"": 10}, {""answer_norm"": ""21 1/4"", ""n"": 9}, {""answer_norm"": ""63.75"", ""n"": 9}]",model_dev,
221711,PSBBKCS,2,Fill-in-the-blank(s),Numeric,How far does the train go in 100 minutes? kilometers,How far does the train go in 100 minutes? kilometers,125,ratio_percent,7.RP.A.1 | 7.RP.A.2a,Compute Unit Rates with Fractions | Identify Proportional Relationships,183,181,148,183,0.1912568306010929,0.0,0.7213114754098361,"[{""answer_norm"": ""125"", ""n"": 143}, {""answer_norm"": ""0.075"", ""n"": 4}, {""answer_norm"": ""12.5"", ""n"": 4}, {""answer_norm"": ""750"", ""n"": 4}, {""answer_norm"": "".075"", ""n"": 2}]",model_dev,
221748,PRABEH5H,1,Fill-in-the-blank(s),Numeric,Evaluate: 10 0,Evaluate: 10^(0),1,equation_algebra,6.EE.A.1,Write & Evaluate Numerical Expressions with Exponents,851,846,720,851,0.1492361927144536,0.0763807285546415,0.7062279670975323,"[{""answer_norm"": ""1"", ""n"": 619}, {""answer_norm"": ""10"", ""n"": 130}, {""answer_norm"": ""0"", ""n"": 89}, {""answer_norm"": ""100"", ""n"": 4}, {""answer_norm"": ""101"", ""n"": 3}]",model_dev,
222136,PRABMTZV,1,Fill-in-the-blank(s),Numeric,Evaluate: 10 2 + 10 1 + 10 0,Evaluate: 10^(2) + 10^(1) + 10^(0),111,whole_number_arithmetic,5.NBT.A.2,Explain Patterns when Multiplying & Dividing Powers of 10,792,788,552,792,0.2878787878787879,0.1136363636363636,0.5441919191919192,"[{""answer_norm"": ""111"", ""n"": 469}, {""answer_norm"": ""1"", ""n"": 76}, {""answer_norm"": ""1000"", ""n"": 53}, {""answer_norm"": ""10^3"", ""n"": 30}, {""answer_norm"": ""3"", ""n"": 29}]",model_dev,
222907,PRABFF3N,1,Fill-in-the-blank(s),Numeric,Solve the equation. 4 a = 32 a =,Solve the equation. 4 a = 32 a =,8,equation_algebra,6.EE.B.7,Write & Solve 1-Step Equations,1276,1230,1190,1276,0.0626959247648902,0.0227272727272727,0.8714733542319749,"[{""answer_norm"": ""8"", ""n"": 1157}, {""answer_norm"": ""32"", ""n"": 36}, {""answer_norm"": ""9"", ""n"": 14}, {""answer_norm"": ""28"", ""n"": 8}, {""answer_norm"": ""7"", ""n"": 6}]",model_dev,
222978,PRABTTCX,1,Fill-in-the-blank(s),Numeric,Find the value of the expression. 12 + (-10),Find the value of the expression. 12 + (-10),2,ratio_percent,7.NS.A.1d,Apply Properties of Operations to Add/Subtract Rational Numbers,284,276,272,284,0.0387323943661971,0.0105633802816901,0.8661971830985915,"[{""answer_norm"": ""2"", ""n"": 253}, {""answer_norm"": ""-2"", ""n"": 11}, {""answer_norm"": ""-22"", ""n"": 6}, {""answer_norm"": ""22"", ""n"": 6}, {""answer_norm"": ""-11"", ""n"": 2}]",model_dev,
223118,PRABFF3P,1,Fill-in-the-blank(s),Numeric,Solve the equation. 4 = 32 b b =,Solve the equation. 4 = 32 b b =,8-Jan,equation_algebra,6.EE.B.7,Write & Solve 1-Step Equations,1284,1239,929,1284,0.2624610591900311,0.0957943925233644,0.5264797507788161,"[{""answer_norm"": ""1/8"", ""n"": 493}, {""answer_norm"": ""8"", ""n"": 376}, {""answer_norm"": ""0.125"", ""n"": 140}, {""answer_norm"": "".125"", ""n"": 57}, {""answer_norm"": ""4/32"", ""n"": 38}]",model_dev,
223323,PRABFF3Q,1,Fill-in-the-blank(s),Numeric,Solve the equation. 10 c = 26 c =,Solve the equation. 10 c = 26 c =,2.6,equation_algebra,6.EE.B.7,Write & Solve 1-Step Equations,1288,1243,1128,1288,0.1125776397515528,0.0395962732919254,0.7888198757763976,"[{""answer_norm"": ""2.6"", ""n"": 869}, {""answer_norm"": ""13/5"", ""n"": 67}, {""answer_norm"": ""2 6/10"", ""n"": 53}, {""answer_norm"": ""26/10"", ""n"": 50}, {""answer_norm"": ""16"", ""n"": 39}]",model_dev,
223535,PRABFF38,1,Fill-in-the-blank(s),Numeric,Solve the equation. 26 = 100 d d =,Solve the equation. 26 = 100 d d =,0.26,equation_algebra,6.EE.B.7,Write & Solve 1-Step Equations,1229,1186,1009,1229,0.1659886086248982,0.0561432058584214,0.7168429617575265,"[{""answer_norm"": ""0.26"", ""n"": 488}, {""answer_norm"": "".26"", ""n"": 213}, {""answer_norm"": ""13/50"", ""n"": 148}, {""answer_norm"": ""26/100"", ""n"": 115}, {""answer_norm"": ""2.6"", ""n"": 17}]",model_dev,
225175,PSBBKYY,1,Fill-in-the-blank(s),Numeric,"A state park charges an entrance fee based on the number of people in a vehicle. A car containing 2 people is charged $14, a car containing 4 people is charged $20, and a van containing 8 people is charged $32. How much do you think a bus containing 30 people would be charged? $","A state park charges an entrance fee based on the number of people in a vehicle. A car containing 2 people is charged $14, a car containing 4 people is charged $20, and a van containing 8 people is charged $32. How much do you think a bus containing 30 people would be charged? $",98,ratio_percent,7.RP.A.2a | 7.RP.A.2b,Identify Proportional Relationships | Identify the Constant of Proportionality,171,170,127,171,0.2456140350877192,0.0994152046783625,0.5321637426900585,"[{""answer_norm"": ""98"", ""n"": 96}, {""answer_norm"": ""210"", ""n"": 23}, {""answer_norm"": ""120"", ""n"": 8}, {""answer_norm"": ""60"", ""n"": 5}, {""answer_norm"": ""90"", ""n"": 5}]",model_dev,
225359,PSBBKYY,2,Fill-in-the-blank(s),Numeric,"A state park charges an entrance fee based on the number of people in a vehicle. A car containing 2 people is charged $14, a car containing 4 people is charged $20, and a van containing 8 people is charged $32. If a bus is charged $122, how many people do you think it contains? people","A state park charges an entrance fee based on the number of people in a vehicle. A car containing 2 people is charged $14, a car containing 4 people is charged $20, and a van containing 8 people is charged $32. If a bus is charged $122, how many people do you think it contains? people",38,ratio_percent,7.RP.A.2a | 7.RP.A.2b,Identify Proportional Relationships | Identify the Constant of Proportionality,167,166,127,167,0.2275449101796407,0.0778443113772455,0.6467065868263473,"[{""answer_norm"": ""38"", ""n"": 120}, {""answer_norm"": ""34"", ""n"": 4}, {""answer_norm"": ""54"", ""n"": 4}, {""answer_norm"": ""18"", ""n"": 3}, {""answer_norm"": ""30"", ""n"": 3}]",model_dev,
225403,PSBBKZG,1,Fill-in-the-blank(s),Numeric,"Kiran and his cousin work during the summer for a landscaping company. Kiran's cousin has been working for the company longer, so his pay is 30% more than Kiran's. Last week his cousin worked 27 hours, and Kiran worked 23 hours. Together, they earned $493.85. What is Kiran's hourly pay? $","Kiran and his cousin work during the summer for a landscaping company. Kiran's cousin has been working for the company longer, so his pay is 30% more than Kiran's. Last week his cousin worked 27 hours, and Kiran worked 23 hours. Together, they earned $493.85. What is Kiran's hourly pay? $",8.5,equation_algebra,8.EE.C.8c,Solve Systems of Linear Equations Word Problems,528,525,283,528,0.4412878787878788,0.2537878787878788,0.4810606060606061,"[{""answer_norm"": ""8.50"", ""n"": 225}, {""answer_norm"": ""8.5"", ""n"": 157}, {""answer_norm"": ""1.3"", ""n"": 11}, {""answer_norm"": ""11.28"", ""n"": 8}, {""answer_norm"": ""1"", ""n"": 5}]",model_dev,
225766,PSBBKZ8,1,Fill-in-the-blank(s),Numeric,"A toaster has 4 slots for bread. Once the toaster is warmed up, it takes 35 seconds to make 4 slices of toast, 70 seconds to make 8 slices, and 105 seconds to make 10 slices. How long do you think it will take to make 20 slices? seconds","A toaster has 4 slots for bread. Once the toaster is warmed up, it takes 35 seconds to make 4 slices of toast, 70 seconds to make 8 slices, and 105 seconds to make 10 slices. How long do you think it will take to make 20 slices? seconds",175,ratio_percent,7.RP.A.2a,Identify Proportional Relationships,42,42,31,42,0.2619047619047619,0.0,0.4523809523809524,"[{""answer_norm"": ""175"", ""n"": 24}, {""answer_norm"": ""210"", ""n"": 10}, {""answer_norm"": ""1050"", ""n"": 1}, {""answer_norm"": ""145"", ""n"": 1}, {""answer_norm"": ""180"", ""n"": 1}]",model_dev,
225864,PSBBKZ8,2,Fill-in-the-blank(s),Numeric,"A toaster has 4 slots for bread. Once the toaster is warmed up, it takes 35 seconds to make 4 slices of toast, 70 seconds to make 8 slices, and 105 seconds to make 10 slices. If someone makes as many slices of toast as possible in 4 minutes and 40 seconds, how many slices do think they can make? slices","A toaster has 4 slots for bread. Once the toaster is warmed up, it takes 35 seconds to make 4 slices of toast, 70 seconds to make 8 slices, and 105 seconds to make 10 slices. If someone makes as many slices of toast as possible in 4 minutes and 40 seconds, how many slices do think they can make? slices",32,ratio_percent,7.RP.A.2a,Identify Proportional Relationships,41,41,26,41,0.3658536585365853,0.0,0.5121951219512195,"[{""answer_norm"": ""32"", ""n"": 29}, {""answer_norm"": ""8"", ""n"": 2}, {""answer_norm"": ""100"", ""n"": 1}, {""answer_norm"": ""11"", ""n"": 1}, {""answer_norm"": ""25"", ""n"": 1}]",model_dev,
226035,PSBBK3R,1,Fill-in-the-blank(s),Numeric,"What is the smallest number that has a remainder of 1, 2, and 3 when divided by 2, 3, and 4, respectively?","What is the smallest number that has a remainder of 1, 2, and 3 when divided by 2, 3, and 4, respectively?",11,ratio_percent,7.NS.A.2b,Understand Applied Context for Dividing Rational Numbers,5,5,4,5,0.2,0.0,0.8,"[{""answer_norm"": ""11"", ""n"": 4}, {""answer_norm"": ""47"", ""n"": 1}]",validation,
226452,PSBBK68,2,Fill-in-the-blank(s),Numeric,"Before filling up the pool, it gets lined with a plastic liner. How much liner is needed for this pool if the liner goes up to 4 feet? feet 2","Before filling up the pool, it gets lined with a plastic liner. How much liner is needed for this pool if the liner goes up to 4 feet? feet^(2)",298.3,geometry_measurement,7.G.B.6,"Find Area, Volume & Surface Area of 2D/3D Objects",853,842,493,853,0.4173505275498241,0.208675263774912,0.4618991793669402,"[{""answer_norm"": ""298.3"", ""n"": 511}, {""answer_norm"": ""176.8"", ""n"": 43}, {""answer_norm"": ""419.8"", ""n"": 31}, {""answer_norm"": ""121.5"", ""n"": 24}, {""answer_norm"": ""298"", ""n"": 19}]",model_dev,
226545,PSBBK7H,2,Fill-in-the-blank(s),Numeric,"Solve the system. ( , )","Solve the system. (,)","-6, 4",equation_algebra,8.EE.C.8c,Solve Systems of Linear Equations Word Problems,505,498,224,505,0.5386138613861386,0.3287128712871287,0.3465346534653465,"[{""answer_norm"": ""(4,-6)"", ""n"": 282}, {""answer_norm"": ""(4,6)"", ""n"": 30}, {""answer_norm"": ""(2,4)"", ""n"": 16}, {""answer_norm"": ""4,-6"", ""n"": 8}, {""answer_norm"": ""4"", ""n"": 7}]",test,
227043,PSBBMAE,1,Fill-in-the-blank(s),Numeric,"At the book sale, all books cost less than $5. What is the most expensive a book could be? $","At the book sale, all books cost less than $5. What is the most expensive a book could be? $",4.99,equation_algebra,6.EE.B.8,Write Simple Inequalities to Represent a Condition,1056,1041,810,1055,0.1628787878787878,0.1553030303030303,0.4801136363636363,"[{""answer_norm"": ""4.99"", ""n"": 529}, {""answer_norm"": ""5"", ""n"": 256}, {""answer_norm"": ""4"", ""n"": 164}, {""answer_norm"": ""-5"", ""n"": 14}, {""answer_norm"": ""10"", ""n"": 13}]",model_dev,
227799,PRABEGKP,1,Fill-in-the-blank(s),Numeric,"Solve: y = 6 x - 8 y = - 3 x + 10 ( , )","Solve: y = 6 x - 8 y = - 3 x + 10 (,)","4, 2",equation_algebra,8.EE.C.8b,Solve Systems of Linear Equations Algebraically,497,491,339,497,0.3138832997987927,0.0925553319919517,0.6257545271629779,"[{""answer_norm"": ""(2,4)"", ""n"": 401}, {""answer_norm"": ""2"", ""n"": 8}, {""answer_norm"": ""(2.4)"", ""n"": 4}, {""answer_norm"": ""2,4"", ""n"": 4}, {""answer_norm"": ""(2,4"", ""n"": 3}]",validation,
228118,PSBBMGT,1,Fill-in-the-blank(s),Numeric,"Last Sunday 1,575 people visited the amusement park. 56% of the visitors were adults, 16% were teenagers, and 28% were children ages 12 and under. Find the number of adults that visited the park. adults","Last Sunday 1,575 people visited the amusement park. 56% of the visitors were adults, 16% were teenagers, and 28% were children ages 12 and under. Find the number of adults that visited the park. adults",882,ratio_percent,6.RP.A.3c,Solve Problems Involving Percents,1052,1043,750,1052,0.244296577946768,0.1834600760456273,0.6140684410646388,"[{""answer_norm"": ""882"", ""n"": 781}, {""answer_norm"": ""441"", ""n"": 27}, {""answer_norm"": ""252"", ""n"": 19}, {""answer_norm"": ""56"", ""n"": 14}, {""answer_norm"": ""938"", ""n"": 10}]",model_dev,
228285,PSBBMGT,2,Fill-in-the-blank(s),Numeric,"Last Sunday 1,575 people visited the amusement park. 56% of the visitors were adults, 16% were teenagers, and 28% were children ages 12 and under. Find the number of teenagers that visited the park. teenagers","Last Sunday 1,575 people visited the amusement park. 56% of the visitors were adults, 16% were teenagers, and 28% were children ages 12 and under. Find the number of teenagers that visited the park. teenagers",252,ratio_percent,6.RP.A.3c,Solve Problems Involving Percents,1041,1032,815,1041,0.1844380403458213,0.1536983669548511,0.7243035542747358,"[{""answer_norm"": ""252"", ""n"": 864}, {""answer_norm"": ""441"", ""n"": 24}, {""answer_norm"": ""268"", ""n"": 7}, {""answer_norm"": ""152"", ""n"": 5}, {""answer_norm"": ""16"", ""n"": 5}]",model_dev,
228454,PSBBMGT,3,Fill-in-the-blank(s),Numeric,"Last Sunday 1,575 people visited the amusement park. 56% of the visitors were adults, 16% were teenagers, and 28% were children ages 12 and under. Find the number of children that visited the park. children","Last Sunday 1,575 people visited the amusement park. 56% of the visitors were adults, 16% were teenagers, and 28% were children ages 12 and under. Find the number of children that visited the park. children",441,ratio_percent,6.RP.A.3c,Solve Problems Involving Percents,1040,1031,857,1040,0.1557692307692307,0.1278846153846153,0.7634615384615384,"[{""answer_norm"": ""441"", ""n"": 893}, {""answer_norm"": ""440"", ""n"": 7}, {""answer_norm"": ""441.00"", ""n"": 4}, {""answer_norm"": ""442"", ""n"": 4}, {""answer_norm"": ""446"", ""n"": 4}]",model_dev,
230038,PSBBMT8,1,Fill-in-the-blank(s),Numeric,"In a basketball game, Elena scores twice as many points as Tyler. Tyler scores four points fewer than Noah, and Noah scores three times as many points as Mai. If Mai scores 5 points, how many points did Elena score? points","In a basketball game, Elena scores twice as many points as Tyler. Tyler scores four points fewer than Noah, and Noah scores three times as many points as Mai. If Mai scores 5 points, how many points did Elena score? points",22,ratio_percent,8.EE.C.7b,Solve Multi-Step Linear Equations with Rational Number Coefficients,601,592,543,601,0.0931780366056572,0.0399334442595673,0.848585690515807,"[{""answer_norm"": ""22"", ""n"": 542}, {""answer_norm"": ""2"", ""n"": 8}, {""answer_norm"": ""11"", ""n"": 7}, {""answer_norm"": ""15"", ""n"": 4}, {""answer_norm"": ""38"", ""n"": 4}]",model_dev,
231026,PSBBMYV,2,Fill-in-the-blank(s),Numeric,"A local park is in the shape of a square. A map of the local park is made with the scale 1 inch to 200 feet. If a straight path in the park is 900 feet long, how long would the path be when represented on the map? inches","A local park is in the shape of a square. A map of the local park is made with the scale 1 inch to 200 feet. If a straight path in the park is 900 feet long, how long would the path be when represented on the map? inches",4.5,ratio_percent,7.G.A.1,Solve Scale Drawing Problems,720,684,523,720,0.2694444444444444,0.0416666666666666,0.6111111111111112,"[{""answer_norm"": ""4.5"", ""n"": 430}, {""answer_norm"": ""4 1/2"", ""n"": 65}, {""answer_norm"": ""10800"", ""n"": 28}, {""answer_norm"": ""75"", ""n"": 25}, {""answer_norm"": ""1800"", ""n"": 15}]",model_dev,
231289,PRABECCR,1,Fill-in-the-blank(s),Numeric,"Tyler reads 2 15 of a book on Monday, 1 3 of it on Tuesday, 2 9 of it on Wednesday, and 3 4 of the remainder on Thursday. If he still has 14 pages left to read on Friday, how many pages are there in the book? pages","Tyler reads 2 / 15 of a book on Monday, 1 / 3 of it on Tuesday, 2 / 9 of it on Wednesday, and 3 / 4 of the remainder on Thursday. If he still has 14 pages left to read on Friday, how many pages are there in the book? pages",180,ratio_percent,8.EE.C.7b,Solve Multi-Step Linear Equations with Rational Number Coefficients,480,471,297,480,0.3729166666666667,0.0645833333333333,0.5083333333333333,"[{""answer_norm"": ""180"", ""n"": 325}, {""answer_norm"": ""56"", ""n"": 21}, {""answer_norm"": ""200"", ""n"": 8}, {""answer_norm"": ""15"", ""n"": 6}, {""answer_norm"": ""14"", ""n"": 5}]",model_dev,
231330,PSBBM4Q,1,Fill-in-the-blank(s),Numeric,Find 44% of 625 using the facts that 40% of 625 is 250 and 4% of 625 is 25.,Find 44% of 625 using the facts that 40% of 625 is 250 and 4% of 625 is 25.,275,ratio_percent,6.RP.A.3c,Solve Problems Involving Percents,700,698,551,700,0.2114285714285714,0.1071428571428571,0.6385714285714286,"[{""answer_norm"": ""275"", ""n"": 528}, {""answer_norm"": ""27.5"", ""n"": 102}, {""answer_norm"": ""2.75"", ""n"": 7}, {""answer_norm"": ""650"", ""n"": 7}, {""answer_norm"": ""274"", ""n"": 5}]",validation,
231522,PRABECCS,1,Fill-in-the-blank(s),Numeric,Clare asks Andre to play the following number puzzle: Pick a number Add 2 Multiply by 3 Subtract 7 Add your original number Andre’s final result is 27. Which number did he start with?,Clare asks Andre to play the following number puzzle: Pick a number Add 2 Multiply by 3 Subtract 7 Add your original number Andre’s final result is 27. Which number did he start with?,7,ratio_percent,8.EE.C.7b,Solve Multi-Step Linear Equations with Rational Number Coefficients,604,595,462,604,0.2301324503311258,0.0662251655629139,0.6672185430463576,"[{""answer_norm"": ""7"", ""n"": 454}, {""answer_norm"": ""14"", ""n"": 17}, {""answer_norm"": ""3"", ""n"": 10}, {""answer_norm"": ""6"", ""n"": 9}, {""answer_norm"": ""28"", ""n"": 8}]",validation,
231535,PSBBM4Q,2,Fill-in-the-blank(s),Numeric,What is 4.4% of 625?,What is 4.4% of 625?,27.5,ratio_percent,6.RP.A.3c,Solve Problems Involving Percents,700,698,595,700,0.15,0.0428571428571428,0.7414285714285714,"[{""answer_norm"": ""27.5"", ""n"": 585}, {""answer_norm"": ""2.75"", ""n"": 52}, {""answer_norm"": ""275"", ""n"": 7}, {""answer_norm"": ""26"", ""n"": 5}, {""answer_norm"": ""25.25"", ""n"": 4}]",validation,
231607,PSBBM3M,1,Fill-in-the-blank(s),Numeric,What is the last digit of 3 1000 ?,What is the last digit of 3^(1000)?,1,equation_algebra,6.EE.A.1,Write & Evaluate Numerical Expressions with Exponents,32,32,16,32,0.5,0.0,0.3125,"[{""answer_norm"": ""1"", ""n"": 14}, {""answer_norm"": ""0"", ""n"": 8}, {""answer_norm"": ""3000"", ""n"": 3}, {""answer_norm"": ""3"", ""n"": 2}, {""answer_norm"": ""0.333333333"", ""n"": 1}]",model_dev,
231744,PSBBM4Q,3,Fill-in-the-blank(s),Numeric,What is 0.44% of 625?,What is 0.44% of 625?,2.75,ratio_percent,6.RP.A.3c,Solve Problems Involving Percents,697,695,613,697,0.1190817790530846,0.0301291248206599,0.8163558106169297,"[{""answer_norm"": ""2.75"", ""n"": 629}, {""answer_norm"": ""27.5"", ""n"": 11}, {""answer_norm"": ""275"", ""n"": 10}, {""answer_norm"": ""0.275"", ""n"": 5}, {""answer_norm"": "".275"", ""n"": 4}]",validation,
232017,PSBBM79,1,Fill-in-the-blank(s),Algebraic Expression,Priya and Han are biking in the same direction on the same path. Han is riding at a constant speed of 16 miles per hour. Write an expression that shows how many miles Han has gone after t hours. Use t as your variable.,Priya and Han are biking in the same direction on the same path. Han is riding at a constant speed of 16 miles per hour. Write an expression that shows how many miles Han has gone after t hours. Use t as your variable.,16t,equation_algebra,8.EE.C.8c,Solve Systems of Linear Equations Word Problems,710,698,539,710,0.2380281690140845,0.0422535211267605,0.6915492957746479,"[{""answer_norm"": ""16t"", ""n"": 598}, {""answer_norm"": ""16"", ""n"": 11}, {""answer_norm"": ""16+t"", ""n"": 6}, {""answer_norm"": ""t+0.5"", ""n"": 5}, {""answer_norm"": ""t16"", ""n"": 5}]",model_dev,
232208,PSBBM79,2,Fill-in-the-blank(s),Algebraic Expression,"Priya started riding a half hour before Han. If Han has been riding for t hours, how long has Priya been riding? hours Use t as your variable.","Priya started riding a half hour before Han. If Han has been riding for t hours, how long has Priya been riding? hours Use t as your variable.",t+1/2,equation_algebra,8.EE.C.8c,Solve Systems of Linear Equations Word Problems,708,697,340,708,0.5141242937853108,0.1313559322033898,0.3644067796610169,"[{""answer_norm"": ""t+1/2"", ""n"": 252}, {""answer_norm"": ""t+0.5"", ""n"": 39}, {""answer_norm"": ""t+30"", ""n"": 29}, {""answer_norm"": ""8t"", ""n"": 28}, {""answer_norm"": ""t+.5"", ""n"": 27}]",model_dev,
232362,PSBBM79,3,Fill-in-the-blank(s),Algebraic Expression,Priya is riding at a constant speed of 12 miles per hour. Write an expression that shows how many miles Priya has gone after Han has been riding for t hours. Use t as your variable.,Priya is riding at a constant speed of 12 miles per hour. Write an expression that shows how many miles Priya has gone after Han has been riding for t hours. Use t as your variable.,12(1/2+t),equation_algebra,8.EE.C.8c,Solve Systems of Linear Equations Word Problems,697,687,318,697,0.5380200860832137,0.1133428981348637,0.3500717360114778,"[{""answer_norm"": ""12(t+1/2)"", ""n"": 274}, {""answer_norm"": ""12t"", ""n"": 130}, {""answer_norm"": ""12t+1/2"", ""n"": 32}, {""answer_norm"": ""12t+6"", ""n"": 21}, {""answer_norm"": ""12(t+(1/2))"", ""n"": 17}]",model_dev,
232533,PSBBM79,4,Fill-in-the-blank(s),Numeric,Use your expressions to find when Han and Priya meet. t = hours,Use your expressions to find when Han and Priya meet. t = hours,2-Mar,equation_algebra,8.EE.C.8c,Solve Systems of Linear Equations Word Problems,684,675,401,684,0.3991228070175439,0.1578947368421052,0.5190058479532164,"[{""answer_norm"": ""3/2"", ""n"": 248}, {""answer_norm"": ""1.5"", ""n"": 190}, {""answer_norm"": ""1 1/2"", ""n"": 33}, {""answer_norm"": ""2"", ""n"": 33}, {""answer_norm"": ""6/4"", ""n"": 23}]",model_dev,
232655,PSBBNBQ,1,Fill-in-the-blank(s),Numeric,A 200 pound person weighs 33 pounds on the moon. How much did the person's weight decrease? pounds,A 200 pound person weighs 33 pounds on the moon. How much did the person's weight decrease? pounds,167,ratio_percent,7.RP.A.3,Use Proportional Relationships to Solve Ratio & Percent Problems,1079,1067,823,1079,0.2344763670064875,0.1056533827618165,0.6506024096385542,"[{""answer_norm"": ""167"", ""n"": 795}, {""answer_norm"": ""83.5"", ""n"": 54}, {""answer_norm"": ""177"", ""n"": 42}, {""answer_norm"": ""16.5"", ""n"": 24}, {""answer_norm"": ""84"", ""n"": 16}]",validation,
233319,PSBBNC8,1,Fill-in-the-blank(s),Algebraic Expression,"A cone has a volume V , radius r , and a height of 12 cm. A cone has the same height and 1 3 of the radius of the original cone. Write an expression for its volume.","A cone has a volume V, radius r, and a height of 12 cm. A cone has the same height and 1 / 3 of the radius of the original cone. Write an expression for its volume.",V/9,equation_algebra,8.G.C.9,Know & Use Volume Formulas,218,217,112,218,0.481651376146789,0.1559633027522936,0.4587155963302752,"[{""answer_norm"": ""v/9"", ""n"": 187}, {""answer_norm"": ""1/9v"", ""n"": 8}, {""answer_norm"": ""9v"", ""n"": 6}, {""answer_norm"": ""9/v"", ""n"": 5}, {""answer_norm"": ""1/3 v"", ""n"": 1}]",model_dev,
233384,PSBBNDD,1,Fill-in-the-blank(s),Numeric,Solve the equation. 3 d + 16 = - 2 ( 5 − 3 d ) d =,Solve the equation. 3 d + 16 = - 2 (5 - 3 d) d =,26/3,ratio_percent,8.EE.C.7b,Solve Multi-Step Linear Equations with Rational Number Coefficients,657,650,439,657,0.3272450532724505,0.1598173515981735,0.5692541856925418,"[{""answer_norm"": ""26/3"", ""n"": 381}, {""answer_norm"": ""8 2/3"", ""n"": 75}, {""answer_norm"": ""2"", ""n"": 20}, {""answer_norm"": ""1"", ""n"": 8}, {""answer_norm"": ""8.6"", ""n"": 8}]",model_dev,
233520,PSBBNC8,2,Fill-in-the-blank(s),Algebraic Expression,"A cone has a volume V , radius r , and a height of 12 cm. A cone has the same height and 3 times the radius of the original cone. Write an expression for its volume.","A cone has a volume V, radius r, and a height of 12 cm. A cone has the same height and 3 times the radius of the original cone. Write an expression for its volume.",9V,equation_algebra,8.G.C.9,Know & Use Volume Formulas,217,216,126,217,0.4193548387096774,0.0737327188940092,0.511520737327189,"[{""answer_norm"": ""9v"", ""n"": 147}, {""answer_norm"": ""v/27"", ""n"": 15}, {""answer_norm"": ""v/3"", ""n"": 10}, {""answer_norm"": ""v9"", ""n"": 8}, {""answer_norm"": ""9/v"", ""n"": 7}]",model_dev,
233780,PRABEDYA,1,Fill-in-the-blank(s),Numeric,"Cell phone Plan A costs $70 per month and comes with a free $500 phone. Cell phone Plan B costs $50 per month but does not come with a phone. If you buy the $500 phone and choose Plan B, how many months is it until your cost is the same as Plan A's? months","Cell phone Plan A costs $70 per month and comes with a free $500 phone. Cell phone Plan B costs $50 per month but does not come with a phone. If you buy the $500 phone and choose Plan B, how many months is it until your cost is the same as Plan A's? months",25,equation_algebra,8.EE.C.8c,Solve Systems of Linear Equations Word Problems,778,762,513,778,0.313624678663239,0.2185089974293059,0.5912596401028277,"[{""answer_norm"": ""25"", ""n"": 557}, {""answer_norm"": ""10"", ""n"": 23}, {""answer_norm"": ""4"", ""n"": 16}, {""answer_norm"": ""2"", ""n"": 12}, {""answer_norm"": ""20"", ""n"": 12}]",model_dev,
234184,PRABMTPT,1,Fill-in-the-blank(s),Numeric,For what value of x do the expressions 2 3 x + 2 and 4 3 x - 6 have the same value? x =,For what value of x do the expressions 2 / 3 x + 2 and 4 / 3 x - 6 have the same value? x =,12,ratio_percent,8.EE.C.7b,Solve Multi-Step Linear Equations with Rational Number Coefficients,674,663,418,674,0.3560830860534125,0.314540059347181,0.5578635014836796,"[{""answer_norm"": ""12"", ""n"": 508}, {""answer_norm"": ""4"", ""n"": 22}, {""answer_norm"": ""3"", ""n"": 17}, {""answer_norm"": ""1"", ""n"": 13}, {""answer_norm"": ""2"", ""n"": 11}]",model_dev,
235060,PRABET6F,1,Fill-in-the-blank(s),Numeric,A backpack normally costs $25 but it is on sale for $21. What percentage is the discount? %,A backpack normally costs $25 but it is on sale for $21. What percentage is the discount? %,16,ratio_percent,7.RP.A.3,Use Proportional Relationships to Solve Ratio & Percent Problems,1212,1208,923,1212,0.2318481848184818,0.1394389438943894,0.594059405940594,"[{""answer_norm"": ""16"", ""n"": 802}, {""answer_norm"": ""4"", ""n"": 73}, {""answer_norm"": ""84"", ""n"": 69}, {""answer_norm"": ""-4"", ""n"": 28}, {""answer_norm"": ""20"", ""n"": 21}]",model_dev,
236051,PSBBNVA,1,Fill-in-the-blank(s),Numeric,A rocking horse has a weight limit of 60 pounds. What percentage of the weight limit is 33 pounds? %,A rocking horse has a weight limit of 60 pounds. What percentage of the weight limit is 33 pounds? %,55,ratio_percent,6.RP.A.3c,Solve Problems Involving Percents,866,847,620,866,0.2286374133949191,0.2182448036951501,0.5900692840646651,"[{""answer_norm"": ""55"", ""n"": 583}, {""answer_norm"": ""19.8"", ""n"": 40}, {""answer_norm"": ""53"", ""n"": 30}, {""answer_norm"": ""52"", ""n"": 20}, {""answer_norm"": ""51"", ""n"": 13}]",model_dev,
236501,PRABETEZ,1,Fill-in-the-blank(s),Numeric,A restaurant bill is $59 and you pay $72. What percentage gratuity did you pay? % Round to the nearest whole percent.,A restaurant bill is $59 and you pay $72. What percentage gratuity did you pay? % Round to the nearest whole percent.,22,ratio_percent,7.RP.A.3,Use Proportional Relationships to Solve Ratio & Percent Problems,1592,1570,924,1592,0.4089195979899497,0.3033919597989949,0.4302763819095477,"[{""answer_norm"": ""22"", ""n"": 855}, {""answer_norm"": ""13"", ""n"": 102}, {""answer_norm"": ""122"", ""n"": 64}, {""answer_norm"": ""22%"", ""n"": 59}, {""answer_norm"": ""18"", ""n"": 49}]",model_dev,
237164,PSBBN4D,1,Fill-in-the-blank(s),Numeric,Diego has 90 songs on his playlist. How many songs are there for the given genre? 40% rock songs,Diego has 90 songs on his playlist. How many songs are there for the given genre? 40% rock songs,36,ratio_percent,6.RP.A.3c,Solve Problems Involving Percents,899,857,643,899,0.2380422691879866,0.2146829810901001,0.646273637374861,"[{""answer_norm"": ""36"", ""n"": 694}, {""answer_norm"": ""60"", ""n"": 21}, {""answer_norm"": ""50"", ""n"": 20}, {""answer_norm"": ""40"", ""n"": 19}, {""answer_norm"": ""2.25"", ""n"": 11}]",model_dev,
237316,PSBBN4D,2,Fill-in-the-blank(s),Numeric,Diego has 90 songs on his playlist. How many songs are there for the given genre? 10% country songs,Diego has 90 songs on his playlist. How many songs are there for the given genre? 10% country songs,9,ratio_percent,6.RP.A.3c,Solve Problems Involving Percents,895,855,729,895,0.1608938547486033,0.1675977653631284,0.7620111731843575,"[{""answer_norm"": ""9"", ""n"": 776}, {""answer_norm"": ""10"", ""n"": 14}, {""answer_norm"": ""4"", ""n"": 9}, {""answer_norm"": ""6"", ""n"": 8}, {""answer_norm"": ""90"", ""n"": 7}]",model_dev,
237456,PSBBN4D,3,Fill-in-the-blank(s),Numeric,Diego has 90 songs on his playlist. How many songs are there for the given genre? 30% hip-hop songs,Diego has 90 songs on his playlist. How many songs are there for the given genre? 30% hip-hop songs,27,ratio_percent,6.RP.A.3c,Solve Problems Involving Percents,894,854,735,894,0.1610738255033557,0.1510067114093959,0.7606263982102909,"[{""answer_norm"": ""27"", ""n"": 765}, {""answer_norm"": ""30"", ""n"": 24}, {""answer_norm"": ""3"", ""n"": 11}, {""answer_norm"": ""18"", ""n"": 10}, {""answer_norm"": ""29"", ""n"": 10}]",model_dev,
237612,PSBBN4D,4,Fill-in-the-blank(s),Numeric,Diego has 90 songs on his playlist. How many songs are there for the given genre? The rest is electronica. songs,Diego has 90 songs on his playlist. How many songs are there for the given genre? The rest is electronica. songs,18,ratio_percent,6.RP.A.3c,Solve Problems Involving Percents,892,852,662,892,0.2242152466367713,0.2006726457399103,0.6367713004484304,"[{""answer_norm"": ""18"", ""n"": 677}, {""answer_norm"": ""28"", ""n"": 28}, {""answer_norm"": ""72"", ""n"": 24}, {""answer_norm"": ""9"", ""n"": 24}, {""answer_norm"": ""20"", ""n"": 20}]",model_dev,
237868,PSBBN69,1,Fill-in-the-blank(s),Numeric,A garden hose emits 9 quarts of water in 6 seconds. At this rate: How long will it take the hose to emit 12 quarts? seconds,A garden hose emits 9 quarts of water in 6 seconds. At this rate: How long will it take the hose to emit 12 quarts? seconds,8,ratio_percent,6.RP.A.3b,Solve Unit Rate Problems,770,729,532,770,0.2649350649350649,0.161038961038961,0.561038961038961,"[{""answer_norm"": ""8"", ""n"": 534}, {""answer_norm"": ""18"", ""n"": 85}, {""answer_norm"": ""9"", ""n"": 39}, {""answer_norm"": ""15"", ""n"": 7}, {""answer_norm"": ""2"", ""n"": 7}]",model_dev,
238057,PRABKC8H,1,Fill-in-the-blank(s),Numeric,Write (5.64) · 10 -7 as a decimal.,Write (5.64) * 10^(-7) as a decimal.,0.000000564,decimal,8.EE.A.3,Expressing Quantities in Scientific Notation,103,101,69,103,0.3300970873786408,0.058252427184466,0.6310679611650486,"[{""answer_norm"": ""0.000000564"", ""n"": 56}, {""answer_norm"": "".000000564"", ""n"": 10}, {""answer_norm"": "".0000000564"", ""n"": 7}, {""answer_norm"": ""0.0000000564"", ""n"": 6}, {""answer_norm"": ""5.64"", ""n"": 3}]",model_dev,
238060,PSBBN6Q,2,Fill-in-the-blank(s),Numeric,Find the distance between C and D . units,Find the distance between C and D. units,5,equation_algebra,6.NS.C.8,Solve Real-World Problems by Graphing on a Coordinate Plane,26,26,17,26,0.3461538461538461,0.3076923076923077,0.3076923076923077,"[{""answer_norm"": ""5"", ""n"": 12}, {""answer_norm"": ""6"", ""n"": 6}, {""answer_norm"": ""3"", ""n"": 2}, {""answer_norm"": ""+0.5"", ""n"": 1}, {""answer_norm"": ""-1"", ""n"": 1}]",model_dev,
238070,PSBBN69,2,Fill-in-the-blank(s),Numeric,A garden hose emits 9 quarts of water in 6 seconds. At this rate: How much water does the hose emit in 10 seconds? quarts,A garden hose emits 9 quarts of water in 6 seconds. At this rate: How much water does the hose emit in 10 seconds? quarts,15,ratio_percent,6.RP.A.3b,Solve Unit Rate Problems,770,730,534,770,0.2545454545454545,0.1532467532467532,0.6077922077922078,"[{""answer_norm"": ""15"", ""n"": 575}, {""answer_norm"": ""14"", ""n"": 19}, {""answer_norm"": ""12"", ""n"": 15}, {""answer_norm"": ""7"", ""n"": 15}, {""answer_norm"": ""10"", ""n"": 9}]",model_dev,
238173,PRABG4SB,1,Fill-in-the-blank(s),Numeric,"A company claims that their new bottle holds 25% more laundry soap. If their original container held 53 fluid ounces of soap, how much does the new container hold? fluid ounces","A company claims that their new bottle holds 25% more laundry soap. If their original container held 53 fluid ounces of soap, how much does the new container hold? fluid ounces",66.25,ratio_percent,7.RP.A.3,Use Proportional Relationships to Solve Ratio & Percent Problems,728,700,519,728,0.2843406593406593,0.0453296703296703,0.6043956043956044,"[{""answer_norm"": ""66.25"", ""n"": 507}, {""answer_norm"": ""13.25"", ""n"": 41}, {""answer_norm"": ""78"", ""n"": 14}, {""answer_norm"": ""66"", ""n"": 13}, {""answer_norm"": ""28"", ""n"": 9}]",model_dev,
238558,PSBBN93,1,Fill-in-the-blank(s),Numeric,15 is what percentage of 30? %,15 is what percentage of 30? %,50,ratio_percent,6.RP.A.3c,Solve Problems Involving Percents,470,467,413,470,0.1191489361702127,0.0638297872340425,0.7404255319148936,"[{""answer_norm"": ""50"", ""n"": 368}, {""answer_norm"": ""2"", ""n"": 21}, {""answer_norm"": ""50%"", ""n"": 16}, {""answer_norm"": ""1/2"", ""n"": 15}, {""answer_norm"": ""4.5"", ""n"": 12}]",test,
238849,PSBBPBT,1,Fill-in-the-blank(s),Numeric,What is the least common multiple of 6 and 9?,What is the least common multiple of 6 and 9?,18,other,6.NS.B.4,Find Common Factors & Multiples,169,166,144,169,0.136094674556213,0.029585798816568,0.5857988165680473,"[{""answer_norm"": ""18"", ""n"": 101}, {""answer_norm"": ""3"", ""n"": 21}, {""answer_norm"": ""36"", ""n"": 15}, {""answer_norm"": ""1"", ""n"": 13}, {""answer_norm"": ""54"", ""n"": 7}]",model_dev,
238851,PSBBPBW,1,Fill-in-the-blank(s),Numeric,3 is what percentage of 12? %,3 is what percentage of 12? %,25,ratio_percent,6.RP.A.3c,Solve Problems Involving Percents,444,442,364,444,0.1711711711711711,0.1103603603603603,0.6418918918918919,"[{""answer_norm"": ""25"", ""n"": 297}, {""answer_norm"": ""4"", ""n"": 61}, {""answer_norm"": ""40"", ""n"": 23}, {""answer_norm"": ""1/4"", ""n"": 12}, {""answer_norm"": ""75"", ""n"": 9}]",model_dev,
239163,PSBBPDJ,1,Fill-in-the-blank(s),Numeric,6 is what percentage of 10? %,6 is what percentage of 10? %,60,ratio_percent,6.RP.A.3c,Solve Problems Involving Percents,428,425,369,428,0.1331775700934579,0.1214953271028037,0.7686915887850467,"[{""answer_norm"": ""60"", ""n"": 348}, {""answer_norm"": ""75"", ""n"": 25}, {""answer_norm"": ""0.6"", ""n"": 6}, {""answer_norm"": ""6"", ""n"": 6}, {""answer_norm"": ""25"", ""n"": 5}]",model_dev,
241877,PSBBPW6,1,Fill-in-the-blank(s),Numeric,A worker is tiling the floor of a rectangular room that is 12 feet by 15 feet. The tiles are square with side lengths 1 1 3 feet. How many tiles are needed to cover the entire floor? tiles,A worker is tiling the floor of a rectangular room that is 12 feet by 15 feet. The tiles are square with side lengths 1 1 / 3 feet. How many tiles are needed to cover the entire floor? tiles,"102, 101 1/4",fraction,6.NS.A.1,Interpret & Compute using Division of Fractions,1047,1017,530,1047,0.4555873925501432,0.4660936007640878,0.3409742120343839,"[{""answer_norm"": ""102"", ""n"": 253}, {""answer_norm"": ""135"", ""n"": 179}, {""answer_norm"": ""101 1/4"", ""n"": 164}, {""answer_norm"": ""180"", ""n"": 36}, {""answer_norm"": ""9"", ""n"": 30}]",model_dev,
242315,PSBBPYX,2,Fill-in-the-blank(s),Numeric,The area of a rectangle is 17 1 2 in 2 and its shorter side is 3 1 2 in. What is the length of the longer side? in,The area of a rectangle is 17 1 / 2 in^(2) and its shorter side is 3 1 / 2 in. What is the length of the longer side? in,5,fraction,6.NS.A.1,Interpret & Compute using Division of Fractions,870,841,650,870,0.228735632183908,0.1724137931034483,0.6620689655172414,"[{""answer_norm"": ""5"", ""n"": 636}, {""answer_norm"": ""17 1/2"", ""n"": 34}, {""answer_norm"": ""70/14"", ""n"": 21}, {""answer_norm"": ""3 1/2"", ""n"": 14}, {""answer_norm"": ""4 6/7"", ""n"": 8}]",model_dev,
242498,PSBBP4N,1,Fill-in-the-blank(s),Numeric,A bookshelf is 42 inches long. How many books of length 1 1 2 inches will fit on the bookshelf? books,A bookshelf is 42 inches long. How many books of length 1 1 / 2 inches will fit on the bookshelf? books,28,fraction,6.NS.A.1,Interpret & Compute using Division of Fractions,654,620,501,654,0.1896024464831804,0.1651376146788991,0.6819571865443425,"[{""answer_norm"": ""28"", ""n"": 478}, {""answer_norm"": ""84/3"", ""n"": 30}, {""answer_norm"": ""63"", ""n"": 25}, {""answer_norm"": ""14"", ""n"": 15}, {""answer_norm"": ""33"", ""n"": 9}]",model_dev,
242585,PSBBP38,1,Fill-in-the-blank(s),Numeric,The wheels on Noah's bike have a circumference of about 5 feet. How far does the bike travel as the wheel makes 15 complete rotations? feet,The wheels on Noah's bike have a circumference of about 5 feet. How far does the bike travel as the wheel makes 15 complete rotations? feet,75,equation_algebra,7.G.B.4,Solve Problems Involving Area & Circumference of Circles,291,281,209,291,0.281786941580756,0.0171821305841924,0.6116838487972509,"[{""answer_norm"": ""75"", ""n"": 209}, {""answer_norm"": ""3"", ""n"": 35}, {""answer_norm"": ""235.5"", ""n"": 8}, {""answer_norm"": ""235"", ""n"": 3}, {""answer_norm"": ""47"", ""n"": 3}]",model_dev,
242767,PSBBP4N,3,Fill-in-the-blank(s),Numeric,A bookcase has 5 of these bookshelves. How many feet of shelf space is there? feet,A bookcase has 5 of these bookshelves. How many feet of shelf space is there? feet,17 1/2,fraction,6.NS.A.1,Interpret & Compute using Division of Fractions,649,616,327,649,0.4191063174114021,0.4036979969183359,0.3389830508474576,"[{""answer_norm"": ""17 1/2"", ""n"": 184}, {""answer_norm"": ""17.5"", ""n"": 103}, {""answer_norm"": ""210"", ""n"": 98}, {""answer_norm"": ""140"", ""n"": 73}, {""answer_norm"": ""8.4"", ""n"": 11}]",model_dev,
242782,PSBBP38,2,Fill-in-the-blank(s),Numeric,How many times do the wheels rotate if Noah rides 40 feet? rotations,How many times do the wheels rotate if Noah rides 40 feet? rotations,8,equation_algebra,7.G.B.4,Solve Problems Involving Area & Circumference of Circles,288,278,187,288,0.3472222222222222,0.0625,0.4965277777777778,"[{""answer_norm"": ""8"", ""n"": 169}, {""answer_norm"": ""200"", ""n"": 53}, {""answer_norm"": ""600"", ""n"": 18}, {""answer_norm"": ""3000"", ""n"": 5}, {""answer_norm"": ""120"", ""n"": 4}]",model_dev,
243107,PSBBP6G,1,Fill-in-the-blank(s),Numeric,Find the value of 5 32 ÷ 25 4 .,Find the value of 5 / 32 / 25 / 4.,Jan-40,fraction,6.NS.A.1,Interpret & Compute using Division of Fractions,1010,965,784,1010,0.2039603960396039,0.1673267326732673,0.6386138613861386,"[{""answer_norm"": ""1/40"", ""n"": 559}, {""answer_norm"": ""20/800"", ""n"": 84}, {""answer_norm"": ""40"", ""n"": 61}, {""answer_norm"": ""0.025"", ""n"": 36}, {""answer_norm"": ""5/200"", ""n"": 18}]",test,
243402,PSBBP9C,1,Fill-in-the-blank(s),Numeric,How many groups of 1 2 3 are in 1 5 6 ? groups,How many groups of 1 2 / 3 are in 1 5 / 6? groups,10-Nov,fraction,6.NS.A.1,Interpret & Compute using Division of Fractions,637,603,348,637,0.3971742543171114,0.2527472527472527,0.4301412872841444,"[{""answer_norm"": ""1 1/10"", ""n"": 214}, {""answer_norm"": ""11/10"", ""n"": 76}, {""answer_norm"": ""1"", ""n"": 59}, {""answer_norm"": ""1.1"", ""n"": 29}, {""answer_norm"": ""33/30"", ""n"": 29}]",test,
243534,PSBBP9C,2,Fill-in-the-blank(s),Numeric,How many groups of 1 2 3 are in 4 1 3 ? groups,How many groups of 1 2 / 3 are in 4 1 / 3? groups,2 3/5,fraction,6.NS.A.1,Interpret & Compute using Division of Fractions,631,597,384,631,0.3534072900158478,0.259904912836767,0.5071315372424723,"[{""answer_norm"": ""2 3/5"", ""n"": 249}, {""answer_norm"": ""13/5"", ""n"": 58}, {""answer_norm"": ""39/15"", ""n"": 44}, {""answer_norm"": ""2.6"", ""n"": 32}, {""answer_norm"": ""2 9/15"", ""n"": 22}]",test,
243693,PSBBP9C,3,Fill-in-the-blank(s),Numeric,How many groups of 1 2 3 are in 5 6 ? groups,How many groups of 1 2 / 3 are in 5 / 6? groups,2-Jan,fraction,6.NS.A.1,Interpret & Compute using Division of Fractions,631,597,422,631,0.3026941362916006,0.2139461172741679,0.595879556259905,"[{""answer_norm"": ""1/2"", ""n"": 417}, {""answer_norm"": ""2"", ""n"": 38}, {""answer_norm"": ""15/30"", ""n"": 28}, {""answer_norm"": ""0.5"", ""n"": 23}, {""answer_norm"": "".5"", ""n"": 13}]",test,
244242,PSBBQEE,2,Fill-in-the-blank(s),Algebraic Expression,"""Pick a number, add -2, and multiply by 5."" What would be a correct expression for this number puzzle?","""Pick a number, add -2, and multiply by 5."" What would be a correct expression for this number puzzle?",5(x-2),equation_algebra,6.EE.B.6,Write Expressions with Variables to Solve Problems,1149,1149,594,1149,0.4751958224543081,0.2854656222802437,0.4186248912097476,"[{""answer_norm"": ""5(x-2)"", ""n"": 303}, {""answer_norm"": ""5x-10"", ""n"": 175}, {""answer_norm"": ""5(x+-2)"", ""n"": 41}, {""answer_norm"": ""(x-2)5"", ""n"": 38}, {""answer_norm"": ""(x+-2)5"", ""n"": 28}]",model_dev,
244865,PSBBQGY,2,Fill-in-the-blank(s),Numeric,What is the volume of the other piece not pictured? in 3,What is the volume of the other piece not pictured? in^(3),300,geometry_measurement,7.G.B.6,"Find Area, Volume & Surface Area of 2D/3D Objects",1024,1010,601,1024,0.4013671875,0.19921875,0.4736328125,"[{""answer_norm"": ""300"", ""n"": 651}, {""answer_norm"": ""650"", ""n"": 69}, {""answer_norm"": ""350"", ""n"": 66}, {""answer_norm"": ""50"", ""n"": 34}, {""answer_norm"": ""10"", ""n"": 20}]",model_dev,
244895,PSBBQN7,1,Fill-in-the-blank(s),Numeric,"Today, everything at a store is on sale. The store offers a 20% discount off the regular price. The regular price of a T-shirt is $18. What is the discount price? $","Today, everything at a store is on sale. The store offers a 20% discount off the regular price. The regular price of a T-shirt is $18. What is the discount price? $",14.4,ratio_percent,7.RP.A.3 | 7.EE.B.3,Use Proportional Relationships to Solve Ratio & Percent Problems | Solve Applied Problems Using Numerical and Algebraic Expressions and Equations,387,317,348,387,0.1007751937984496,0.0,0.5891472868217055,"[{""answer_norm"": ""14.4"", ""n"": 125}, {""answer_norm"": ""14.40"", ""n"": 114}, {""answer_norm"": ""3.6"", ""n"": 49}, {""answer_norm"": ""3.60"", ""n"": 22}, {""answer_norm"": ""15"", ""n"": 6}]",model_dev,
245814,PSBBQP6,1,Fill-in-the-blank(s),Numeric,Solve this equation: 3 x - 5 = 9 x + 4 . x =,Solve this equation: 3^(x - 5) = 9^(x + 4). x =,-13,equation_algebra,8.EE.A.1,Know & Apply Properties of Exponents,1,1,0,1,1.0,0.0,0.0,"[{""answer_norm"": ""-13"", ""n"": 1}]",model_dev,
245930,PSBBQRZ,1,Fill-in-the-blank(s),Numeric,"Lin’s father is paying for a $20 meal. He has a 15%-off coupon for the meal. After the discount, a 7% sales tax is applied. What does Lin’s father pay for the meal? $","Lin’s father is paying for a $20 meal. He has a 15%-off coupon for the meal. After the discount, a 7% sales tax is applied. What does Lin’s father pay for the meal? $",18.19,ratio_percent,7.RP.A.3,Use Proportional Relationships to Solve Ratio & Percent Problems,380,316,331,380,0.1289473684210526,0.0,0.5078947368421053,"[{""answer_norm"": ""18.19"", ""n"": 210}, {""answer_norm"": ""17"", ""n"": 15}, {""answer_norm"": ""18.4"", ""n"": 13}, {""answer_norm"": ""18.40"", ""n"": 10}, {""answer_norm"": ""15.81"", ""n"": 9}]",model_dev,
246376,PSBBQXP,1,Fill-in-the-blank(s),Numeric,"Tyler’s brother works in a shoe store. Tyler’s brother earns a commission. He makes 2.5% of the amount he sells. Last week, he sold $900 worth of shoes. How much was his commission? $","Tyler’s brother works in a shoe store. Tyler’s brother earns a commission. He makes 2.5% of the amount he sells. Last week, he sold $900 worth of shoes. How much was his commission? $",22.5,ratio_percent,7.RP.A.3 | 7.EE.B.3,Use Proportional Relationships to Solve Ratio & Percent Problems | Solve Applied Problems Using Numerical and Algebraic Expressions and Equations,378,315,345,378,0.0873015873015873,0.0,0.6507936507936508,"[{""answer_norm"": ""22.5"", ""n"": 150}, {""answer_norm"": ""22.50"", ""n"": 109}, {""answer_norm"": ""360"", ""n"": 13}, {""answer_norm"": ""12.60"", ""n"": 9}, {""answer_norm"": ""877.5"", ""n"": 9}]",test,
246686,PSBBQXP,2,Fill-in-the-blank(s),Numeric,The store bought a pair of shoes for $50 and sold it for $80. What percentage was the markup? %,The store bought a pair of shoes for $50 and sold it for $80. What percentage was the markup? %,60,ratio_percent,7.RP.A.3 | 7.EE.B.3,Use Proportional Relationships to Solve Ratio & Percent Problems | Solve Applied Problems Using Numerical and Algebraic Expressions and Equations,377,315,329,377,0.1273209549071618,0.0,0.4403183023872679,"[{""answer_norm"": ""60"", ""n"": 183}, {""answer_norm"": ""30"", ""n"": 24}, {""answer_norm"": ""40"", ""n"": 18}, {""answer_norm"": ""37.5"", ""n"": 15}, {""answer_norm"": ""60%"", ""n"": 12}]",test,
246966,PSBBQXP,3,Fill-in-the-blank(s),Numeric,"Tyler’s brother earns $12 per hour. The store offers him a raise—a 5% increase per hour. After the raise, how much will Tyler’s brother make per hour? $","Tyler’s brother earns $12 per hour. The store offers him a raise-a 5% increase per hour. After the raise, how much will Tyler’s brother make per hour? $",12.6,ratio_percent,7.RP.A.3 | 7.EE.B.3,Use Proportional Relationships to Solve Ratio & Percent Problems | Solve Applied Problems Using Numerical and Algebraic Expressions and Equations,377,315,343,377,0.0901856763925729,0.0,0.6737400530503979,"[{""answer_norm"": ""12.6"", ""n"": 137}, {""answer_norm"": ""12.60"", ""n"": 131}, {""answer_norm"": ""0.6"", ""n"": 15}, {""answer_norm"": ""18"", ""n"": 13}, {""answer_norm"": ""60"", ""n"": 12}]",test,
247252,PRABEUPW,1,Fill-in-the-blank(s),Numeric,Two angles are complementary. One has a measure of 19 degrees. What is the measure of the other? degrees,Two angles are complementary. One has a measure of 19 degrees. What is the measure of the other? degrees,71,equation_algebra,7.G.B.5,Use Facts About Angles to Write & Solve Equations,1394,1376,1140,1394,0.1685796269727403,0.1233859397417503,0.7008608321377331,"[{""answer_norm"": ""71"", ""n"": 1085}, {""answer_norm"": ""161"", ""n"": 68}, {""answer_norm"": ""19"", ""n"": 65}, {""answer_norm"": ""90"", ""n"": 28}, {""answer_norm"": ""60"", ""n"": 19}]",model_dev,
247357,PRABE6XQ,1,Fill-in-the-blank(s),Numeric,A square has side length 4 cm. What is its area? square centimeters,A square has side length 4 cm. What is its area? square centimeters,16,equation_algebra,6.EE.A.1,Write & Evaluate Numerical Expressions with Exponents,998,974,824,998,0.1492985971943888,0.0611222444889779,0.6983967935871743,"[{""answer_norm"": ""16"", ""n"": 751}, {""answer_norm"": ""64"", ""n"": 79}, {""answer_norm"": ""8"", ""n"": 64}, {""answer_norm"": ""4"", ""n"": 18}, {""answer_norm"": ""12"", ""n"": 14}]",test,
247607,PRABEUPZ,1,Fill-in-the-blank(s),Algebraic Expression,Clare paid 50% more for her notebook than Priya paid for hers. Priya paid x for her notebook and Clare paid y dollars for hers. Write an equation that represents the relationship between y and x . y = Use x as your variable.,Clare paid 50% more for her notebook than Priya paid for hers. Priya paid x for her notebook and Clare paid y dollars for hers. Write an equation that represents the relationship between y and x. y = Use x as your variable.,"3/2x, 1.5x",ratio_percent,7.RP.A.2c,Represent Proportional Relationships with Equations,824,812,494,824,0.3919902912621359,0.2402912621359223,0.4939320388349514,"[{""answer_norm"": ""1.5x"", ""n"": 506}, {""answer_norm"": ""1.5"", ""n"": 29}, {""answer_norm"": ""1.50x"", ""n"": 27}, {""answer_norm"": ""50x"", ""n"": 23}, {""answer_norm"": ""0.5x"", ""n"": 14}]",model_dev,
247608,PRABFFX3,1,Fill-in-the-blank(s),Numeric,The area of a square is 49 m 2 . What is its side length? meters,The area of a square is 49 m^(2). What is its side length? meters,7,equation_algebra,6.EE.A.1,Write & Evaluate Numerical Expressions with Exponents,980,958,734,980,0.2336734693877551,0.0846938775510204,0.6663265306122449,"[{""answer_norm"": ""7"", ""n"": 743}, {""answer_norm"": ""49"", ""n"": 47}, {""answer_norm"": ""24.5"", ""n"": 37}, {""answer_norm"": ""2401"", ""n"": 21}, {""answer_norm"": ""98"", ""n"": 18}]",model_dev,
247781,PRABFFX4,1,Fill-in-the-blank(s),Numeric,A cube has an edge length of 3 in. What is its volume? cubic inches,A cube has an edge length of 3 in. What is its volume? cubic inches,27,equation_algebra,6.EE.A.1,Write & Evaluate Numerical Expressions with Exponents,964,942,734,964,0.220954356846473,0.0757261410788381,0.6286307053941909,"[{""answer_norm"": ""27"", ""n"": 659}, {""answer_norm"": ""9"", ""n"": 170}, {""answer_norm"": ""3"", ""n"": 27}, {""answer_norm"": ""12"", ""n"": 24}, {""answer_norm"": ""6"", ""n"": 20}]",model_dev,
248217,PRABEAH2,1,Fill-in-the-blank(s),Numeric,For what value of x do the expressions 2 x + 3 and 3 x - 6 have the same value? x =,For what value of x do the expressions 2 x + 3 and 3 x - 6 have the same value? x =,9,ratio_percent,8.EE.C.7b,Solve Multi-Step Linear Equations with Rational Number Coefficients,687,665,496,687,0.2751091703056768,0.1470160116448326,0.6593886462882096,"[{""answer_norm"": ""9"", ""n"": 575}, {""answer_norm"": ""3"", ""n"": 24}, {""answer_norm"": ""2"", ""n"": 14}, {""answer_norm"": ""-9"", ""n"": 8}, {""answer_norm"": ""0"", ""n"": 8}]",model_dev,
249173,PSBBRCB,2,Fill-in-the-blank(s),Numeric,"If segment AB measures 2 cm, how long is segment A'B' ? cm","If segment AB measures 2 cm, how long is segment A'B'? cm",2,geometry_measurement,8.G.A.1b,Apply the Properties of Transformations to Angles,291,290,268,291,0.0756013745704467,0.0171821305841924,0.872852233676976,"[{""answer_norm"": ""2"", ""n"": 274}, {""answer_norm"": ""4"", ""n"": 9}, {""answer_norm"": ""1"", ""n"": 2}, {""answer_norm"": ""2 cm"", ""n"": 2}, {""answer_norm"": ""-2"", ""n"": 1}]",model_dev,
249867,PSBBRFG,3,Fill-in-the-blank(s),Numeric,Calculate the sum vertically. 0 . 137 + 0 . 284 .,Calculate the sum vertically. 0.137 + 0.284.,0.421,decimal,6.NS.B.3,"Add, Subtract, Multiply & Divide Multi-Digit Decimals",197,197,188,197,0.0456852791878172,0.0203045685279187,0.9086294416243654,"[{""answer_norm"": ""0.421"", ""n"": 147}, {""answer_norm"": "".421"", ""n"": 38}, {""answer_norm"": ""421"", ""n"": 4}, {""answer_norm"": "".423"", ""n"": 1}, {""answer_norm"": "".821"", ""n"": 1}]",model_dev,
251426,PSBBRRC,1,Fill-in-the-blank(s),Numeric,"Tyler's mom purchased a savings bond for Tyler. The value of the savings bond increases by 4% each year. One year after it was purchased, the value of the savings bond was $156. Find the value of the bond when Tyler's mom purchased it. $","Tyler's mom purchased a savings bond for Tyler. The value of the savings bond increases by 4% each year. One year after it was purchased, the value of the savings bond was $156. Find the value of the bond when Tyler's mom purchased it. $",150,ratio_percent,7.RP.A.3,Use Proportional Relationships to Solve Ratio & Percent Problems,603,585,321,603,0.4676616915422885,0.0646766169154228,0.3714759535655058,"[{""answer_norm"": ""150"", ""n"": 287}, {""answer_norm"": ""149.76"", ""n"": 86}, {""answer_norm"": ""162.24"", ""n"": 36}, {""answer_norm"": ""39"", ""n"": 22}, {""answer_norm"": ""6.24"", ""n"": 17}]",model_dev,
251741,PSBBRR7,2,Fill-in-the-blank(s),Numeric,"After dumping the wet concrete, you notice that a thin film is left on the inside of the tray. What is the area of the concrete coating the tray? (Remember, there is no top.) cm 2","After dumping the wet concrete, you notice that a thin film is left on the inside of the tray. What is the area of the concrete coating the tray? (Remember, there is no top.) cm^(2)",26370,geometry_measurement,7.G.B.6,"Find Area, Volume & Surface Area of 2D/3D Objects",75,74,62,75,0.1733333333333333,0.04,0.5466666666666666,"[{""answer_norm"": ""26370"", ""n"": 42}, {""answer_norm"": ""26,370"", ""n"": 5}, {""answer_norm"": ""11880"", ""n"": 3}, {""answer_norm"": ""14490"", ""n"": 2}, {""answer_norm"": ""26170"", ""n"": 2}]",model_dev,
252066,PSBBRUJ,1,Fill-in-the-blank(s),Numeric,"Last week, the daily low temperatures for a city, in degrees Celsius, were 5, 8, 6, 5, 10, 7, and 1. What was the average low temperature? ° C","Last week, the daily low temperatures for a city, in degrees Celsius, were 5, 8, 6, 5, 10, 7, and 1. What was the average low temperature? ° C",6,statistics_probability,6.SP.B.5c,Give & Describe Quantitative Measures of Center & Variability,105,105,87,105,0.1714285714285714,0.0,0.638095238095238,"[{""answer_norm"": ""6"", ""n"": 71}, {""answer_norm"": ""5"", ""n"": 16}, {""answer_norm"": ""1"", ""n"": 5}, {""answer_norm"": ""7"", ""n"": 5}, {""answer_norm"": ""42"", ""n"": 2}]",model_dev,
252396,PSBBRWG,1,Fill-in-the-blank(s),Numeric,"The mean of four numbers is 7. Three of the numbers are 5, 7, and 7. What is the fourth number?","The mean of four numbers is 7. Three of the numbers are 5, 7, and 7. What is the fourth number?",9,statistics_probability,6.SP.B.5c,Give & Describe Quantitative Measures of Center & Variability,102,102,79,102,0.2254901960784313,0.0196078431372549,0.6274509803921569,"[{""answer_norm"": ""9"", ""n"": 69}, {""answer_norm"": ""7"", ""n"": 7}, {""answer_norm"": ""2"", ""n"": 5}, {""answer_norm"": ""8"", ""n"": 5}, {""answer_norm"": ""5"", ""n"": 4}]",model_dev,
254190,PSBBSCK,1,Fill-in-the-blank(s),Numeric,Evaluate the expression. 16 - 2 . 2,Evaluate the expression. 16 - 2.2,13.8,ratio_percent,5.NBT.B.7,Compute Decimal Problems Involving All 4 Operations,5,5,5,5,0.0,0.0,0.8,"[{""answer_norm"": ""13.8"", ""n"": 4}, {""answer_norm"": ""15.8"", ""n"": 1}]",validation,
254319,PSBBSCK,2,Fill-in-the-blank(s),Numeric,Evaluate the expression. 3 - 0 . 26,Evaluate the expression. 3 - 0.26,2.74,ratio_percent,5.NBT.B.7,Compute Decimal Problems Involving All 4 Operations,5,5,4,5,0.2,0.0,0.6,"[{""answer_norm"": ""2.74"", ""n"": 3}, {""answer_norm"": ""16.24"", ""n"": 1}, {""answer_norm"": ""2.84"", ""n"": 1}]",validation,
254457,PSBBSCK,3,Fill-in-the-blank(s),Numeric,Evaluate the expression. 11 . 26 + 5 . 34,Evaluate the expression. 11.26 + 5.34,"16.6, 16.60",ratio_percent,5.NBT.B.7,Compute Decimal Problems Involving All 4 Operations,5,5,5,5,0.0,0.0,1.0,"[{""answer_norm"": ""16.60"", ""n"": 3}, {""answer_norm"": ""16.6"", ""n"": 2}]",validation,
254716,PSBBSCK,5,Fill-in-the-blank(s),Numeric,Evaluate the expression. 51 - 0 . 07,Evaluate the expression. 51 - 0.07,50.93,ratio_percent,5.NBT.B.7,Compute Decimal Problems Involving All 4 Operations,5,5,5,5,0.0,0.0,0.6,"[{""answer_norm"": ""50.93"", ""n"": 3}, {""answer_norm"": ""10.93"", ""n"": 1}, {""answer_norm"": ""4.46"", ""n"": 1}]",validation,
256677,PSBBSVD,1,Fill-in-the-blank(s),Numeric,How many cubes with edge lengths of 1 3 inch are needed to build a cube with an edge length of 1 inch? cubes,How many cubes with edge lengths of 1 / 3 inch are needed to build a cube with an edge length of 1 inch? cubes,27,fraction,6.G.A.2,Find the Volume of Rectangular Prisms with Fractional Sides,251,227,141,251,0.4023904382470119,0.0717131474103585,0.4023904382470119,"[{""answer_norm"": ""27"", ""n"": 126}, {""answer_norm"": ""3"", ""n"": 65}, {""answer_norm"": ""9"", ""n"": 18}, {""answer_norm"": ""1"", ""n"": 4}, {""answer_norm"": ""2"", ""n"": 4}]",model_dev,
256912,PSBBSVD,3,Fill-in-the-blank(s),Numeric,"What is the volume, in cubic inches, of one cube with an edge length of 1 3 inch? cubic inches","What is the volume, in cubic inches, of one cube with an edge length of 1 / 3 inch? cubic inches",27-Jan,fraction,6.G.A.2,Find the Volume of Rectangular Prisms with Fractional Sides,250,226,144,250,0.416,0.072,0.428,"[{""answer_norm"": ""1/27"", ""n"": 143}, {""answer_norm"": ""1/9"", ""n"": 14}, {""answer_norm"": ""27"", ""n"": 14}, {""answer_norm"": ""1"", ""n"": 12}, {""answer_norm"": ""3"", ""n"": 12}]",model_dev,
257097,PSBBSVC,2,Fill-in-the-blank(s),Numeric,"If not, write it in scientific notation. × 10","If not, write it in scientific notation. * 10^()","4, 4.82",ratio_percent,8.EE.A.4,Apply Scientific Notation Operations,1,1,1,1,0.0,0.0,0.0,"[{""answer_norm"": ""420000"", ""n"": 1}]",model_dev,
257352,PSBBSWV,2,Fill-in-the-blank(s),Numeric,"If not, write it in scientific notation. × 10","If not, write it in scientific notation. * 10^()","-4, 9.9",ratio_percent,8.EE.A.4,Apply Scientific Notation Operations,1,1,1,1,0.0,0.0,0.0,"[{""answer_norm"": ""9.9x10^4"", ""n"": 1}]",model_dev,
257604,PSBBSYB,2,Fill-in-the-blank(s),Numeric,"If not, write it in scientific notation. × 10","If not, write it in scientific notation. * 10^()","6, 3.6",ratio_percent,8.EE.A.4,Apply Scientific Notation Operations,1,1,1,1,0.0,0.0,0.0,"[{""answer_norm"": ""3600000"", ""n"": 1}]",test,
257823,PSBBS2B,1,Fill-in-the-blank(s),Numeric,"The track team is trying to reduce their time for a relay race. First, they reduce their time by 2.1 minutes. Then they are able to reduce that time by 1 10 . If their final time is 3.96 minutes, what was their beginning time? minutes","The track team is trying to reduce their time for a relay race. First, they reduce their time by 2.1 minutes. Then they are able to reduce that time by 1 / 10. If their final time is 3.96 minutes, what was their beginning time? minutes",6.5,equation_algebra,7.EE.A.2 | 7.EE.B.3 | 7.EE.B.4a,Understand Equivalent Expressions in Context | Solve Applied Problems Using Numerical and Algebraic Expressions and Equations | Solve 2-Step Equations,230,223,76,230,0.6478260869565218,0.3217391304347826,0.1652173913043478,"[{""answer_norm"": ""6.5"", ""n"": 75}, {""answer_norm"": ""15.7"", ""n"": 21}, {""answer_norm"": ""6.16"", ""n"": 17}, {""answer_norm"": ""6.27"", ""n"": 10}, {""answer_norm"": ""6.456"", ""n"": 7}]",model_dev,
258731,PSBBS6F,2,Fill-in-the-blank(s),Numeric,How many different triangles are there? different triangles,How many different triangles are there? different triangles,4,geometry_measurement,7.G.A.2,Draw Geometric Shapes & Unique Triangles,73,73,59,73,0.1917808219178082,0.2191780821917808,0.6438356164383562,"[{""answer_norm"": ""4"", ""n"": 48}, {""answer_norm"": ""9"", ""n"": 15}, {""answer_norm"": ""3"", ""n"": 3}, {""answer_norm"": ""6"", ""n"": 2}, {""answer_norm"": ""1"", ""n"": 1}]",test,
258849,PSBBS8B,1,Fill-in-the-blank(s),Numeric,42 is 6 times what number?,42 is 6 times what number?,7,fraction,4.OA.A.1 | 4.NBT.A.1 | 4.NF.B.4b,Interpret & Represent Multiplicative Comparisons as Multiplication Equations | Recognize & Apply Concepts of Place Value Relationships | Multiply a Fraction by a Whole Number,7,7,7,7,0.0,0.0,0.5714285714285714,"[{""answer_norm"": ""7"", ""n"": 4}, {""answer_norm"": ""252"", ""n"": 1}, {""answer_norm"": ""78"", ""n"": 1}, {""answer_norm"": ""9"", ""n"": 1}]",test,
258984,PSBBS8B,2,Fill-in-the-blank(s),Numeric,4 is 28 times what number?,4 is 28 times what number?,7-Jan,fraction,4.OA.A.1 | 4.NBT.A.1 | 4.NF.B.4b,Interpret & Represent Multiplicative Comparisons as Multiplication Equations | Recognize & Apply Concepts of Place Value Relationships | Multiply a Fraction by a Whole Number,7,7,7,7,0.0,0.0,0.0,"[{""answer_norm"": ""7"", ""n"": 3}, {""answer_norm"": ""112"", ""n"": 2}, {""answer_norm"": ""16"", ""n"": 1}, {""answer_norm"": ""40"", ""n"": 1}]",test,
259069,PRABJCT2,1,Fill-in-the-blank(s),Numeric,"If you eat 5 grapes per minute for 8 minutes, how many grapes will you eat? grapes","If you eat 5 grapes per minute for 8 minutes, how many grapes will you eat? grapes",40,ratio_percent,7.RP.A.2a,Identify Proportional Relationships,136,131,126,136,0.0735294117647058,0.0147058823529411,0.8235294117647058,"[{""answer_norm"": ""40"", ""n"": 115}, {""answer_norm"": ""45"", ""n"": 8}, {""answer_norm"": ""3"", ""n"": 2}, {""answer_norm"": ""8"", ""n"": 2}, {""answer_norm"": ""-40"", ""n"": 1}]",test,
259128,PSBBS8B,3,Fill-in-the-blank(s),Numeric,700 is 7 times what number?,700 is 7 times what number?,100,fraction,4.OA.A.1 | 4.NBT.A.1 | 4.NF.B.4b,Interpret & Represent Multiplicative Comparisons as Multiplication Equations | Recognize & Apply Concepts of Place Value Relationships | Multiply a Fraction by a Whole Number,7,7,7,7,0.0,0.0,0.4285714285714285,"[{""answer_norm"": ""100"", ""n"": 3}, {""answer_norm"": ""10"", ""n"": 1}, {""answer_norm"": ""4900"", ""n"": 1}, {""answer_norm"": ""799"", ""n"": 1}, {""answer_norm"": ""87"", ""n"": 1}]",test,
259177,PSBBS8M,2,Fill-in-the-blank(s),Numeric,How many different triangles are there? different triangles,How many different triangles are there? different triangles,3,geometry_measurement,7.G.A.2,Draw Geometric Shapes & Unique Triangles,70,70,67,70,0.0428571428571428,0.0285714285714285,0.6714285714285714,"[{""answer_norm"": ""3"", ""n"": 47}, {""answer_norm"": ""4"", ""n"": 14}, {""answer_norm"": ""0"", ""n"": 3}, {""answer_norm"": ""2"", ""n"": 2}, {""answer_norm"": ""5"", ""n"": 2}]",model_dev,
259215,PRABJCT3,1,Fill-in-the-blank(s),Numeric,"If you hear 9 new songs per day for 3 days, how many new songs will you hear? new songs","If you hear 9 new songs per day for 3 days, how many new songs will you hear? new songs",27,ratio_percent,7.RP.A.2a,Identify Proportional Relationships,133,131,131,133,0.0150375939849624,0.0,0.9097744360902256,"[{""answer_norm"": ""27"", ""n"": 122}, {""answer_norm"": ""26"", ""n"": 2}, {""answer_norm"": ""36"", ""n"": 2}, {""answer_norm"": ""12"", ""n"": 1}, {""answer_norm"": ""15"", ""n"": 1}]",model_dev,
259356,PRABJCT4,1,Fill-in-the-blank(s),Numeric,"If you run 15 laps per practice, how many practices will it take you to run 30 laps? practices","If you run 15 laps per practice, how many practices will it take you to run 30 laps? practices",2,ratio_percent,7.RP.A.2a,Identify Proportional Relationships,133,131,122,133,0.0827067669172932,0.0075187969924812,0.8045112781954887,"[{""answer_norm"": ""2"", ""n"": 110}, {""answer_norm"": ""450"", ""n"": 13}, {""answer_norm"": ""30"", ""n"": 3}, {""answer_norm"": ""15"", ""n"": 1}, {""answer_norm"": ""240"", ""n"": 1}]",test,
260281,PSBBTGY,1,Fill-in-the-blank(s),Numeric,"Based on signal strength, a person knows their lost phone is exactly 47 feet from the nearest cell tower. The person is currently standing 23 feet from the same cell tower. What is the closest the phone could be to the person? feet","Based on signal strength, a person knows their lost phone is exactly 47 feet from the nearest cell tower. The person is currently standing 23 feet from the same cell tower. What is the closest the phone could be to the person? feet",24,geometry_measurement,7.G.A.2,Draw Geometric Shapes & Unique Triangles,719,703,620,719,0.129346314325452,0.0542420027816411,0.7482614742698191,"[{""answer_norm"": ""24"", ""n"": 594}, {""answer_norm"": ""70"", ""n"": 48}, {""answer_norm"": ""23"", ""n"": 10}, {""answer_norm"": ""25"", ""n"": 8}, {""answer_norm"": ""0"", ""n"": 5}]",model_dev,
261290,PSBBTKT,1,Fill-in-the-blank(s),Numeric,What is the greatest common factor of 24 and 64?,What is the greatest common factor of 24 and 64?,8,other,6.NS.B.4,Find Common Factors & Multiples,170,170,147,170,0.1235294117647058,0.0176470588235294,0.711764705882353,"[{""answer_norm"": ""8"", ""n"": 127}, {""answer_norm"": ""4"", ""n"": 17}, {""answer_norm"": ""2"", ""n"": 5}, {""answer_norm"": ""24"", ""n"": 5}, {""answer_norm"": ""6"", ""n"": 4}]",model_dev,
261537,PSBBTPJ,1,Fill-in-the-blank(s),Numeric,Lin ran 29 meters in 10 seconds. She ran at a constant speed. How far did Lin run every second? meters,Lin ran 29 meters in 10 seconds. She ran at a constant speed. How far did Lin run every second? meters,2.9,ratio_percent,6.RP.A.2 | 6.RP.A.3b,Understand & Describe Unit Rate | Solve Unit Rate Problems,410,408,357,410,0.1097560975609756,0.0560975609756097,0.8414634146341463,"[{""answer_norm"": ""2.9"", ""n"": 366}, {""answer_norm"": ""290"", ""n"": 6}, {""answer_norm"": ""174.0"", ""n"": 3}, {""answer_norm"": ""29"", ""n"": 3}, {""answer_norm"": ""3"", ""n"": 3}]",validation,
261766,PSBBTPJ,2,Fill-in-the-blank(s),Numeric,"Lin ran 29 meters in 10 seconds. She ran at a constant speed. At this rate, how far can she run in 1 minute? meters","Lin ran 29 meters in 10 seconds. She ran at a constant speed. At this rate, how far can she run in 1 minute? meters",174,ratio_percent,6.RP.A.2 | 6.RP.A.3b,Understand & Describe Unit Rate | Solve Unit Rate Problems,409,407,339,409,0.1418092909535452,0.0904645476772616,0.7188264058679706,"[{""answer_norm"": ""174"", ""n"": 308}, {""answer_norm"": ""290"", ""n"": 13}, {""answer_norm"": ""17.4"", ""n"": 11}, {""answer_norm"": ""174.0"", ""n"": 11}, {""answer_norm"": ""1740"", ""n"": 10}]",validation,
262501,PSBBTTZ,3,Fill-in-the-blank(s),Numeric,Find the answer: Jada bought 3 1 2 yards of fabric for $21. How much did each yard cost? $,Find the answer: Jada bought 3 1 / 2 yards of fabric for $21. How much did each yard cost? $,6,fraction,6.NS.A.1,Interpret & Compute using Division of Fractions,59,59,47,59,0.1525423728813559,0.0847457627118644,0.7627118644067796,"[{""answer_norm"": ""6"", ""n"": 51}, {""answer_norm"": ""10"", ""n"": 1}, {""answer_norm"": ""12"", ""n"": 1}, {""answer_norm"": ""147/2"", ""n"": 1}, {""answer_norm"": ""21"", ""n"": 1}]",model_dev,
262674,PRABHR3J,1,Fill-in-the-blank(s),Numeric,"Use long division to find the value of 1 , 875 ÷ 15 .","Use long division to find the value of 1, 875 / 15.",125,whole_number_arithmetic,6.NS.B.2,Divide Multi-Digit Whole Numbers,192,188,179,192,0.0572916666666666,0.0677083333333333,0.8645833333333334,"[{""answer_norm"": ""125"", ""n"": 168}, {""answer_norm"": ""123"", ""n"": 4}, {""answer_norm"": ""0.008"", ""n"": 2}, {""answer_norm"": ""120"", ""n"": 2}, {""answer_norm"": ""121"", ""n"": 2}]",validation,
262987,PSBBTWH,3,Fill-in-the-blank(s),Numeric,Find the answer: 4 9 kilogram of baking soda costs $2. How much does 1 kilogram of baking soda cost? $,Find the answer: 4 / 9 kilogram of baking soda costs $2. How much does 1 kilogram of baking soda cost? $,4.5,fraction,6.NS.A.1,Interpret & Compute using Division of Fractions,64,64,39,64,0.375,0.125,0.484375,"[{""answer_norm"": ""4.5"", ""n"": 22}, {""answer_norm"": ""4.50"", ""n"": 14}, {""answer_norm"": ""4 1/2"", ""n"": 3}, {""answer_norm"": ""8.50"", ""n"": 3}, {""answer_norm"": ""5"", ""n"": 2}]",model_dev,
262990,PSBBTZP,1,Fill-in-the-blank(s),Numeric,"A family has a monthly budget of $2,400. How much money is spent on each category? 44% is spent on housing. $","A family has a monthly budget of $2,400. How much money is spent on each category? 44% is spent on housing. $","1,056",ratio_percent,6.RP.A.3c,Solve Problems Involving Percents,792,776,555,792,0.2702020202020202,0.2108585858585858,0.625,"[{""answer_norm"": ""1056"", ""n"": 556}, {""answer_norm"": ""1,056"", ""n"": 45}, {""answer_norm"": ""54"", ""n"": 10}, {""answer_norm"": ""960"", ""n"": 8}, {""answer_norm"": ""10.56"", ""n"": 6}]",model_dev,
263152,PSBBTZP,2,Fill-in-the-blank(s),Numeric,"A family has a monthly budget of $2,400. How much money is spent on each category? 23% is spent on food. $","A family has a monthly budget of $2,400. How much money is spent on each category? 23% is spent on food. $",552,ratio_percent,6.RP.A.3c,Solve Problems Involving Percents,790,774,600,790,0.2278481012658227,0.1645569620253164,0.7012658227848101,"[{""answer_norm"": ""552"", ""n"": 660}, {""answer_norm"": ""553"", ""n"": 5}, {""answer_norm"": ""408"", ""n"": 4}, {""answer_norm"": ""1056"", ""n"": 3}, {""answer_norm"": ""200"", ""n"": 3}]",model_dev,
263156,PSBBTW4,2,Fill-in-the-blank(s),Numeric,Find the answer. How many groups of 2 are in 7?,Find the answer. How many groups of 2 are in 7?,3.5,fraction,6.NS.A.1,Interpret & Compute using Division of Fractions,181,143,144,181,0.1823204419889502,0.0939226519337016,0.6629834254143646,"[{""answer_norm"": ""3 1/2"", ""n"": 95}, {""answer_norm"": ""3.5"", ""n"": 28}, {""answer_norm"": ""3"", ""n"": 24}, {""answer_norm"": ""4"", ""n"": 5}, {""answer_norm"": ""14"", ""n"": 4}]",model_dev,
263336,PSBBTZP,3,Fill-in-the-blank(s),Numeric,"A family has a monthly budget of $2,400. How much money is spent on each category? 6% is spent on clothing. $","A family has a monthly budget of $2,400. How much money is spent on each category? 6% is spent on clothing. $",144,ratio_percent,6.RP.A.3c,Solve Problems Involving Percents,789,773,596,789,0.2306717363751584,0.1584283903675538,0.6945500633713562,"[{""answer_norm"": ""144"", ""n"": 643}, {""answer_norm"": ""1440"", ""n"": 22}, {""answer_norm"": ""114"", ""n"": 18}, {""answer_norm"": ""400"", ""n"": 10}, {""answer_norm"": ""100"", ""n"": 6}]",model_dev,
263466,PSBBTY2,3,Fill-in-the-blank(s),Numeric,Find the answer: Diego can fill 1 1 5 bottles with 3 liters of water. How many liters of water fill 1 bottle? liters of water,Find the answer: Diego can fill 1 1 / 5 bottles with 3 liters of water. How many liters of water fill 1 bottle? liters of water,2-May,fraction,6.NS.A.1,Interpret & Compute using Division of Fractions,54,54,31,54,0.4074074074074074,0.1666666666666666,0.4629629629629629,"[{""answer_norm"": ""2 1/2"", ""n"": 16}, {""answer_norm"": ""5/2"", ""n"": 13}, {""answer_norm"": ""2.5"", ""n"": 6}, {""answer_norm"": ""1/2"", ""n"": 3}, {""answer_norm"": ""2/5"", ""n"": 3}]",model_dev,
263496,PSBBTZP,4,Fill-in-the-blank(s),Numeric,"A family has a monthly budget of $2,400. How much money is spent on each category? 17% is spent on transportation. $","A family has a monthly budget of $2,400. How much money is spent on each category? 17% is spent on transportation. $",408,ratio_percent,6.RP.A.3c,Solve Problems Involving Percents,787,771,613,787,0.218551461245235,0.1346886912325285,0.7204574332909784,"[{""answer_norm"": ""408"", ""n"": 669}, {""answer_norm"": ""240"", ""n"": 6}, {""answer_norm"": ""405"", ""n"": 5}, {""answer_norm"": ""108"", ""n"": 3}, {""answer_norm"": ""168"", ""n"": 3}]",model_dev,
263662,PSBBTZP,5,Fill-in-the-blank(s),Numeric,"A family has a monthly budget of $2,400. How much money is spent on each category? The rest is put into savings. $","A family has a monthly budget of $2,400. How much money is spent on each category? The rest is put into savings. $",240,ratio_percent,6.RP.A.3c,Solve Problems Involving Percents,786,770,551,786,0.2709923664122137,0.2290076335877862,0.6081424936386769,"[{""answer_norm"": ""240"", ""n"": 602}, {""answer_norm"": ""2160"", ""n"": 16}, {""answer_norm"": ""24"", ""n"": 10}, {""answer_norm"": ""340"", ""n"": 7}, {""answer_norm"": ""270"", ""n"": 6}]",model_dev,
263940,PSBBT3N,3,Fill-in-the-blank(s),Numeric,Find the answer: 5 4 gallons of water fill 5 6 of a bucket. How many gallons of water fill the entire bucket? gallons of water,Find the answer: 5 / 4 gallons of water fill 5 / 6 of a bucket. How many gallons of water fill the entire bucket? gallons of water,1 1/2,fraction,6.NS.A.1,Interpret & Compute using Division of Fractions,57,57,35,57,0.3333333333333333,0.1929824561403508,0.4912280701754385,"[{""answer_norm"": ""1 1/2"", ""n"": 27}, {""answer_norm"": ""6/4"", ""n"": 8}, {""answer_norm"": ""2/3"", ""n"": 6}, {""answer_norm"": ""1.5"", ""n"": 4}, {""answer_norm"": ""11/2"", ""n"": 2}]",model_dev,
264639,PSBBT6M,2,Fill-in-the-blank(s),Numeric,How many 3 8 -inch thick books make a stack that is 6 inches tall? 3 8 -inch thick books,How many 3 / 8 -inch thick books make a stack that is 6 inches tall? 3 / 8 -inch thick books,16,fraction,6.NS.A.1,Interpret & Compute using Division of Fractions,29,29,22,29,0.2413793103448276,0.0,0.6206896551724138,"[{""answer_norm"": ""16"", ""n"": 22}, {""answer_norm"": ""18"", ""n"": 1}, {""answer_norm"": ""18/48"", ""n"": 1}, {""answer_norm"": ""3 1/3"", ""n"": 1}, {""answer_norm"": ""4 1/2"", ""n"": 1}]",model_dev,
264992,PSBBT74,2,Fill-in-the-blank(s),Numeric,How many groups of 1 2 pound are in 2 3 4 pounds? groups of 1 2 pound,How many groups of 1 / 2 pound are in 2 3 / 4 pounds? groups of 1 / 2 pound,5 1/2,fraction,6.NS.A.1,Interpret & Compute using Division of Fractions,46,46,30,46,0.3478260869565217,0.0,0.5434782608695652,"[{""answer_norm"": ""5 1/2"", ""n"": 19}, {""answer_norm"": ""5.5"", ""n"": 13}, {""answer_norm"": ""2"", ""n"": 2}, {""answer_norm"": ""1"", ""n"": 1}, {""answer_norm"": ""1 2/4"", ""n"": 1}]",model_dev,
265967,PSBBUDT,11,Fill-in-the-blank(s),Numeric,"After doing the simulation 20 times, this group finds that Diego had to wait 15 times. What is an estimate for the probability Diego has to wait based on these results?","After doing the simulation 20 times, this group finds that Diego had to wait 15 times. What is an estimate for the probability Diego has to wait based on these results?",15/20,statistics_probability,7.SP.C.6,Approximate Probability of an Event by Collecting Data,1,1,1,1,0.0,0.0,1.0,"[{""answer_norm"": ""0.75"", ""n"": 1}]",model_dev,
268157,PSBBUSX,2,Fill-in-the-blank(s),Numeric,The length of the minute hand on a clock is 5 in. Estimate the diameter of the circle: inches,The length of the minute hand on a clock is 5 in. Estimate the diameter of the circle: inches,10,equation_algebra,7.G.B.4,Solve Problems Involving Area & Circumference of Circles,1668,1608,1378,1668,0.1708633093525179,0.0233812949640287,0.7410071942446043,"[{""answer_norm"": ""10"", ""n"": 1333}, {""answer_norm"": ""5"", ""n"": 76}, {""answer_norm"": ""15.7"", ""n"": 32}, {""answer_norm"": ""2.5"", ""n"": 32}, {""answer_norm"": ""31.4"", ""n"": 26}]",model_dev,
268435,PSBBUSX,3,Fill-in-the-blank(s),Numeric,The length of the minute hand on a clock is 5 in. Estimate the circumference of the circle: inches Use 3.14 for π .,The length of the minute hand on a clock is 5 in. Estimate the circumference of the circle: inches Use 3.14 for pi.,31.4,equation_algebra,7.G.B.4,Solve Problems Involving Area & Circumference of Circles,1659,1599,1288,1659,0.2200120554550934,0.078963230861965,0.594333936106088,"[{""answer_norm"": ""31.4"", ""n"": 1079}, {""answer_norm"": ""31"", ""n"": 188}, {""answer_norm"": ""15.7"", ""n"": 93}, {""answer_norm"": ""10"", ""n"": 17}, {""answer_norm"": ""30"", ""n"": 16}]",model_dev,
269095,PSBBUYK,2,Fill-in-the-blank(s),Numeric,The distance across a sink drain is 3.8 cm. Estimate the radius of the circle: cm,The distance across a sink drain is 3.8 cm. Estimate the radius of the circle: cm,1.9,equation_algebra,7.G.B.4,Solve Problems Involving Area & Circumference of Circles,1649,1551,1148,1649,0.2953305033353547,0.0539721043056397,0.5554881746513038,"[{""answer_norm"": ""1.9"", ""n"": 1026}, {""answer_norm"": ""11.932"", ""n"": 93}, {""answer_norm"": ""12"", ""n"": 74}, {""answer_norm"": ""2"", ""n"": 58}, {""answer_norm"": ""11.9"", ""n"": 35}]",model_dev,
269923,PSBBU6D,2,Fill-in-the-blank(s),Numeric,How many miles does the car travel in 1.5 hours? miles,How many miles does the car travel in 1.5 hours? miles,97.5,ratio_percent,7.RP.A.2c,Represent Proportional Relationships with Equations,2090,2003,1612,2090,0.2248803827751196,0.0650717703349282,0.6789473684210526,"[{""answer_norm"": ""97.5"", ""n"": 1577}, {""answer_norm"": ""65"", ""n"": 55}, {""answer_norm"": ""43.3"", ""n"": 54}, {""answer_norm"": ""32.5"", ""n"": 43}, {""answer_norm"": ""1.5"", ""n"": 19}]",model_dev,
270246,PSBBU45,1,Fill-in-the-blank(s),Numeric,"A groundskeeper needs grass seed to cover a circular field, 290 feet in diameter. A store sells 50-pound bags of grass seed. One pound of grass seed covers about 400 square feet of field. What is the smallest number of bags the groundskeeper must buy to cover the circular field? bags","A groundskeeper needs grass seed to cover a circular field, 290 feet in diameter. A store sells 50-pound bags of grass seed. One pound of grass seed covers about 400 square feet of field. What is the smallest number of bags the groundskeeper must buy to cover the circular field? bags",4,equation_algebra,7.G.B.4,Solve Problems Involving Area & Circumference of Circles,65,64,63,65,0.0307692307692307,0.0615384615384615,0.2461538461538461,"[{""answer_norm"": ""4"", ""n"": 18}, {""answer_norm"": ""166"", ""n"": 9}, {""answer_norm"": ""165"", ""n"": 6}, {""answer_norm"": ""2"", ""n"": 6}, {""answer_norm"": ""1"", ""n"": 3}]",model_dev,
270281,PSBBU6D,3,Fill-in-the-blank(s),Numeric,How long does it take the car to travel 26 miles at this speed? hours,How long does it take the car to travel 26 miles at this speed? hours,5-Feb,ratio_percent,7.RP.A.2c,Represent Proportional Relationships with Equations,2080,1993,1236,2080,0.4014423076923077,0.1221153846153846,0.4471153846153846,"[{""answer_norm"": ""24"", ""n"": 412}, {""answer_norm"": ""0.4"", ""n"": 380}, {""answer_norm"": ""2.5"", ""n"": 231}, {""answer_norm"": "".4"", ""n"": 211}, {""answer_norm"": ""1690"", ""n"": 181}]",model_dev,
270541,PSBBU72,1,Fill-in-the-blank(s),Numeric,"A sign in front of a roller coaster says ""You must be 40 inches tall to ride."" What percentage of this height is 34 inches? %","A sign in front of a roller coaster says ""You must be 40 inches tall to ride."" What percentage of this height is 34 inches? %",85,ratio_percent,6.RP.A.3c,Solve Problems Involving Percents,1321,1249,1045,1321,0.1703255109765329,0.0953822861468584,0.6532929598788796,"[{""answer_norm"": ""85"", ""n"": 960}, {""answer_norm"": ""13.6"", ""n"": 38}, {""answer_norm"": ""135"", ""n"": 20}, {""answer_norm"": ""0.85"", ""n"": 18}, {""answer_norm"": ""75"", ""n"": 18}]",model_dev,
270745,PSBBU72,2,Fill-in-the-blank(s),Numeric,"A sign in front of a roller coaster says ""You must be 40 inches tall to ride."" What percentage of this height is 54 inches? %","A sign in front of a roller coaster says ""You must be 40 inches tall to ride."" What percentage of this height is 54 inches? %",135,ratio_percent,6.RP.A.3c,Solve Problems Involving Percents,1308,1238,997,1308,0.1964831804281345,0.1292048929663608,0.6383792048929664,"[{""answer_norm"": ""135"", ""n"": 919}, {""answer_norm"": ""74"", ""n"": 92}, {""answer_norm"": ""1.35"", ""n"": 27}, {""answer_norm"": ""125"", ""n"": 17}, {""answer_norm"": ""85"", ""n"": 15}]",model_dev,
270760,PSBBVCZ,1,Fill-in-the-blank(s),Algebraic Expression,Elena has some bottles of water that each holds 17 fluid ounces. Write an equation that relates the number of bottles of water ( b ) to the total volume of water ( w ) in fluid ounces. w = Use b as your variable,Elena has some bottles of water that each holds 17 fluid ounces. Write an equation that relates the number of bottles of water (b) to the total volume of water (w) in fluid ounces. w = Use b as your variable,17b,ratio_percent,7.RP.A.2c,Represent Proportional Relationships with Equations,2036,1972,1705,2036,0.1601178781925343,0.043222003929273,0.7814341846758349,"[{""answer_norm"": ""17b"", ""n"": 1713}, {""answer_norm"": ""b17"", ""n"": 104}, {""answer_norm"": ""1/17b"", ""n"": 27}, {""answer_norm"": ""1b"", ""n"": 24}, {""answer_norm"": ""b/17"", ""n"": 16}]",model_dev,
271030,PSBBVAB,1,Fill-in-the-blank(s),Numeric,"At a hardware store, a tool set normally costs $80. During a sale this week, the tool set costs $12 less than usual. What percentage of the usual price is the savings? %","At a hardware store, a tool set normally costs $80. During a sale this week, the tool set costs $12 less than usual. What percentage of the usual price is the savings? %",15,ratio_percent,6.RP.A.3c,Solve Problems Involving Percents,1247,1221,957,1247,0.1964715316760224,0.1010425020048115,0.6367281475541299,"[{""answer_norm"": ""15"", ""n"": 898}, {""answer_norm"": ""85"", ""n"": 104}, {""answer_norm"": ""68"", ""n"": 23}, {""answer_norm"": ""9.6"", ""n"": 19}, {""answer_norm"": ""25"", ""n"": 12}]",model_dev,
271051,PSBBVCZ,2,Fill-in-the-blank(s),Numeric,Elena has some bottles of water that each holds 17 fluid ounces. How much water is in 51 bottles? ounces,Elena has some bottles of water that each holds 17 fluid ounces. How much water is in 51 bottles? ounces,867,ratio_percent,7.RP.A.2c,Represent Proportional Relationships with Equations,2033,1969,1735,2033,0.1441219872110182,0.0457452041318248,0.7186424003935071,"[{""answer_norm"": ""867"", ""n"": 1569}, {""answer_norm"": ""3"", ""n"": 195}, {""answer_norm"": ""51"", ""n"": 36}, {""answer_norm"": ""876"", ""n"": 29}, {""answer_norm"": ""865"", ""n"": 9}]",model_dev,
271219,PSBBVBE,3,Fill-in-the-blank(s),Numeric,The fence around a circular pool is 75 ft long. Estimate the radius of the circle: feet,The fence around a circular pool is 75 ft long. Estimate the radius of the circle: feet,12,equation_algebra,7.G.B.4,Solve Problems Involving Area & Circumference of Circles,1650,1551,1337,1650,0.1878787878787878,0.0387878787878787,0.7454545454545455,"[{""answer_norm"": ""12"", ""n"": 1364}, {""answer_norm"": ""8"", ""n"": 26}, {""answer_norm"": ""37.5"", ""n"": 23}, {""answer_norm"": ""38"", ""n"": 17}, {""answer_norm"": ""236"", ""n"": 16}]",model_dev,
271394,PSBBVBU,2,Fill-in-the-blank(s),Numeric,80% of x is equal to 100. Use your equation to find the value of x. x =,80% of x is equal to 100. Use your equation to find the value of x. x =,125,ratio_percent,6.RP.A.3c,Solve Problems Involving Percents,665,659,479,665,0.2601503759398496,0.1488721804511278,0.6240601503759399,"[{""answer_norm"": ""125"", ""n"": 470}, {""answer_norm"": ""120"", ""n"": 33}, {""answer_norm"": ""20"", ""n"": 24}, {""answer_norm"": ""80"", ""n"": 20}, {""answer_norm"": ""1.25"", ""n"": 11}]",model_dev,
271395,PSBBVCZ,3,Fill-in-the-blank(s),Numeric,Elena has some bottles of water that each holds 17 fluid ounces. How many bottles does it take to hold 51 fluid ounces of water? bottles,Elena has some bottles of water that each holds 17 fluid ounces. How many bottles does it take to hold 51 fluid ounces of water? bottles,3,ratio_percent,7.RP.A.2c,Represent Proportional Relationships with Equations,2030,1967,1755,2030,0.1344827586206896,0.0413793103448275,0.7995073891625616,"[{""answer_norm"": ""3"", ""n"": 1732}, {""answer_norm"": ""17"", ""n"": 62}, {""answer_norm"": ""867"", ""n"": 49}, {""answer_norm"": ""51"", ""n"": 33}, {""answer_norm"": ""7"", ""n"": 15}]",model_dev,
271396,PSBBVCY,1,Fill-in-the-blank(s),Numeric,"The sale price of every item in a store is 85% of its usual price. The usual price of a backpack is $30, what is its sale price? $","The sale price of every item in a store is 85% of its usual price. The usual price of a backpack is $30, what is its sale price? $",25.5,ratio_percent,6.RP.A.3c,Solve Problems Involving Percents,356,354,292,356,0.1657303370786516,0.0730337078651685,0.7443820224719101,"[{""answer_norm"": ""25.50"", ""n"": 167}, {""answer_norm"": ""25.5"", ""n"": 120}, {""answer_norm"": ""25"", ""n"": 6}, {""answer_norm"": ""4.5"", ""n"": 5}, {""answer_norm"": ""24"", ""n"": 4}]",model_dev,
271538,PSBBVCY,2,Fill-in-the-blank(s),Numeric,"The usual price of a sweatshirt is $18, what is its sale price? $","The usual price of a sweatshirt is $18, what is its sale price? $",15.3,ratio_percent,6.RP.A.3c,Solve Problems Involving Percents,354,352,300,354,0.1440677966101695,0.0451977401129943,0.7824858757062146,"[{""answer_norm"": ""15.30"", ""n"": 173}, {""answer_norm"": ""15.3"", ""n"": 131}, {""answer_norm"": ""15.5"", ""n"": 4}, {""answer_norm"": ""21.08"", ""n"": 3}, {""answer_norm"": ""13.50"", ""n"": 2}]",model_dev,
271644,PSBBVCY,3,Fill-in-the-blank(s),Numeric,"The usual price of a soccer ball is $24.80, what is its sale price? $","The usual price of a soccer ball is $24.80, what is its sale price? $",21.08,ratio_percent,6.RP.A.3c,Solve Problems Involving Percents,354,352,299,354,0.1525423728813559,0.0480225988700565,0.7909604519774012,"[{""answer_norm"": ""21.08"", ""n"": 313}, {""answer_norm"": ""21.8"", ""n"": 6}, {""answer_norm"": ""21.80"", ""n"": 4}, {""answer_norm"": ""15.30"", ""n"": 2}, {""answer_norm"": ""19.84"", ""n"": 2}]",model_dev,
271772,PSBBVFW,2,Fill-in-the-blank(s),Numeric,The distance from the tip of a slice of pizza to the crust is 7 in. Estimate the diameter of the circle: inches,The distance from the tip of a slice of pizza to the crust is 7 in. Estimate the diameter of the circle: inches,14,equation_algebra,7.G.B.4,Solve Problems Involving Area & Circumference of Circles,1525,1473,1273,1525,0.160655737704918,0.0754098360655737,0.7770491803278688,"[{""answer_norm"": ""14"", ""n"": 1306}, {""answer_norm"": ""22"", ""n"": 39}, {""answer_norm"": ""21.98"", ""n"": 27}, {""answer_norm"": ""3.5"", ""n"": 23}, {""answer_norm"": ""44"", ""n"": 17}]",test,
272246,PSBBVH2,1,Fill-in-the-blank(s),Numeric,"A rectangular prism is 4 units high, 2 units wide, and 6 units long. What is its surface area in square units? square units","A rectangular prism is 4 units high, 2 units wide, and 6 units long. What is its surface area in square units? square units",88,geometry_measurement,6.G.A.4,Represent 3D Figures Using Nets to Find Surface Area,1234,1189,627,1234,0.4286871961102107,0.273095623987034,0.3217179902755267,"[{""answer_norm"": ""88"", ""n"": 467}, {""answer_norm"": ""48"", ""n"": 278}, {""answer_norm"": ""24"", ""n"": 111}, {""answer_norm"": ""12"", ""n"": 57}, {""answer_norm"": ""64"", ""n"": 27}]",validation,
272544,PSBBVK9,2,Fill-in-the-blank(s),Numeric,Breaking a cookie in half creates a straight side 10 cm long. Estimate the radius of the circle: cm,Breaking a cookie in half creates a straight side 10 cm long. Estimate the radius of the circle: cm,5,equation_algebra,7.G.B.4,Solve Problems Involving Area & Circumference of Circles,1669,1445,1413,1669,0.1503894547633313,0.0233672857998801,0.7944877171959257,"[{""answer_norm"": ""5"", ""n"": 1456}, {""answer_norm"": ""31.4"", ""n"": 54}, {""answer_norm"": ""20"", ""n"": 20}, {""answer_norm"": ""31"", ""n"": 18}, {""answer_norm"": ""10"", ""n"": 11}]",test,
272660,PSBBVJ9,1,Fill-in-the-blank(s),Numeric,A large cheese pizza costs $7.50. Diego has $40 to spend on pizzas. How many large cheese pizzas can he afford? large cheese pizzas,A large cheese pizza costs $7.50. Diego has $40 to spend on pizzas. How many large cheese pizzas can he afford? large cheese pizzas,5,decimal,6.NS.B.3,"Add, Subtract, Multiply & Divide Multi-Digit Decimals",972,965,817,972,0.125514403292181,0.095679012345679,0.6934156378600823,"[{""answer_norm"": ""5"", ""n"": 729}, {""answer_norm"": ""5 1/3"", ""n"": 29}, {""answer_norm"": ""4"", ""n"": 27}, {""answer_norm"": ""5.3"", ""n"": 18}, {""answer_norm"": ""37.50"", ""n"": 15}]",model_dev,
272713,PRABFCHD,1,Fill-in-the-blank(s),Numeric,A bathtub can hold 80 gallons of water. The faucet flows at a rate of 4 gallons per minute. What percentage of the tub will be filled after 6 minutes? %,A bathtub can hold 80 gallons of water. The faucet flows at a rate of 4 gallons per minute. What percentage of the tub will be filled after 6 minutes? %,30,ratio_percent,6.RP.A.3c,Solve Problems Involving Percents,1152,1090,865,1152,0.1953125,0.1484375,0.6076388888888888,"[{""answer_norm"": ""30"", ""n"": 790}, {""answer_norm"": ""24"", ""n"": 125}, {""answer_norm"": ""5"", ""n"": 27}, {""answer_norm"": ""20"", ""n"": 23}, {""answer_norm"": ""3"", ""n"": 18}]",validation,
273049,PSBBVM4,1,Fill-in-the-blank(s),Numeric,Calculate 141 . 75 ÷ 2 . 5 using a method of your choice.,Calculate 141.75 / 2.5 using a method of your choice.,56.7,decimal,6.NS.B.3,"Add, Subtract, Multiply & Divide Multi-Digit Decimals",260,257,223,260,0.1384615384615384,0.0423076923076923,0.7307692307692307,"[{""answer_norm"": ""56.7"", ""n"": 208}, {""answer_norm"": ""354.375"", ""n"": 8}, {""answer_norm"": ""567"", ""n"": 6}, {""answer_norm"": ""5.67"", ""n"": 5}, {""answer_norm"": ""56.688"", ""n"": 2}]",model_dev,
273109,PSBBVNT,2,Fill-in-the-blank(s),Numeric,Tickets to a show cost $5.50 for adults and $4.25 for students. A family is purchasing 2 adult tickets and 3 student tickets. What is the exact cost? $,Tickets to a show cost $5.50 for adults and $4.25 for students. A family is purchasing 2 adult tickets and 3 student tickets. What is the exact cost? $,23.75,decimal,6.NS.B.3,"Add, Subtract, Multiply & Divide Multi-Digit Decimals",899,883,756,899,0.150166852057842,0.0945494994438264,0.7152391546162402,"[{""answer_norm"": ""23.75"", ""n"": 675}, {""answer_norm"": ""19.50"", ""n"": 23}, {""answer_norm"": ""24"", ""n"": 16}, {""answer_norm"": ""24.75"", ""n"": 13}, {""answer_norm"": ""1.25"", ""n"": 12}]",model_dev,
273269,PSBBVNT,3,Fill-in-the-blank(s),Numeric,"Tickets to a show cost $5.50 for adults and $4.25 for students. A family is purchasing 2 adult tickets and 3 student tickets. If the family pays $25, what is the exact amount of change they should receive? $","Tickets to a show cost $5.50 for adults and $4.25 for students. A family is purchasing 2 adult tickets and 3 student tickets. If the family pays $25, what is the exact amount of change they should receive? $",1.25,decimal,6.NS.B.3,"Add, Subtract, Multiply & Divide Multi-Digit Decimals",894,878,744,894,0.1565995525727069,0.0559284116331096,0.7259507829977628,"[{""answer_norm"": ""1.25"", ""n"": 705}, {""answer_norm"": ""2.25"", ""n"": 62}, {""answer_norm"": ""2.75"", ""n"": 18}, {""answer_norm"": ""1.75"", ""n"": 5}, {""answer_norm"": ""2.15"", ""n"": 5}]",model_dev,
273482,PSBBVT3,1,Fill-in-the-blank(s),Numeric,"Chicken costs $3.20 per pound, and beef costs $4.59 per pound. What is the exact cost of 3 pounds of chicken? $","Chicken costs $3.20 per pound, and beef costs $4.59 per pound. What is the exact cost of 3 pounds of chicken? $",9.6,decimal,6.NS.B.3,"Add, Subtract, Multiply & Divide Multi-Digit Decimals",769,761,710,769,0.0728218465539661,0.0221066319895968,0.8855656697009102,"[{""answer_norm"": ""9.60"", ""n"": 618}, {""answer_norm"": ""9.6"", ""n"": 100}, {""answer_norm"": ""13.77"", ""n"": 7}, {""answer_norm"": ""6.60"", ""n"": 3}, {""answer_norm"": ""7.79"", ""n"": 3}]",model_dev,
273819,PSBBVT3,3,Fill-in-the-blank(s),Numeric,What is the exact cost of 3 pound of beef? $,What is the exact cost of 3 pound of beef? $,13.77,decimal,6.NS.B.3,"Add, Subtract, Multiply & Divide Multi-Digit Decimals",761,753,700,761,0.0722733245729303,0.0249671484888304,0.8265440210249672,"[{""answer_norm"": ""13.77"", ""n"": 661}, {""answer_norm"": ""4.17"", ""n"": 9}, {""answer_norm"": ""12.77"", ""n"": 8}, {""answer_norm"": ""9.60"", ""n"": 8}, {""answer_norm"": ""14.97"", ""n"": 5}]",model_dev,
274077,PSBBVT3,5,Fill-in-the-blank(s),Numeric,How much more does 3 pounds of beef cost than 3 pounds of chicken? $,How much more does 3 pounds of beef cost than 3 pounds of chicken? $,4.17,decimal,6.NS.B.3,"Add, Subtract, Multiply & Divide Multi-Digit Decimals",756,748,667,756,0.0992063492063492,0.037037037037037,0.8068783068783069,"[{""answer_norm"": ""4.17"", ""n"": 651}, {""answer_norm"": ""23.37"", ""n"": 23}, {""answer_norm"": ""3.17"", ""n"": 5}, {""answer_norm"": ""4.27"", ""n"": 4}, {""answer_norm"": ""4.11"", ""n"": 3}]",model_dev,
274359,PSBBVV9,2,Fill-in-the-blank(s),Numeric,From the center to the edge of a DVD measures 60 mm. Estimate the diameter of the circle: mm,From the center to the edge of a DVD measures 60 mm. Estimate the diameter of the circle: mm,120,equation_algebra,7.G.B.4,Solve Problems Involving Area & Circumference of Circles,1434,1391,1175,1434,0.1764295676429567,0.0746164574616457,0.7559274755927475,"[{""answer_norm"": ""120"", ""n"": 1218}, {""answer_norm"": ""30"", ""n"": 48}, {""answer_norm"": ""19"", ""n"": 29}, {""answer_norm"": ""188"", ""n"": 23}, {""answer_norm"": ""12"", ""n"": 12}]",model_dev,
275212,PRABFERH,1,Fill-in-the-blank(s),Numeric,How many 1 5 -liter glasses can Lin fill with a 1 1 2 -liter bottle of water? glasses,How many 1 / 5 -liter glasses can Lin fill with a 1 1 / 2 -liter bottle of water? glasses,7 1/2,fraction,6.NS.A.1,Interpret & Compute using Division of Fractions,763,759,571,763,0.2175622542595019,0.0891218872870249,0.6513761467889908,"[{""answer_norm"": ""7 1/2"", ""n"": 270}, {""answer_norm"": ""7"", ""n"": 144}, {""answer_norm"": ""7.5"", ""n"": 97}, {""answer_norm"": ""15/2"", ""n"": 74}, {""answer_norm"": ""3"", ""n"": 14}]",test,
275754,PSBBV76,1,Fill-in-the-blank(s),Numeric,"A school club sold 300 shirts. 31% were sold to fifth graders, 52% were sold to sixth graders, and the rest were sold to teachers. How many shirts were sold to fifth graders? shirts","A school club sold 300 shirts. 31% were sold to fifth graders, 52% were sold to sixth graders, and the rest were sold to teachers. How many shirts were sold to fifth graders? shirts",93,ratio_percent,6.RP.A.3c,Solve Problems Involving Percents,587,584,457,587,0.1925042589437819,0.1839863713798978,0.6746166950596252,"[{""answer_norm"": ""93"", ""n"": 456}, {""answer_norm"": ""51"", ""n"": 27}, {""answer_norm"": ""156"", ""n"": 19}, {""answer_norm"": ""31"", ""n"": 8}, {""answer_norm"": ""17"", ""n"": 6}]",test,
275922,PSBBV76,2,Fill-in-the-blank(s),Numeric,"A school club sold 300 shirts. 31% were sold to fifth graders, 52% were sold to sixth graders, and the rest were sold to teachers. How many shirts were sold to sixth graders? shirts","A school club sold 300 shirts. 31% were sold to fifth graders, 52% were sold to sixth graders, and the rest were sold to teachers. How many shirts were sold to sixth graders? shirts",156,ratio_percent,6.RP.A.3c,Solve Problems Involving Percents,586,583,487,586,0.1433447098976109,0.1484641638225255,0.8003412969283277,"[{""answer_norm"": ""156"", ""n"": 511}, {""answer_norm"": ""153"", ""n"": 6}, {""answer_norm"": ""52"", ""n"": 6}, {""answer_norm"": ""150"", ""n"": 4}, {""answer_norm"": ""51"", ""n"": 4}]",test,
276105,PSBBV76,3,Fill-in-the-blank(s),Numeric,"A school club sold 300 shirts. 31% were sold to fifth graders, 52% were sold to sixth graders, and the rest were sold to teachers. How many shirts were sold to teachers? shirts","A school club sold 300 shirts. 31% were sold to fifth graders, 52% were sold to sixth graders, and the rest were sold to teachers. How many shirts were sold to teachers? shirts",51,ratio_percent,6.RP.A.3c,Solve Problems Involving Percents,584,581,489,584,0.1404109589041096,0.148972602739726,0.7465753424657534,"[{""answer_norm"": ""51"", ""n"": 487}, {""answer_norm"": ""249"", ""n"": 20}, {""answer_norm"": ""81"", ""n"": 9}, {""answer_norm"": ""63"", ""n"": 6}, {""answer_norm"": ""151"", ""n"": 4}]",test,
276705,PSBBWD2,1,Fill-in-the-blank(s),Numeric,Find the length of a side of a square if its area is 81 square inches. inches,Find the length of a side of a square if its area is 81 square inches. inches,9,ratio_percent,8.NS.A.2,Approximate Irrational Numbers,557,547,470,557,0.1454219030520646,0.0359066427289048,0.7935368043087971,"[{""answer_norm"": ""9"", ""n"": 496}, {""answer_norm"": ""20.25"", ""n"": 14}, {""answer_norm"": ""20"", ""n"": 10}, {""answer_norm"": ""40.5"", ""n"": 4}, {""answer_norm"": ""2/5"", ""n"": 3}]",model_dev,
276874,PSBBWD2,2,Fill-in-the-blank(s),Numeric,Find the length of a side of a square if its area is 4 25 square centimeters. cm,Find the length of a side of a square if its area is 4 / 25 square centimeters. cm,5-Feb,ratio_percent,8.NS.A.2,Approximate Irrational Numbers,554,544,361,554,0.3483754512635379,0.0812274368231047,0.5595667870036101,"[{""answer_norm"": ""2/5"", ""n"": 344}, {""answer_norm"": ""0.4"", ""n"": 27}, {""answer_norm"": ""2/25"", ""n"": 21}, {""answer_norm"": "".4"", ""n"": 19}, {""answer_norm"": ""1/25"", ""n"": 19}]",model_dev,
277038,PSBBWD2,3,Fill-in-the-blank(s),Numeric,Find the length of a side of a square if its area is 0 . 49 square units. units,Find the length of a side of a square if its area is 0.49 square units. units,0.7,ratio_percent,8.NS.A.2,Approximate Irrational Numbers,553,543,431,553,0.2206148282097649,0.0397830018083182,0.6582278481012658,"[{""answer_norm"": ""0.7"", ""n"": 254}, {""answer_norm"": "".7"", ""n"": 172}, {""answer_norm"": ""0.07"", ""n"": 25}, {""answer_norm"": "".07"", ""n"": 17}, {""answer_norm"": ""7"", ""n"": 14}]",model_dev,
277185,PSBBWFQ,1,Fill-in-the-blank(s),Numeric,"When rolling 3 standard number cubes, the probability of getting all three numbers to match is 6 216 . What is the probability that the three numbers do not all match?","When rolling 3 standard number cubes, the probability of getting all three numbers to match is 6 / 216. What is the probability that the three numbers do not all match?",210/216,statistics_probability,7.SP.C.8a,Understand Probability of a Compound Event,457,452,289,457,0.3566739606126914,0.2647702407002188,0.5142231947483589,"[{""answer_norm"": ""210/216"", ""n"": 226}, {""answer_norm"": ""0.972"", ""n"": 59}, {""answer_norm"": "".972"", ""n"": 30}, {""answer_norm"": ""1/36"", ""n"": 16}, {""answer_norm"": ""210"", ""n"": 8}]",model_dev,
277212,PSBBWD2,4,Fill-in-the-blank(s),Algebraic Expression,Find the length of a side of a square if its area is m 2 square units. units,Find the length of a side of a square if its area is m^2 square units. units,m,ratio_percent,8.NS.A.2,Approximate Irrational Numbers,550,541,409,550,0.2545454545454545,0.0654545454545454,0.72,"[{""answer_norm"": ""m"", ""n"": 490}, {""answer_norm"": ""m^1"", ""n"": 10}, {""answer_norm"": ""m^2"", ""n"": 9}, {""answer_norm"": ""m1"", ""n"": 6}, {""answer_norm"": ""m2"", ""n"": 4}]",model_dev,
277725,PSBBWMY,1,Fill-in-the-blank(s),Numeric,"For the event, tell how many outcomes there are. Roll a standard number cube. Then flip a quarter. outcomes","For the event, tell how many outcomes there are. Roll a standard number cube. Then flip a quarter. outcomes",12,statistics_probability,7.SP.C.8b,Represent Sample Spaces for Compound Events,477,474,393,475,0.1635220125786163,0.0356394129979035,0.6814814814814815,"[{""answer_norm"": ""12"", ""n"": 312}, {""answer_norm"": ""8"", ""n"": 34}, {""answer_norm"": ""1/12"", ""n"": 10}, {""answer_norm"": ""2"", ""n"": 7}, {""answer_norm"": ""6"", ""n"": 7}]",model_dev,
277925,PSBBWH7,2,Fill-in-the-blank(s),Numeric,A stack of 500 pieces of paper is 1.875 inches tall. Compute the thickness of each piece of paper. inches,A stack of 500 pieces of paper is 1.875 inches tall. Compute the thickness of each piece of paper. inches,0.00375,decimal,6.NS.B.3,"Add, Subtract, Multiply & Divide Multi-Digit Decimals",57,57,53,57,0.0701754385964912,0.0,0.3684210526315789,"[{""answer_norm"": ""0.00375"", ""n"": 21}, {""answer_norm"": "".00375"", ""n"": 2}, {""answer_norm"": ""0.035"", ""n"": 2}, {""answer_norm"": ""266"", ""n"": 2}, {""answer_norm"": ""266.6"", ""n"": 2}]",test,
278217,PSBBWMY,3,Fill-in-the-blank(s),Numeric,"For the event, tell how many outcomes there are. Select a month. Then select 2020 or 2025. outcomes","For the event, tell how many outcomes there are. Select a month. Then select 2020 or 2025. outcomes",24,statistics_probability,7.SP.C.8b,Represent Sample Spaces for Compound Events,472,469,381,470,0.1758474576271186,0.048728813559322,0.65,"[{""answer_norm"": ""24"", ""n"": 293}, {""answer_norm"": ""60"", ""n"": 37}, {""answer_norm"": ""12"", ""n"": 17}, {""answer_norm"": ""5"", ""n"": 15}, {""answer_norm"": ""14"", ""n"": 6}]",model_dev,
278504,PSBBWPJ,1,Fill-in-the-blank(s),Numeric,A rectangular prism measures 7 1 2 cm by 12 cm by 15 1 2 cm. Calculate the number of cubes with edge length 1 2 cm that fit in this prism. cubes,A rectangular prism measures 7 1 / 2 cm by 12 cm by 15 1 / 2 cm. Calculate the number of cubes with edge length 1 / 2 cm that fit in this prism. cubes,"11,160",fraction,6.G.A.2,Find the Volume of Rectangular Prisms with Fractional Sides,500,494,164,500,0.594,0.52,0.214,"[{""answer_norm"": ""11160"", ""n"": 160}, {""answer_norm"": ""11,160"", ""n"": 50}, {""answer_norm"": ""2790"", ""n"": 27}, {""answer_norm"": ""1395"", ""n"": 17}, {""answer_norm"": ""70"", ""n"": 15}]",model_dev,
278648,PSBBWPJ,2,Fill-in-the-blank(s),Numeric,"A rectangular prism measures 7 1 2 cm by 12 cm by 15 1 2 cm. What is the volume of the prism in cm 3 ? If you are stuck, think about how many cubes with 1 2 -cm edge lengths fit into 1 cm 3 . cm 3","A rectangular prism measures 7 1 / 2 cm by 12 cm by 15 1 / 2 cm. What is the volume of the prism in cm^(3)? If you are stuck, think about how many cubes with 1 / 2 -cm edge lengths fit into 1 cm^(3). cm^(3)",1395,fraction,6.G.A.2,Find the Volume of Rectangular Prisms with Fractional Sides,492,486,189,492,0.5447154471544715,0.2296747967479674,0.3170731707317073,"[{""answer_norm"": ""1395"", ""n"": 270}, {""answer_norm"": ""1,395"", ""n"": 22}, {""answer_norm"": ""2"", ""n"": 15}, {""answer_norm"": ""5580"", ""n"": 13}, {""answer_norm"": ""11160"", ""n"": 9}]",model_dev,
278653,PRABTSUQ,1,Fill-in-the-blank(s),Numeric Expression,Find the product. 2 3 · - 4 5,Find the product. 2 / 3 * ((- 4) / 5),-0.533333333,ratio_percent,7.NS.A.2c,Apply Properties of Operations to Multiply/Divide Rational Numbers,258,258,197,258,0.2015503875968992,0.2286821705426356,0.7093023255813954,"[{""answer_norm"": ""-8/15"", ""n"": 197}, {""answer_norm"": ""-0.53"", ""n"": 6}, {""answer_norm"": ""0.53"", ""n"": 4}, {""answer_norm"": ""8/15"", ""n"": 4}, {""answer_norm"": ""-6/15"", ""n"": 3}]",model_dev,
278775,PRABTSUR,1,Fill-in-the-blank(s),Numeric,Find the product. - 5 7 · 7 5 =,Find the product. ((- 5) / 7) * (7 / 5) =,-1,ratio_percent,7.NS.A.2c,Apply Properties of Operations to Multiply/Divide Rational Numbers,249,249,223,249,0.1044176706827309,0.0803212851405622,0.8353413654618473,"[{""answer_norm"": ""-1"", ""n"": 172}, {""answer_norm"": ""-35/35"", ""n"": 44}, {""answer_norm"": ""1"", ""n"": 11}, {""answer_norm"": ""-1/1"", ""n"": 8}, {""answer_norm"": ""-25/49"", ""n"": 2}]",model_dev,
278908,PRABTSUS,1,Fill-in-the-blank(s),Numeric,Find the product. - 2 39 · 39 =,Find the product. ((- 2) / 39) * 39 =,-2,ratio_percent,7.NS.A.2c,Apply Properties of Operations to Multiply/Divide Rational Numbers,253,253,221,253,0.1264822134387351,0.0632411067193675,0.7707509881422925,"[{""answer_norm"": ""-2"", ""n"": 170}, {""answer_norm"": ""-78/39"", ""n"": 40}, {""answer_norm"": ""2"", ""n"": 8}, {""answer_norm"": ""-2/1"", ""n"": 6}, {""answer_norm"": ""-1"", ""n"": 4}]",validation,
279032,PRABTSUT,1,Fill-in-the-blank(s),Numeric,Find the product. 2 5 · - 3 4 =,Find the product. (2 / 5) * ((- 3) / 4) =,-0.3,ratio_percent,7.NS.A.2c,Apply Properties of Operations to Multiply/Divide Rational Numbers,259,259,230,259,0.1042471042471042,0.0849420849420849,0.8301158301158301,"[{""answer_norm"": ""-3/10"", ""n"": 119}, {""answer_norm"": ""-6/20"", ""n"": 89}, {""answer_norm"": ""-0.3"", ""n"": 18}, {""answer_norm"": ""-.3"", ""n"": 5}, {""answer_norm"": ""-3"", ""n"": 5}]",model_dev,
279365,PRABEU2C,1,Fill-in-the-blank(s),Numeric,"A vending machine has 5 colors (white, red, green, blue, and yellow) of gumballs and an equal chance of dispensing each. A second machine has 4 different animal-shaped rubber bands (lion, elephant, horse, and alligator) and an equal chance of dispensing each. If you buy one item from each machine, what is the probability of getting a yellow gumball and a lion band?","A vending machine has 5 colors (white, red, green, blue, and yellow) of gumballs and an equal chance of dispensing each. A second machine has 4 different animal-shaped rubber bands (lion, elephant, horse, and alligator) and an equal chance of dispensing each. If you buy one item from each machine, what is the probability of getting a yellow gumball and a lion band?",20-Jan,statistics_probability,7.SP.C.8a,Understand Probability of a Compound Event,578,571,402,578,0.2975778546712803,0.1176470588235294,0.5380622837370242,"[{""answer_norm"": ""1/20"", ""n"": 365}, {""answer_norm"": ""20"", ""n"": 43}, {""answer_norm"": ""2/20"", ""n"": 22}, {""answer_norm"": ""2/9"", ""n"": 22}, {""answer_norm"": ""1/9"", ""n"": 17}]",validation,
279742,PRABEU2D,1,Fill-in-the-blank(s),Numeric,"The numbers 1 through 10 are put in one bag, and the numbers 5 through 14 are put in another bag. When you pick one number from each bag, what is the probability you get the same number?","The numbers 1 through 10 are put in one bag, and the numbers 5 through 14 are put in another bag. When you pick one number from each bag, what is the probability you get the same number?",6/100,statistics_probability,7.SP.C.8a,Understand Probability of a Compound Event,551,547,226,551,0.5862068965517241,0.2667876588021778,0.279491833030853,"[{""answer_norm"": ""6/100"", ""n"": 167}, {""answer_norm"": ""3/50"", ""n"": 37}, {""answer_norm"": ""1/90"", ""n"": 20}, {""answer_norm"": ""1/5"", ""n"": 15}, {""answer_norm"": ""1/10"", ""n"": 13}]",model_dev,
284725,PRABQMPS,1,Fill-in-the-blank(s),Numeric,"Compute 4 , 803 · 95 .","Compute (4, 803) * 95.","456,285",whole_number_arithmetic,5.NBT.B.5,Multiply Multi-Digit Whole Numbers Using the Standard Algorithm,32,32,28,32,0.125,0.0,0.53125,"[{""answer_norm"": ""456285"", ""n"": 19}, {""answer_norm"": ""12,063"", ""n"": 1}, {""answer_norm"": ""24065"", ""n"": 1}, {""answer_norm"": ""283377"", ""n"": 1}, {""answer_norm"": ""43295"", ""n"": 1}]",test,
287470,PSBBX8F,1,Fill-in-the-blank(s),Numeric,"Lin has a work of art that is 14 inches by 20 inches. She wants to frame it with large paper clips laid end to end. If each paper clip is 1 3 4 inch long, how many paper clips would she need? paper clips","Lin has a work of art that is 14 inches by 20 inches. She wants to frame it with large paper clips laid end to end. If each paper clip is 1 3 / 4 inch long, how many paper clips would she need? paper clips",38,fraction,6.NS.A.1,Interpret & Compute using Division of Fractions,25,25,15,25,0.4,0.0,0.44,"[{""answer_norm"": ""1.38"", ""n"": 15}, {""answer_norm"": ""30"", ""n"": 4}, {""answer_norm"": ""160"", ""n"": 2}, {""answer_norm"": ""19"", ""n"": 1}, {""answer_norm"": ""210"", ""n"": 1}]",test,
287627,PSBBX8F,3,Fill-in-the-blank(s),Numeric,How many paper clips are needed if the paper clips are spaced 1 4 inch apart? paper clips,How many paper clips are needed if the paper clips are spaced 1 / 4 inch apart? paper clips,34,fraction,6.NS.A.1,Interpret & Compute using Division of Fractions,25,25,10,25,0.6,0.0,0.36,"[{""answer_norm"": ""2.34"", ""n"": 18}, {""answer_norm"": ""135"", ""n"": 1}, {""answer_norm"": ""2"", ""n"": 1}, {""answer_norm"": ""39"", ""n"": 1}, {""answer_norm"": ""4"", ""n"": 1}]",test,
288503,PSBBYD8,3,Fill-in-the-blank(s),Numeric,Find the mean.,Find the mean.,2.4,statistics_probability,6.SP.B.5c,Give & Describe Quantitative Measures of Center & Variability,40,39,36,40,0.1,0.0,0.825,"[{""answer_norm"": ""2.4"", ""n"": 33}, {""answer_norm"": ""5"", ""n"": 3}, {""answer_norm"": ""1.7"", ""n"": 1}, {""answer_norm"": ""2"", ""n"": 1}, {""answer_norm"": ""24"", ""n"": 1}]",model_dev,
289975,PRABG6KV,1,Fill-in-the-blank(s),Numeric,Find the product mentally. 19 ⋅ 14,Find the product mentally. 19 * 14,266,whole_number_arithmetic,5.NBT.B.5,Multiply Multi-Digit Whole Numbers Using the Standard Algorithm,62,62,55,62,0.0967741935483871,0.0161290322580645,0.6774193548387096,"[{""answer_norm"": ""266"", ""n"": 46}, {""answer_norm"": ""16.66"", ""n"": 2}, {""answer_norm"": ""166"", ""n"": 2}, {""answer_norm"": ""1.38"", ""n"": 1}, {""answer_norm"": ""136"", ""n"": 1}]",test,
291134,PSBBYVH,2,Fill-in-the-blank(s),Algebraic Expression,Rearrange the equation so b is the independent variable. r = Use b as your variable.,Rearrange the equation so b is the independent variable. r = Use b as your variable.,5-0.8b,equation_algebra,8.F.A.3,Identify Linear & Non-Linear Functions,658,640,531,650,0.1808510638297872,0.0,0.4023904382470119,"[{""answer_norm"": ""5-0.8b"", ""n"": 109}, {""answer_norm"": ""5-.8b"", ""n"": 20}, {""answer_norm"": ""r=5-0.8b"", ""n"": 20}, {""answer_norm"": ""b=6.25-1.25r"", ""n"": 16}, {""answer_norm"": ""r=5-.8b"", ""n"": 16}]",model_dev,
292292,PSBBYZR,2,Fill-in-the-blank(s),Numeric,Choose one equation and solve it. y =,Choose one equation and solve it. y =,2.4,equation_algebra,6.EE.B.7,Write & Solve 1-Step Equations,352,340,254,352,0.2329545454545454,0.2954545454545454,0.6392045454545454,"[{""answer_norm"": ""2.4"", ""n"": 221}, {""answer_norm"": ""2.40"", ""n"": 54}, {""answer_norm"": ""24"", ""n"": 7}, {""answer_norm"": ""1.6"", ""n"": 6}, {""answer_norm"": ""240"", ""n"": 5}]",model_dev,
293786,PSBBY9X,2,Fill-in-the-blank(s),Numeric,What is the solution to the equation? x =,What is the solution to the equation? x =,-1,ratio_percent,8.EE.C.7b,Solve Multi-Step Linear Equations with Rational Number Coefficients,806,798,514,806,0.3573200992555831,0.0905707196029776,0.5620347394540943,"[{""answer_norm"": ""-1"", ""n"": 547}, {""answer_norm"": ""5"", ""n"": 45}, {""answer_norm"": ""-5"", ""n"": 44}, {""answer_norm"": ""1"", ""n"": 28}, {""answer_norm"": ""-3"", ""n"": 14}]",test,
294102,PRABEC2P,1,Fill-in-the-blank(s),Numeric,Solve 3 ( x - 4 ) = 12 x x =,Solve 3 (x - 4) = 12 x x =,-1.333333333,ratio_percent,8.EE.C.7b,Solve Multi-Step Linear Equations with Rational Number Coefficients,866,858,526,866,0.3833718244803695,0.2032332563510392,0.4711316397228637,"[{""answer_norm"": ""-4/3"", ""n"": 403}, {""answer_norm"": ""8"", ""n"": 74}, {""answer_norm"": ""-1 1/3"", ""n"": 65}, {""answer_norm"": ""4/3"", ""n"": 33}, {""answer_norm"": ""1 1/3"", ""n"": 18}]",validation,
294155,PSBBZFQ,1,Fill-in-the-blank(s),Algebraic Expression,"A trail mix recipe asks for 4 cups of raisins for every 6 cups of peanuts. There is proportional relationship between the amount of raisins, r (cups), and the amount of peanuts, p (cups), in this recipe. Write the equation for the relationship that has a constant of proportionality greater than 1. p = Use r as your variable.","A trail mix recipe asks for 4 cups of raisins for every 6 cups of peanuts. There is proportional relationship between the amount of raisins, r (cups), and the amount of peanuts, p (cups), in this recipe. Write the equation for the relationship that has a constant of proportionality greater than 1. p = Use r as your variable.",6/4r,ratio_percent,7.RP.A.2c,Represent Proportional Relationships with Equations,1431,1404,1002,1431,0.2948986722571628,0.1614255765199161,0.5863032844164919,"[{""answer_norm"": ""1.5r"", ""n"": 487}, {""answer_norm"": ""6/4r"", ""n"": 303}, {""answer_norm"": ""3/2r"", ""n"": 148}, {""answer_norm"": ""4r"", ""n"": 137}, {""answer_norm"": ""2/3r"", ""n"": 50}]",model_dev,
294659,PSBBZFQ,3,Fill-in-the-blank(s),Algebraic Expression,"A trail mix recipe asks for 4 cups of raisins for every 6 cups of peanuts. There is proportional relationship between the amount of raisins, r (cups), and the amount of peanuts, p (cups), in this recipe. Write the equation for the relationship that has a constant of proportionality less than 1. r = Use p as your variable.","A trail mix recipe asks for 4 cups of raisins for every 6 cups of peanuts. There is proportional relationship between the amount of raisins, r (cups), and the amount of peanuts, p (cups), in this recipe. Write the equation for the relationship that has a constant of proportionality less than 1. r = Use p as your variable.",4/6p,ratio_percent,7.RP.A.2c,Represent Proportional Relationships with Equations,1414,1390,879,1414,0.3677510608203677,0.2708628005657709,0.5162659123055162,"[{""answer_norm"": ""4/6p"", ""n"": 473}, {""answer_norm"": ""2/3p"", ""n"": 352}, {""answer_norm"": ""0.6p"", ""n"": 92}, {""answer_norm"": ""1.5p"", ""n"": 46}, {""answer_norm"": "".6p"", ""n"": 28}]",model_dev,
296489,PSBBZQT,2,Fill-in-the-blank(s),Numeric,A computer program found that the line c = 2 t - 89 is a good fit for the data. Use this equation to predict how many cups of lemonade Lin might sell on a day when the high temperature is 74 degrees. cups of lemonade,A computer program found that the line c = 2 t - 89 is a good fit for the data. Use this equation to predict how many cups of lemonade Lin might sell on a day when the high temperature is 74 degrees. cups of lemonade,59,statistics_probability,8.SP.A.2 | 8.SP.A.3,Determine Line of Best Fit for Scatter Plots | Use Linear Equations Applied to Bivariate Data,78,75,62,78,0.2051282051282051,0.0,0.6666666666666666,"[{""answer_norm"": ""59"", ""n"": 63}, {""answer_norm"": ""57"", ""n"": 3}, {""answer_norm"": ""15"", ""n"": 1}, {""answer_norm"": ""26"", ""n"": 1}, {""answer_norm"": ""40"", ""n"": 1}]",model_dev,
296579,PSBBZQT,3,Fill-in-the-blank(s),Numeric,"The high temperature this Sunday is expected to be 5 degrees warmer than the high temperature this Saturday. Using the line c = 2 t - 89 , how many more cups of lemonade should Lin expect to sell on Sunday than Saturday? more cups of lemonade","The high temperature this Sunday is expected to be 5 degrees warmer than the high temperature this Saturday. Using the line c = 2 t - 89, how many more cups of lemonade should Lin expect to sell on Sunday than Saturday? more cups of lemonade",10,statistics_probability,8.SP.A.2 | 8.SP.A.3,Determine Line of Best Fit for Scatter Plots | Use Linear Equations Applied to Bivariate Data,78,75,59,78,0.2435897435897435,0.0,0.5,"[{""answer_norm"": ""10"", ""n"": 49}, {""answer_norm"": ""69"", ""n"": 9}, {""answer_norm"": ""64"", ""n"": 4}, {""answer_norm"": ""-79"", ""n"": 3}, {""answer_norm"": ""79"", ""n"": 3}]",model_dev,
298057,PRABFGZ4,1,Fill-in-the-blank(s),Numeric,Solve the equation. a - 2 . 01 = 5 . 5 a =,Solve the equation. a - 2.01 = 5.5 a =,7.51,equation_algebra,6.EE.B.7,Write & Solve 1-Step Equations,1049,1027,902,1049,0.1229742612011439,0.0495710200190657,0.6959008579599618,"[{""answer_norm"": ""7.51"", ""n"": 803}, {""answer_norm"": ""3.49"", ""n"": 130}, {""answer_norm"": ""7.6"", ""n"": 14}, {""answer_norm"": ""7.5"", ""n"": 6}, {""answer_norm"": ""7.56"", ""n"": 6}]",model_dev,
298063,PSBBZZP,2,Fill-in-the-blank(s),Numeric,"If there are 2,024 dedicated readers of The Adventures of Super Sam , estimate the number of readers who want the new hero to fly.","If there are 2,024 dedicated readers of The Adventures of Super Sam, estimate the number of readers who want the new hero to fly.",810,statistics_probability,7.SP.A.2 | 7.SP.B.4,Use Random Samples to Draw Influences | Draw Inferences using Measures of Center & Variability,26,26,24,26,0.0769230769230769,0.0,0.5,"[{""answer_norm"": ""810"", ""n"": 13}, {""answer_norm"": ""809.6"", ""n"": 7}, {""answer_norm"": ""809"", ""n"": 2}, {""answer_norm"": ""4048/5"", ""n"": 1}, {""answer_norm"": ""800"", ""n"": 1}]",validation,
298258,PRABFGZ5,1,Fill-in-the-blank(s),Numeric,Solve the equation. b + 2 . 01 = 5 . 5 b =,Solve the equation. b + 2.01 = 5.5 b =,3.49,equation_algebra,6.EE.B.7,Write & Solve 1-Step Equations,1054,1033,947,1054,0.0872865275142315,0.0379506641366223,0.7893738140417458,"[{""answer_norm"": ""3.49"", ""n"": 881}, {""answer_norm"": ""7.51"", ""n"": 44}, {""answer_norm"": ""2.49"", ""n"": 19}, {""answer_norm"": ""3.4"", ""n"": 14}, {""answer_norm"": ""3.51"", ""n"": 10}]",model_dev,
298444,PRABFGZ6,1,Fill-in-the-blank(s),Numeric,Solve the equation. 10 c = 13 . 71 c =,Solve the equation. 10 c = 13.71 c =,1.371,equation_algebra,6.EE.B.7,Write & Solve 1-Step Equations,1008,987,826,1008,0.1567460317460317,0.056547619047619,0.7390873015873016,"[{""answer_norm"": ""1.371"", ""n"": 813}, {""answer_norm"": ""3.71"", ""n"": 61}, {""answer_norm"": ""1.37"", ""n"": 18}, {""answer_norm"": ""13.71/10"", ""n"": 11}, {""answer_norm"": ""137.1"", ""n"": 11}]",model_dev,
298615,PRABFGZ7,1,Fill-in-the-blank(s),Numeric,Solve the equation. 100 d = 13 . 71 d =,Solve the equation. 100 d = 13.71 d =,0.1371,equation_algebra,6.EE.B.7,Write & Solve 1-Step Equations,910,890,783,910,0.1296703296703296,0.0505494505494505,0.7846153846153846,"[{""answer_norm"": ""0.1371"", ""n"": 555}, {""answer_norm"": "".1371"", ""n"": 189}, {""answer_norm"": ""0.137"", ""n"": 18}, {""answer_norm"": ""1.371"", ""n"": 13}, {""answer_norm"": ""13.71/100"", ""n"": 13}]",model_dev,
301201,PSBB2KM,1,Fill-in-the-blank(s),Numeric,Triangle ABC is a scaled copy of triangle DEF . Side AB measures 12 cm and is the longest side of ABC . Side DE measures 8 cm and is the longest side of DEF . Triangle ABC is a scaled copy of triangle DEF with what scale factor?,Triangle ABC is a scaled copy of triangle DEF. Side AB measures 12 cm and is the longest side of ABC. Side DE measures 8 cm and is the longest side of DEF. Triangle ABC is a scaled copy of triangle DEF with what scale factor?,1.5,ratio_percent,7.G.A.1,Solve Scale Drawing Problems,436,433,309,436,0.286697247706422,0.0756880733944954,0.5596330275229358,"[{""answer_norm"": ""1.5"", ""n"": 226}, {""answer_norm"": ""3/2"", ""n"": 45}, {""answer_norm"": ""2/3"", ""n"": 36}, {""answer_norm"": ""4"", ""n"": 20}, {""answer_norm"": ""96"", ""n"": 15}]",test,
301355,PSBB2JV,2,Fill-in-the-blank(s),Numeric,A bug was sitting on the tip of the propeller blade when the propeller started to rotate. The bug held on for 5 rotations before flying away. How far did the bug travel before it flew off? inches Round to the nearest whole inch.,A bug was sitting on the tip of the propeller blade when the propeller started to rotate. The bug held on for 5 rotations before flying away. How far did the bug travel before it flew off? inches Round to the nearest whole inch.,754,equation_algebra,7.G.B.4,Solve Problems Involving Area & Circumference of Circles,138,138,88,138,0.3623188405797101,0.1739130434782608,0.4710144927536231,"[{""answer_norm"": ""754"", ""n"": 78}, {""answer_norm"": ""753.6"", ""n"": 9}, {""answer_norm"": ""120"", ""n"": 6}, {""answer_norm"": ""240"", ""n"": 6}, {""answer_norm"": ""15"", ""n"": 3}]",model_dev,
301764,PSBB2N3,3,Fill-in-the-blank(s),Numeric,The track is 9.76 m wide all the way around. What is the distance around the outside of the track? m Use 3.14 as an approximation for π .,The track is 9.76 m wide all the way around. What is the distance around the outside of the track? m Use 3.14 as an approximation for pi.,459.3,equation_algebra,7.G.B.4,Solve Problems Involving Area & Circumference of Circles,81,72,30,81,0.6172839506172839,0.4938271604938271,0.2469135802469135,"[{""answer_norm"": ""459.3"", ""n"": 35}, {""answer_norm"": ""10"", ""n"": 2}, {""answer_norm"": ""145"", ""n"": 2}, {""answer_norm"": ""459"", ""n"": 2}, {""answer_norm"": ""459.2"", ""n"": 2}]",model_dev,
302809,PSBB2XW,1,Fill-in-the-blank(s),Numeric,A runner ran 2 3 of a 5-kilometer race in 21 minutes. They ran the entire race at a constant speed. How long did it take to run the entire race? minutes,A runner ran 2 / 3 of a 5-kilometer race in 21 minutes. They ran the entire race at a constant speed. How long did it take to run the entire race? minutes,31.5,ratio_percent,7.RP.A.1 | 7.RP.A.2a,Compute Unit Rates with Fractions | Identify Proportional Relationships,969,966,618,969,0.3591331269349845,0.2270381836945304,0.5531475748194015,"[{""answer_norm"": ""31.5"", ""n"": 663}, {""answer_norm"": ""31.53"", ""n"": 36}, {""answer_norm"": ""157.5"", ""n"": 18}, {""answer_norm"": ""6.3"", ""n"": 18}, {""answer_norm"": ""21"", ""n"": 17}]",model_dev,
303033,PSBB2XW,2,Fill-in-the-blank(s),Numeric,A runner ran 2 3 of a 5-kilometer race in 21 minutes. They ran the entire race at a constant speed. How many minutes did it take to run 1 kilometer? minutes,A runner ran 2 / 3 of a 5-kilometer race in 21 minutes. They ran the entire race at a constant speed. How many minutes did it take to run 1 kilometer? minutes,6.3,ratio_percent,7.RP.A.1 | 7.RP.A.2a,Compute Unit Rates with Fractions | Identify Proportional Relationships,963,960,657,963,0.304257528556594,0.1796469366562824,0.6230529595015576,"[{""answer_norm"": ""6.3"", ""n"": 708}, {""answer_norm"": ""10.5"", ""n"": 43}, {""answer_norm"": ""4.2"", ""n"": 28}, {""answer_norm"": ""31.5"", ""n"": 12}, {""answer_norm"": ""6.5"", ""n"": 9}]",model_dev,
304746,PSBB28B,1,Fill-in-the-blank(s),Numeric,Diego is 59.5 inches tall. His brother is 40.125 inches tall. How much taller than his brother is Diego? inches,Diego is 59.5 inches tall. His brother is 40.125 inches tall. How much taller than his brother is Diego? inches,19.375,decimal,6.NS.B.3,"Add, Subtract, Multiply & Divide Multi-Digit Decimals",327,302,275,327,0.1406727828746177,0.0519877675840978,0.7553516819571865,"[{""answer_norm"": ""19.375"", ""n"": 254}, {""answer_norm"": ""19.425"", ""n"": 9}, {""answer_norm"": ""19.37500"", ""n"": 7}, {""answer_norm"": ""19.385"", ""n"": 4}, {""answer_norm"": ""99.625"", ""n"": 4}]",test,
305101,PSBB29K,1,Fill-in-the-blank(s),Numeric,A runner has run 1.192 kilometers of a 10-kilometer race. How much farther does he need to run to finish the race? kilometers,A runner has run 1.192 kilometers of a 10-kilometer race. How much farther does he need to run to finish the race? kilometers,8.808,decimal,6.NS.B.3,"Add, Subtract, Multiply & Divide Multi-Digit Decimals",319,295,256,319,0.1661442006269592,0.0721003134796238,0.6990595611285266,"[{""answer_norm"": ""8.808"", ""n"": 234}, {""answer_norm"": ""08.808"", ""n"": 10}, {""answer_norm"": ""8.80800"", ""n"": 6}, {""answer_norm"": ""9.808"", ""n"": 6}, {""answer_norm"": ""1.182"", ""n"": 5}]",model_dev,
306784,PRABHNBP,1,Fill-in-the-blank(s),Numeric,"In a sprint to the finish, a professional cyclist travels 380 meters in 20 seconds. At that rate, how far does the cyclist travel in 3 seconds? meters","In a sprint to the finish, a professional cyclist travels 380 meters in 20 seconds. At that rate, how far does the cyclist travel in 3 seconds? meters",57,ratio_percent,6.RP.A.3b,Solve Unit Rate Problems,458,433,311,458,0.2816593886462882,0.1593886462882096,0.5698689956331878,"[{""answer_norm"": ""57"", ""n"": 301}, {""answer_norm"": ""19"", ""n"": 33}, {""answer_norm"": ""126"", ""n"": 15}, {""answer_norm"": ""126.6"", ""n"": 5}, {""answer_norm"": ""48"", ""n"": 5}]",model_dev,
308518,PRABTSVJ,1,Fill-in-the-blank(s),Numeric,Solve the equation. 25 - 3 x = 40 x =,Solve the equation. 25 - 3 x = 40 x =,-5,equation_algebra,7.EE.B.4a,Solve 2-Step Equations,15,15,5,15,0.6666666666666666,0.0,0.2,"[{""answer_norm"": ""-5"", ""n"": 9}, {""answer_norm"": ""5"", ""n"": 3}, {""answer_norm"": ""21.6"", ""n"": 1}, {""answer_norm"": ""24"", ""n"": 1}, {""answer_norm"": ""62"", ""n"": 1}]",model_dev,
308593,PRABTSVK,1,Fill-in-the-blank(s),Numeric,Solve the equation. 1 3 ( x - 10 ) = - 4 x =,Solve the equation. 1 / 3 (x - 10) = - 4 x =,-2,equation_algebra,7.EE.B.4a,Solve 2-Step Equations,16,16,6,16,0.625,0.0,0.25,"[{""answer_norm"": ""-2"", ""n"": 12}, {""answer_norm"": ""-12"", ""n"": 1}, {""answer_norm"": ""-3"", ""n"": 1}, {""answer_norm"": ""18"", ""n"": 1}, {""answer_norm"": ""22"", ""n"": 1}]",model_dev,
310779,PSBB4BH,1,Fill-in-the-blank(s),Numeric,"There are 12 inches in 1 foot and 5,280 feet in 1 mile. Elena ran 2 1 2 miles. How many feet is that? feet","There are 12 inches in 1 foot and 5,280 feet in 1 mile. Elena ran 2 1 / 2 miles. How many feet is that? feet",13200,other,5.MD.A.1,Convert Among Standard Measurement Units,125,124,95,125,0.24,0.0,0.464,"[{""answer_norm"": ""13200"", ""n"": 50}, {""answer_norm"": ""13,200"", ""n"": 11}, {""answer_norm"": ""10560"", ""n"": 3}, {""answer_norm"": ""10,560"", ""n"": 2}, {""answer_norm"": ""10824"", ""n"": 2}]",model_dev,
313685,PSBB4YA,2,Fill-in-the-blank(s),Numeric,Your friend purchased a medium pizza for $10.31 with a 30% off coupon. What is the price of a medium pizza without a coupon? $,Your friend purchased a medium pizza for $10.31 with a 30% off coupon. What is the price of a medium pizza without a coupon? $,14.73,ratio_percent,7.RP.A.3,Use Proportional Relationships to Solve Ratio & Percent Problems,1201,1193,583,1201,0.5029142381348876,0.279766860949209,0.3721898417985012,"[{""answer_norm"": ""14.73"", ""n"": 602}, {""answer_norm"": ""13.40"", ""n"": 122}, {""answer_norm"": ""14.72"", ""n"": 38}, {""answer_norm"": ""13.403"", ""n"": 34}, {""answer_norm"": ""13.4"", ""n"": 33}]",model_dev,
316168,PSBB5DC,1,Fill-in-the-blank(s),Numeric,"Here are the vertices of rectangle FROG: (-2, 5), (-2, 1), (6, 5), (6, 1). Find the perimeter of this rectangle. If you get stuck, try plotting the points on a coordinate plane. units","Here are the vertices of rectangle FROG: (-2, 5), (-2, 1), (6, 5), (6, 1). Find the perimeter of this rectangle. If you get stuck, try plotting the points on a coordinate plane. units",24,functions_graphs,6.G.A.3,Use Coordinates on a Graph to Create Polygons & Find Side Lengths,931,916,452,931,0.5026852846401718,0.1729323308270676,0.388829215896885,"[{""answer_norm"": ""24"", ""n"": 639}, {""answer_norm"": ""16"", ""n"": 27}, {""answer_norm"": ""20"", ""n"": 27}, {""answer_norm"": ""32"", ""n"": 26}, {""answer_norm"": ""26"", ""n"": 25}]",model_dev,
318171,PRABJDMR,1,Fill-in-the-blank(s),Numeric,"The population of City A was approximately 243,000 people, and it increased by 8% in one year. What was the new population? Approximately people","The population of City A was approximately 243,000 people, and it increased by 8% in one year. What was the new population? Approximately people","262000, 262440",statistics_probability,7.RP.A.3,Use Proportional Relationships to Solve Ratio & Percent Problems,131,131,99,131,0.2442748091603053,0.0458015267175572,0.549618320610687,"[{""answer_norm"": ""262440"", ""n"": 62}, {""answer_norm"": ""262,440"", ""n"": 23}, {""answer_norm"": ""19440"", ""n"": 12}, {""answer_norm"": ""437400"", ""n"": 3}, {""answer_norm"": ""18"", ""n"": 2}]",validation,
318309,PRABJDMS,1,Fill-in-the-blank(s),Numeric,"The population of city B was approximately 7,150,000, and it increased by 0.8% in one year. What was the new population? Approximately people","The population of city B was approximately 7,150,000, and it increased by 0.8% in one year. What was the new population? Approximately people","7207200, 7210000",statistics_probability,7.RP.A.3,Use Proportional Relationships to Solve Ratio & Percent Problems,131,131,99,131,0.2366412213740458,0.0305343511450381,0.5877862595419847,"[{""answer_norm"": ""7207200"", ""n"": 65}, {""answer_norm"": ""7,207,200"", ""n"": 26}, {""answer_norm"": ""57200"", ""n"": 5}, {""answer_norm"": ""7722000"", ""n"": 4}, {""answer_norm"": ""12870000"", ""n"": 3}]",model_dev,
318855,PRABESU8,1,Fill-in-the-blank(s),Numeric,Circle A has circumference 2 2 3 m. Circle B has a diameter that is 1 1 2 times as long as Circle A’s diameter. What is the circumference of Circle B? meters Round to the nearest whole number.,Circle A has circumference 2 2 / 3 m. Circle B has a diameter that is 1 1 / 2 times as long as Circle A’s diameter. What is the circumference of Circle B? meters Round to the nearest whole number.,4,equation_algebra,7.G.B.4,Solve Problems Involving Area & Circumference of Circles,601,593,318,601,0.4658901830282861,0.3161397670549085,0.4143094841930116,"[{""answer_norm"": ""4"", ""n"": 377}, {""answer_norm"": ""5"", ""n"": 29}, {""answer_norm"": ""1"", ""n"": 27}, {""answer_norm"": ""13"", ""n"": 25}, {""answer_norm"": ""2"", ""n"": 15}]",model_dev,
319193,PSBB5WF,3,Fill-in-the-blank(s),Numeric,"Lin’s second pan has a length of 8 3 inches, a width of 15 4 inches, and a height of 3 2 inches. What is the volume of the second pan? cubic inches","Lin’s second pan has a length of 8 / 3 inches, a width of 15 / 4 inches, and a height of 3 / 2 inches. What is the volume of the second pan? cubic inches",15,fraction,6.G.A.2,Find the Volume of Rectangular Prisms with Fractional Sides,65,65,46,65,0.2923076923076923,0.0,0.5692307692307692,"[{""answer_norm"": ""15"", ""n"": 45}, {""answer_norm"": ""360/24"", ""n"": 4}, {""answer_norm"": ""0"", ""n"": 2}, {""answer_norm"": ""360"", ""n"": 2}, {""answer_norm"": ""64/135"", ""n"": 2}]",model_dev,
319240,PSBB5WW,1,Fill-in-the-blank(s),Numeric,What is the angle between the hour and minute hands of a clock at 3:00? °,What is the angle between the hour and minute hands of a clock at 3:00? °,90,equation_algebra,7.G.B.5,Use Facts About Angles to Write & Solve Equations,3,3,1,3,0.6666666666666666,0.0,0.3333333333333333,"[{""answer_norm"": ""90"", ""n"": 2}, {""answer_norm"": ""2.50"", ""n"": 1}]",model_dev,
319333,PSBB5WW,2,Fill-in-the-blank(s),Numeric,"You might think that the angle between the hour and minute hands at 2:20 is 60 degrees, but it is not! The hour hand has moved beyond the 2. Calculate the angle between the clock hands at 2:20. °","You might think that the angle between the hour and minute hands at 2:20 is 60 degrees, but it is not! The hour hand has moved beyond the 2. Calculate the angle between the clock hands at 2:20. °",50,equation_algebra,7.G.B.5,Use Facts About Angles to Write & Solve Equations,3,3,0,3,1.0,0.0,0.0,"[{""answer_norm"": ""50"", ""n"": 1}, {""answer_norm"": ""65"", ""n"": 1}, {""answer_norm"": ""90"", ""n"": 1}]",model_dev,
319516,PSBB5YQ,1,Fill-in-the-blank(s),Numeric,A Andre le toma 4 minutos nadar 5 piscinas. ¿Esto equivale a cuántos piscinas por minuto? piscinas por minuto,A Andre le toma 4 minutos nadar 5 piscinas. ¿Esto equivale a cuántos piscinas por minuto? piscinas por minuto,4-May,ratio_percent,6.RP.A.3b,Solve Unit Rate Problems,1,1,1,1,0.0,0.0,0.0,"[{""answer_norm"": ""20"", ""n"": 1}]",model_dev,
319607,PSBB5YQ,2,Fill-in-the-blank(s),Numeric,A Andre le toma 4 minutos nadar 5 piscinas. ¿Esto equivale a cuántos minutos por cada piscina? minutos,A Andre le toma 4 minutos nadar 5 piscinas. ¿Esto equivale a cuántos minutos por cada piscina? minutos,5-Apr,ratio_percent,6.RP.A.3b,Solve Unit Rate Problems,1,1,1,1,0.0,0.0,1.0,"[{""answer_norm"": ""4/5"", ""n"": 1}]",model_dev,
319717,PSBB5YQ,3,Fill-in-the-blank(s),Numeric,"Si Andre nadara 22 piscinas a esa misma tasa, ¿cuánto tiempo tardaría? minutos","Si Andre nadara 22 piscinas a esa misma tasa, ¿cuánto tiempo tardaría? minutos",17.6,ratio_percent,6.RP.A.3b,Solve Unit Rate Problems,1,1,1,1,0.0,0.0,1.0,"[{""answer_norm"": ""17.6"", ""n"": 1}]",model_dev,
319914,PRABQMA2,1,Fill-in-the-blank(s),Numeric,Divide. 3 4 ÷ 1 5,Divide. 3 / 4 / 1 / 5,3.75,fraction,6.NS.A.1,Interpret & Compute using Division of Fractions,43,42,43,43,0.0,0.0,0.6046511627906976,"[{""answer_norm"": ""15/4"", ""n"": 16}, {""answer_norm"": ""3 3/4"", ""n"": 9}, {""answer_norm"": ""0.15"", ""n"": 2}, {""answer_norm"": ""0.625"", ""n"": 1}, {""answer_norm"": ""1 1/3"", ""n"": 1}]",test,
320033,PRABQMA8,1,Fill-in-the-blank(s),Numeric,Divide. 9 2 ÷ 3 4,Divide. 9 / 2 / 3 / 4,6,fraction,6.NS.A.1,Interpret & Compute using Division of Fractions,6,5,5,6,0.1666666666666666,0.0,0.3333333333333333,"[{""answer_norm"": ""36/6"", ""n"": 2}, {""answer_norm"": ""27/6"", ""n"": 1}, {""answer_norm"": ""27/8"", ""n"": 1}, {""answer_norm"": ""36/3"", ""n"": 1}, {""answer_norm"": ""6/36"", ""n"": 1}]",test,
320140,PRABQMA9,1,Fill-in-the-blank(s),Numeric,Divide. 4 9 ÷ 8 15,Divide. 4 / 9 / 8 / 15,6-May,fraction,6.NS.A.1,Interpret & Compute using Division of Fractions,6,5,6,6,0.0,0.0,1.0,"[{""answer_norm"": ""60/72"", ""n"": 6}]",model_dev,
320253,PRABQMBA,1,Fill-in-the-blank(s),Numeric,Divide. 5 2 3 ÷ 3 2,Divide. 5 2 / 3 / 3 / 2,34/9,fraction,6.NS.A.1,Interpret & Compute using Division of Fractions,44,43,43,44,0.0227272727272727,0.0,0.4318181818181818,"[{""answer_norm"": ""34/9"", ""n"": 12}, {""answer_norm"": ""3 7/9"", ""n"": 7}, {""answer_norm"": ""8 1/2"", ""n"": 2}, {""answer_norm"": ""0iu"", ""n"": 1}, {""answer_norm"": ""1/9"", ""n"": 1}]",model_dev,
320405,PRABPKZZ,1,Fill-in-the-blank(s),Numeric,"How many 1 3 inch cubes does it take to fill a box with width 2 2 3 inches, length 3 1 3 inches, and height 2 1 3 inches? 1 3 inch cubes","How many 1 / 3 inch cubes does it take to fill a box with width 2 2 / 3 inches, length 3 1 / 3 inches, and height 2 1 / 3 inches? 1 / 3 inch cubes",560,fraction,6.G.A.2,Find the Volume of Rectangular Prisms with Fractional Sides,103,103,85,103,0.174757281553398,0.0,0.2233009708737864,"[{""answer_norm"": ""560"", ""n"": 34}, {""answer_norm"": ""25"", ""n"": 9}, {""answer_norm"": ""224"", ""n"": 8}, {""answer_norm"": ""320"", ""n"": 3}, {""answer_norm"": ""62 2/9"", ""n"": 3}]",model_dev,
320538,PRABTVKQ,1,Fill-in-the-blank(s),Numeric,Noah y Andre están a 15 millas de distancia por un camino y comienzan a andar en bicicleta el uno hacia el otro. Noah pedalea a una rapidez constante de 4 millas por hora y Andre a una rapidez constante de 2 millas por hora. ¿Cuánto tiempo tardan en encontrarse? horas,Noah y Andre están a 15 millas de distancia por un camino y comienzan a andar en bicicleta el uno hacia el otro. Noah pedalea a una rapidez constante de 4 millas por hora y Andre a una rapidez constante de 2 millas por hora. ¿Cuánto tiempo tardan en encontrarse? horas,2.5,ratio_percent,6.RP.A.3b,Solve Unit Rate Problems,1,1,1,1,0.0,0.0,1.0,"[{""answer_norm"": ""2.5"", ""n"": 1}]",test,
323049,PSBB6JM,1,Fill-in-the-blank(s),Numeric,"At a school, 40% of the sixth-grade students said that hip-hop is their favorite kind of music. If 100 sixth-grade students prefer hip hop music, how many sixth-grade students are at the school? sixth-grade students","At a school, 40% of the sixth-grade students said that hip-hop is their favorite kind of music. If 100 sixth-grade students prefer hip hop music, how many sixth-grade students are at the school? sixth-grade students",250,ratio_percent,6.RP.A.3c,Solve Problems Involving Percents,1625,1592,1203,1625,0.1895384615384615,0.1735384615384615,0.6184615384615385,"[{""answer_norm"": ""250"", ""n"": 1148}, {""answer_norm"": ""40"", ""n"": 73}, {""answer_norm"": ""400"", ""n"": 51}, {""answer_norm"": ""100"", ""n"": 44}, {""answer_norm"": ""60"", ""n"": 38}]",model_dev,
323397,PSBB6QU,1,Fill-in-the-blank(s),Numeric,"Clare made $160 babysitting last summer. She put the money in a savings account that pays 3% interest per year. If Clare doesn’t touch the money in her account, she can find the amount she’ll have the next year by multiplying her current amount by 1.03. How much money will Clare have in her account after 1 year? $","Clare made $160 babysitting last summer. She put the money in a savings account that pays 3% interest per year. If Clare doesn’t touch the money in her account, she can find the amount she’ll have the next year by multiplying her current amount by 1.03. How much money will Clare have in her account after 1 year? $",164.8,ratio_percent,7.RP.A.3,Use Proportional Relationships to Solve Ratio & Percent Problems,622,615,466,622,0.22508038585209,0.1270096463022508,0.6736334405144695,"[{""answer_norm"": ""164.8"", ""n"": 321}, {""answer_norm"": ""164.80"", ""n"": 204}, {""answer_norm"": ""1.03"", ""n"": 10}, {""answer_norm"": ""169.74"", ""n"": 8}, {""answer_norm"": ""208"", ""n"": 8}]",test,
323501,PSBB6QW,1,Fill-in-the-blank(s),Numeric,The depth of a lake is 15.8 m. Jada accurately measured the depth of the lake to the nearest meter. What measurement did Jada get? meters,The depth of a lake is 15.8 m. Jada accurately measured the depth of the lake to the nearest meter. What measurement did Jada get? meters,16,ratio_percent,7.RP.A.3,Use Proportional Relationships to Solve Ratio & Percent Problems,1279,1218,1115,1279,0.1235340109460516,0.0203283815480844,0.8201720093823299,"[{""answer_norm"": ""16"", ""n"": 1139}, {""answer_norm"": ""15.8"", ""n"": 39}, {""answer_norm"": ""15"", ""n"": 18}, {""answer_norm"": ""16.0"", ""n"": 7}, {""answer_norm"": "".2"", ""n"": 6}]",model_dev,
323576,PSBB6QU,2,Fill-in-the-blank(s),Numeric,How much money will Clare have in her account after 2 years? $,How much money will Clare have in her account after 2 years? $,169.74,ratio_percent,7.RP.A.3,Use Proportional Relationships to Solve Ratio & Percent Problems,621,614,376,621,0.3848631239935587,0.249597423510467,0.4170692431561997,"[{""answer_norm"": ""169.74"", ""n"": 320}, {""answer_norm"": ""329.6"", ""n"": 74}, {""answer_norm"": ""169.744"", ""n"": 63}, {""answer_norm"": ""169.6"", ""n"": 23}, {""answer_norm"": ""169.7"", ""n"": 21}]",test,
323787,PSBB6QU,3,Fill-in-the-blank(s),Numeric,How much money will Clare have in her account after 5 years? $,How much money will Clare have in her account after 5 years? $,185.48,ratio_percent,7.RP.A.3,Use Proportional Relationships to Solve Ratio & Percent Problems,621,614,397,621,0.355877616747182,0.1529790660225443,0.537842190016103,"[{""answer_norm"": ""185.48"", ""n"": 437}, {""answer_norm"": ""185.47"", ""n"": 16}, {""answer_norm"": ""824"", ""n"": 16}, {""answer_norm"": ""185.49"", ""n"": 13}, {""answer_norm"": ""184"", ""n"": 11}]",test,
324197,PSBB6QT,1,Fill-in-the-blank(s),Numeric,"Recall that a perfect square is a number of objects that can be arranged into a square. For example, 9 is a perfect square because 9 objects can be arranged into 3 rows of 3. 16 is also a perfect square, because 16 objects can be arranged into 4 rows of 4. In contrast, 12 is not a perfect square because you can’t arrange 12 objects into a square. How many whole numbers starting with 1 and ending with 100 are perfect squares? whole numbers","Recall that a perfect square is a number of objects that can be arranged into a square. For example, 9 is a perfect square because 9 objects can be arranged into 3 rows of 3.16 is also a perfect square, because 16 objects can be arranged into 4 rows of 4. In contrast, 12 is not a perfect square because you can’t arrange 12 objects into a square. How many whole numbers starting with 1 and ending with 100 are perfect squares? whole numbers",10,whole_number_arithmetic,6.NS.B.4,Find Common Factors & Multiples,26,26,15,26,0.4230769230769231,0.0,0.3846153846153846,"[{""answer_norm"": ""10"", ""n"": 14}, {""answer_norm"": ""100"", ""n"": 2}, {""answer_norm"": ""0"", ""n"": 1}, {""answer_norm"": ""1"", ""n"": 1}, {""answer_norm"": ""18"", ""n"": 1}]",test,
324258,PSBB6QT,2,Fill-in-the-blank(s),Numeric,"What about whole numbers starting with 1 and ending with 1,000? whole numbers","What about whole numbers starting with 1 and ending with 1,000? whole numbers",31,whole_number_arithmetic,6.NS.B.4,Find Common Factors & Multiples,26,26,8,26,0.6923076923076923,0.0,0.2692307692307692,"[{""answer_norm"": ""100"", ""n"": 12}, {""answer_norm"": ""31"", ""n"": 8}, {""answer_norm"": ""11,000"", ""n"": 2}, {""answer_norm"": ""10,000"", ""n"": 1}, {""answer_norm"": ""20"", ""n"": 1}]",test,
324260,PSBB6SK,1,Fill-in-the-blank(s),Numeric,It takes 10 pounds of potatoes to make 15 pounds of mashed potatoes. At this rate: How many pounds of mashed potatoes can they make with 15 pounds of potatoes? pounds,It takes 10 pounds of potatoes to make 15 pounds of mashed potatoes. At this rate: How many pounds of mashed potatoes can they make with 15 pounds of potatoes? pounds,22 1/2,ratio_percent,6.RP.A.3b,Solve Unit Rate Problems,1241,1226,863,1241,0.2570507655116841,0.209508460918614,0.5560032232070911,"[{""answer_norm"": ""22.5"", ""n"": 632}, {""answer_norm"": ""20"", ""n"": 227}, {""answer_norm"": ""22 1/2"", ""n"": 137}, {""answer_norm"": ""1.5"", ""n"": 28}, {""answer_norm"": ""10"", ""n"": 20}]",validation,
324288,PSBB6RP,1,Fill-in-the-blank(s),Numeric,"Un lagarto y un caracol están uno al lado del otro en un tubo de drenaje. El lagarto sube 10 pulgadas y el caracol baja 4 pulgadas. Después de moverse, ¿a qué distancia están el uno del otro? pulgadas","Un lagarto y un caracol están uno al lado del otro en un tubo de drenaje. El lagarto sube 10 pulgadas y el caracol baja 4 pulgadas. Después de moverse, ¿a qué distancia están el uno del otro? pulgadas",14,equation_algebra,6.NS.C.8,Solve Real-World Problems by Graphing on a Coordinate Plane,1,1,1,1,0.0,0.0,1.0,"[{""answer_norm"": ""14"", ""n"": 1}]",model_dev,
326880,PRABETQN,1,Fill-in-the-blank(s),Numeric,"A watermelon weighs 8,475 grams. A scale measured the weight with an error of 12% under the actual weight. What was the measured weight? grams","A watermelon weighs 8,475 grams. A scale measured the weight with an error of 12% under the actual weight. What was the measured weight? grams",7458,ratio_percent,7.RP.A.3,Use Proportional Relationships to Solve Ratio & Percent Problems,1200,1155,860,1200,0.2825,0.0941666666666666,0.5775,"[{""answer_norm"": ""7458"", ""n"": 677}, {""answer_norm"": ""7,458"", ""n"": 136}, {""answer_norm"": ""1017"", ""n"": 86}, {""answer_norm"": ""9492"", ""n"": 47}, {""answer_norm"": ""88"", ""n"": 17}]",model_dev,
327384,PSBB694,2,Fill-in-the-blank(s),Numeric,Find the 10th term in this sequence.,Find the 10th term in this sequence.,89/55,ratio_percent,7.EE.A.1,Apply Properties of Operations to Create Equivalent Expressions,2,2,0,2,1.0,0.0,0.0,"[{""answer_norm"": ""10"", ""n"": 1}, {""answer_norm"": ""89/55"", ""n"": 1}]",model_dev,
328341,PSBB7G7,1,Fill-in-the-blank(s),Numeric,Solve the equation. 2 ( x + 5 ) = 3 x + 1 x =,Solve the equation. 2 (x + 5) = 3 x + 1 x =,9,ratio_percent,8.EE.C.7b,Solve Multi-Step Linear Equations with Rational Number Coefficients,715,688,564,715,0.206993006993007,0.0643356643356643,0.6881118881118881,"[{""answer_norm"": ""9"", ""n"": 547}, {""answer_norm"": ""4"", ""n"": 27}, {""answer_norm"": ""3"", ""n"": 16}, {""answer_norm"": ""2"", ""n"": 14}, {""answer_norm"": ""11"", ""n"": 8}]",model_dev,
328823,PSBB7K6,1,Fill-in-the-blank(s),Numeric,Solve the equation. 3 y − 4 = 6 − 2 y y =,Solve the equation. 3 y - 4 = 6 - 2 y y =,2,ratio_percent,8.EE.C.7b,Solve Multi-Step Linear Equations with Rational Number Coefficients,714,680,613,714,0.1400560224089636,0.0182072829131652,0.7829131652661064,"[{""answer_norm"": ""2"", ""n"": 602}, {""answer_norm"": ""10"", ""n"": 25}, {""answer_norm"": ""4"", ""n"": 11}, {""answer_norm"": ""3"", ""n"": 9}, {""answer_norm"": ""1"", ""n"": 7}]",validation,
329327,PSBB7P2,1,Fill-in-the-blank(s),Numeric,Solve the equation. 3 ( n + 2 ) = 9 ( 6 − n ) n =,Solve the equation. 3 (n + 2) = 9 (6 - n) n =,4,ratio_percent,8.EE.C.7b,Solve Multi-Step Linear Equations with Rational Number Coefficients,707,674,575,707,0.1852899575671852,0.0339462517680339,0.7114568599717115,"[{""answer_norm"": ""4"", ""n"": 551}, {""answer_norm"": ""-8"", ""n"": 13}, {""answer_norm"": ""6"", ""n"": 13}, {""answer_norm"": ""1"", ""n"": 12}, {""answer_norm"": ""8"", ""n"": 12}]",model_dev,
330016,PSBB7SQ,2,Fill-in-the-blank(s),Numeric,What is the solution to the equation? y =,What is the solution to the equation? y =,-5.909090909,ratio_percent,8.EE.C.7b,Solve Multi-Step Linear Equations with Rational Number Coefficients,749,722,370,749,0.4993324432576769,0.1789052069425901,0.3751668891855808,"[{""answer_norm"": ""-65/11"", ""n"": 381}, {""answer_norm"": ""65/11"", ""n"": 41}, {""answer_norm"": ""-65/29"", ""n"": 28}, {""answer_norm"": ""-7"", ""n"": 16}, {""answer_norm"": ""-5"", ""n"": 9}]",validation,
330320,PRABEQMB,1,Fill-in-the-blank(s),Numeric,What is the volume of a cube with a side length of 4 centimeters? cubic centimeters,What is the volume of a cube with a side length of 4 centimeters? cubic centimeters,64,geometry_measurement,7.G.B.6,"Find Area, Volume & Surface Area of 2D/3D Objects",550,533,474,550,0.1181818181818181,0.0818181818181818,0.7909090909090909,"[{""answer_norm"": ""64"", ""n"": 477}, {""answer_norm"": ""16"", ""n"": 16}, {""answer_norm"": ""4"", ""n"": 10}, {""answer_norm"": ""2"", ""n"": 7}, {""answer_norm"": ""1.6"", ""n"": 3}]",test,
330485,PRABEQMC,1,Fill-in-the-blank(s),Numeric,What is the volume of a cube with a side length of 11 3 feet? cubic feet,What is the volume of a cube with a side length of 11^(1 / 3) feet? cubic feet,11,geometry_measurement,8.EE.A.2,Evaluate Square & Cube Roots,544,527,386,544,0.28125,0.1176470588235294,0.6286764705882353,"[{""answer_norm"": ""11"", ""n"": 400}, {""answer_norm"": ""1331"", ""n"": 29}, {""answer_norm"": ""2.2"", ""n"": 19}, {""answer_norm"": ""2.22"", ""n"": 7}, {""answer_norm"": ""33"", ""n"": 7}]",test,
330621,PRABEQMD,1,Fill-in-the-blank(s),"Algebraic Expression, Numeric",What is the volume of a cube with a side length of s units? cubic units Use s as your variable.,What is the volume of a cube with a side length of s units?^() cubic units Use s as your variable.,"3, s",equation_algebra,8.EE.A.2,Evaluate Square & Cube Roots,530,514,430,530,0.1754716981132075,0.0716981132075471,0.7245283018867924,"[{""answer_norm"": ""s^3"", ""n"": 452}, {""answer_norm"": ""s^2"", ""n"": 25}, {""answer_norm"": ""s"", ""n"": 16}, {""answer_norm"": ""5^3"", ""n"": 8}, {""answer_norm"": ""3^3"", ""n"": 2}]",model_dev,
330781,PRABEQME,1,Fill-in-the-blank(s),Numeric,"What is the side length of a cube with a volume of 1,000 cubic centimeters? centimeters","What is the side length of a cube with a volume of 1,000 cubic centimeters? centimeters",10,geometry_measurement,8.EE.A.2,Evaluate Square & Cube Roots,537,521,449,537,0.1620111731843575,0.0465549348230912,0.7411545623836127,"[{""answer_norm"": ""10"", ""n"": 445}, {""answer_norm"": ""1000000000"", ""n"": 40}, {""answer_norm"": ""1000"", ""n"": 7}, {""answer_norm"": ""1"", ""n"": 5}, {""answer_norm"": ""100"", ""n"": 5}]",test,
330854,PRABEC24,1,Fill-in-the-blank(s),Numeric,Solve the equation and check your solution. 1 9 ( 2 m − 16 ) = 1 3 ( 2 m + 4 ) m =,Solve the equation and check your solution. 1 / 9 (2 m - 16) = 1 / 3 (2 m + 4) m =,-7,ratio_percent,8.EE.C.7b,Solve Multi-Step Linear Equations with Rational Number Coefficients,585,557,365,585,0.3658119658119658,0.1692307692307692,0.5333333333333333,"[{""answer_norm"": ""-7"", ""n"": 401}, {""answer_norm"": ""7"", ""n"": 31}, {""answer_norm"": ""4"", ""n"": 18}, {""answer_norm"": ""20"", ""n"": 14}, {""answer_norm"": ""1"", ""n"": 9}]",validation,
331070,PRABEPF6,1,Fill-in-the-blank(s),Numeric,Solve the equation and check your solution. - 4 ( r + 2 ) = 4 ( 2 − 2 r ) r =,Solve the equation and check your solution. - 4 (r + 2) = 4 (2 - 2 r) r =,4,ratio_percent,8.EE.C.7b,Solve Multi-Step Linear Equations with Rational Number Coefficients,655,630,495,655,0.2412213740458015,0.0519083969465648,0.6870229007633588,"[{""answer_norm"": ""4"", ""n"": 516}, {""answer_norm"": ""0"", ""n"": 21}, {""answer_norm"": ""2"", ""n"": 17}, {""answer_norm"": ""-4"", ""n"": 13}, {""answer_norm"": ""-2"", ""n"": 8}]",model_dev,
331279,PRABEQMH,1,Fill-in-the-blank(s),Numeric,Write an equivalent expression that doesn’t use a cube root symbol. 1 3,Write an equivalent expression that doesn’t use a cube root symbol. 1^(1 / 3),1,equation_algebra,8.EE.A.2,Evaluate Square & Cube Roots,527,511,429,527,0.174573055028463,0.0683111954459203,0.7836812144212524,"[{""answer_norm"": ""1"", ""n"": 470}, {""answer_norm"": ""3"", ""n"": 17}, {""answer_norm"": ""1/3"", ""n"": 6}, {""answer_norm"": ""1^3"", ""n"": 4}, {""answer_norm"": ""0.5"", ""n"": 2}]",model_dev,
331322,PRABEPF7,1,Fill-in-the-blank(s),Numeric,Solve the equation and check your solution. 12 ( 5 + 2 y ) = 4 y − ( 6 − 9 y ) y =,Solve the equation and check your solution. 12 (5 + 2 y) = 4 y - (6 - 9 y) y =,-6,ratio_percent,8.EE.C.7b,Solve Multi-Step Linear Equations with Rational Number Coefficients,642,614,456,642,0.2850467289719626,0.057632398753894,0.6121495327102804,"[{""answer_norm"": ""-6"", ""n"": 455}, {""answer_norm"": ""6"", ""n"": 38}, {""answer_norm"": ""-65/11"", ""n"": 15}, {""answer_norm"": ""4"", ""n"": 15}, {""answer_norm"": ""5"", ""n"": 14}]",model_dev,
331447,PRABEQMJ,1,Fill-in-the-blank(s),Numeric,Write an equivalent expression that doesn’t use a cube root symbol. 216 3,Write an equivalent expression that doesn’t use a cube root symbol. 216^(1 / 3),6,equation_algebra,8.EE.A.2,Evaluate Square & Cube Roots,525,509,415,525,0.1904761904761904,0.0723809523809523,0.6780952380952381,"[{""answer_norm"": ""6"", ""n"": 398}, {""answer_norm"": ""216"", ""n"": 88}, {""answer_norm"": ""10077696"", ""n"": 5}, {""answer_norm"": ""4"", ""n"": 3}, {""answer_norm"": ""648"", ""n"": 3}]",model_dev,
331613,PRABEQMK,1,Fill-in-the-blank(s),Numeric,Write an equivalent expression that doesn’t use a cube root symbol. 8000 3,Write an equivalent expression that doesn’t use a cube root symbol. 8000^(1 / 3),20,equation_algebra,8.EE.A.2,Evaluate Square & Cube Roots,526,510,425,526,0.1634980988593156,0.0798479087452471,0.7433460076045627,"[{""answer_norm"": ""20"", ""n"": 444}, {""answer_norm"": ""80"", ""n"": 17}, {""answer_norm"": ""8"", ""n"": 14}, {""answer_norm"": ""2000"", ""n"": 6}, {""answer_norm"": ""8000"", ""n"": 5}]",validation,
331773,PRABEQMM,1,Fill-in-the-blank(s),Numeric,Write an equivalent expression that doesn’t use a cube root symbol. 1 64 3,Write an equivalent expression that doesn’t use a cube root symbol. (1 / 64)^(1 / 3),4-Jan,equation_algebra,8.EE.A.2,Evaluate Square & Cube Roots,524,508,375,524,0.2461832061068702,0.1145038167938931,0.5973282442748091,"[{""answer_norm"": ""1/4"", ""n"": 357}, {""answer_norm"": ""0.25"", ""n"": 23}, {""answer_norm"": ""1/64"", ""n"": 22}, {""answer_norm"": ""64"", ""n"": 20}, {""answer_norm"": ""4"", ""n"": 13}]",model_dev,
331934,PSBB74F,1,Fill-in-the-blank(s),Numeric,"Use the two following methods to find the product of 18 and 14, then compare the values obtained. Calculate numerically. 18 × 14","Use the two following methods to find the product of 18 and 14, then compare the values obtained. Calculate numerically. 18 * 14",252,whole_number_arithmetic,5.NBT.B.5,Multiply Multi-Digit Whole Numbers Using the Standard Algorithm,24,21,20,24,0.1666666666666666,0.0833333333333333,0.75,"[{""answer_norm"": ""252"", ""n"": 22}, {""answer_norm"": ""256"", ""n"": 1}, {""answer_norm"": ""72"", ""n"": 1}]",model_dev,
331947,PRABEQMT,1,Fill-in-the-blank(s),Numeric,Write an equivalent expression that doesn’t use a cube root symbol. 27 125 3,Write an equivalent expression that doesn’t use a cube root symbol. (27 / 125)^(1 / 3),5-Mar,equation_algebra,8.EE.A.2,Evaluate Square & Cube Roots,524,508,379,524,0.2480916030534351,0.0916030534351145,0.6374045801526718,"[{""answer_norm"": ""3/5"", ""n"": 381}, {""answer_norm"": ""0.6"", ""n"": 28}, {""answer_norm"": ""3/8"", ""n"": 15}, {""answer_norm"": "".6"", ""n"": 11}, {""answer_norm"": ""0.024"", ""n"": 7}]",validation,
332048,PSBB73F,3,Fill-in-the-blank(s),Numeric,"A line contains the points (-1, 4) and (5, -3). Calculate the slope of the line.","A line contains the points (-1, 4) and (5, -3). Calculate the slope of the line.",-1.166666667,functions_graphs,8.F.B.4,Use Functions to Model Relationships Between Quantities,27,27,13,27,0.5185185185185185,0.0,0.3703703703703703,"[{""answer_norm"": ""-7/6"", ""n"": 17}, {""answer_norm"": ""-1 1/6"", ""n"": 1}, {""answer_norm"": ""-1.16"", ""n"": 1}, {""answer_norm"": ""-1/-6"", ""n"": 1}, {""answer_norm"": ""-1/6"", ""n"": 1}]",model_dev,
332084,PRABEQMU,1,Fill-in-the-blank(s),Numeric,Write an equivalent expression that doesn’t use a cube root symbol. 0 . 027 3,Write an equivalent expression that doesn’t use a cube root symbol. 0.027^(1 / 3),0.3,equation_algebra,8.EE.A.2,Evaluate Square & Cube Roots,524,508,370,524,0.2690839694656488,0.0801526717557251,0.5438931297709924,"[{""answer_norm"": ""0.3"", ""n"": 242}, {""answer_norm"": "".3"", ""n"": 81}, {""answer_norm"": ""3/10"", ""n"": 31}, {""answer_norm"": ""0.03"", ""n"": 27}, {""answer_norm"": ""0.003"", ""n"": 26}]",model_dev,
332235,PRABEQMV,1,Fill-in-the-blank(s),Numeric,Write an equivalent expression that doesn’t use a cube root symbol. 0 . 000125 3,Write an equivalent expression that doesn’t use a cube root symbol. 0.000125^(1 / 3),0.05,equation_algebra,8.EE.A.2,Evaluate Square & Cube Roots,503,487,376,503,0.2186878727634194,0.0974155069582504,0.6003976143141153,"[{""answer_norm"": ""0.05"", ""n"": 261}, {""answer_norm"": "".05"", ""n"": 94}, {""answer_norm"": ""0.005"", ""n"": 34}, {""answer_norm"": ""0.5"", ""n"": 22}, {""answer_norm"": ""125"", ""n"": 12}]",validation,
333185,PRABQP3Y,1,Fill-in-the-blank(s),Numeric,"Lin has some money in her bank account before she starts a summer job. She deposits the money from the summer job in her bank account and doesn’t spend any of it. After working 4 hours, she has $85 in the account. After working 15 hours, she has $217 in the account. How much money does Lin earn per hour? $ per hour","Lin has some money in her bank account before she starts a summer job. She deposits the money from the summer job in her bank account and doesn’t spend any of it. After working 4 hours, she has $85 in the account. After working 15 hours, she has $217 in the account. How much money does Lin earn per hour? $ per hour",12,ratio_percent,6.RP.A.3b,Solve Unit Rate Problems,5,5,1,5,0.8,0.0,0.2,"[{""answer_norm"": ""12"", ""n"": 5}]",model_dev,
333811,PSBB8DR,2,Fill-in-the-blank(s),Numeric Expression,"Write an expression to represent this situation. “On Tuesday at lunchtime, it was 29°C. By sunset, the temperature had dropped to 16°C.”","Write an expression to represent this situation. “On Tuesday at lunchtime, it was 29°C. By sunset, the temperature had dropped to 16°C.”","29+(-13), 29-13, 29+-13",ratio_percent,7.NS.A.1b,Interpret Sums of Rational Numbers,50,50,28,50,0.42,0.4,0.24,"[{""answer_norm"": ""29-13"", ""n"": 7}, {""answer_norm"": ""29+-16"", ""n"": 6}, {""answer_norm"": ""29-16"", ""n"": 6}, {""answer_norm"": ""29+(-16)"", ""n"": 5}, {""answer_norm"": ""13"", ""n"": 4}]",model_dev,
338281,PSBB9A8,1,Fill-in-the-blank(s),Numeric,"Jada measured the height of a plant in a science experiment and finds that, to the nearest 1 4 of an inch, it is 4 3 4 inches. What is the largest the actual height of the plant could be? inches","Jada measured the height of a plant in a science experiment and finds that, to the nearest 1 / 4 of an inch, it is 4 3 / 4 inches. What is the largest the actual height of the plant could be? inches",4 7/8,ratio_percent,7.RP.A.3,Use Proportional Relationships to Solve Ratio & Percent Problems,232,228,110,232,0.5258620689655172,0.1810344827586207,0.3060344827586206,"[{""answer_norm"": ""4 7/8"", ""n"": 95}, {""answer_norm"": ""5"", ""n"": 34}, {""answer_norm"": ""47/8"", ""n"": 16}, {""answer_norm"": ""0.75"", ""n"": 7}, {""answer_norm"": ""4 3/4"", ""n"": 7}]",model_dev,
338629,PSBB9A8,2,Fill-in-the-blank(s),Numeric,"Jada measured the height of a plant in a science experiment and finds that, to the nearest 1 4 of an inch, it is 4 3 4 inches. What is the smallest the actual height of the plant could be? inches","Jada measured the height of a plant in a science experiment and finds that, to the nearest 1 / 4 of an inch, it is 4 3 / 4 inches. What is the smallest the actual height of the plant could be? inches",4 5/8,ratio_percent,7.RP.A.3,Use Proportional Relationships to Solve Ratio & Percent Problems,227,223,136,227,0.4008810572687225,0.2511013215859031,0.5110132158590308,"[{""answer_norm"": ""4 5/8"", ""n"": 150}, {""answer_norm"": ""1/4"", ""n"": 6}, {""answer_norm"": ""4"", ""n"": 6}, {""answer_norm"": ""4 3/4"", ""n"": 6}, {""answer_norm"": ""0.75"", ""n"": 4}]",model_dev,
341023,PSBB9N5,1,Fill-in-the-blank(s),Numeric,Triangle B is a scaled copy of Triangle A with scale factor 1 2 . How many times bigger are the side lengths of Triangle B when compared with Triangle A?,Triangle B is a scaled copy of Triangle A with scale factor 1 / 2. How many times bigger are the side lengths of Triangle B when compared with Triangle A?,2-Jan,ratio_percent,7.G.A.1,Solve Scale Drawing Problems,1,1,1,1,0.0,0.0,0.0,"[{""answer_norm"": ""2"", ""n"": 1}]",model_dev,
341117,PSBB9N5,2,Fill-in-the-blank(s),Numeric,Imagine you scale Triangle B by a scale factor of 1 2 to get Triangle C. How many times bigger will the side lengths of Triangle C be when compared with Triangle A?,Imagine you scale Triangle B by a scale factor of 1 / 2 to get Triangle C. How many times bigger will the side lengths of Triangle C be when compared with Triangle A?,4-Jan,ratio_percent,7.G.A.1,Solve Scale Drawing Problems,1,1,1,1,0.0,0.0,1.0,"[{""answer_norm"": ""1/4"", ""n"": 1}]",model_dev,
341553,PSBB9SD,1,Fill-in-the-blank(s),Numeric,Solve - x = 10 x =,Solve - x = 10 x =,-10,equation_algebra,7.EE.B.4a | 7.EE.B.4b,"Solve 2-Step Equations | Solve, Graph & Interpret 2-Step Inequalities",216,215,179,216,0.1712962962962963,0.0833333333333333,0.6990740740740741,"[{""answer_norm"": ""-10"", ""n"": 166}, {""answer_norm"": ""10"", ""n"": 29}, {""answer_norm"": ""5"", ""n"": 4}, {""answer_norm"": ""-12"", ""n"": 2}, {""answer_norm"": ""(-10)"", ""n"": 1}]",model_dev,
341780,PSBB9SD,3,Fill-in-the-blank(s),Numeric,Solve 2 x = - 20 x =,Solve 2 x = - 20 x =,-10,equation_algebra,7.EE.B.4a | 7.EE.B.4b,"Solve 2-Step Equations | Solve, Graph & Interpret 2-Step Inequalities",215,214,194,215,0.0976744186046511,0.0,0.813953488372093,"[{""answer_norm"": ""-10"", ""n"": 188}, {""answer_norm"": ""10"", ""n"": 12}, {""answer_norm"": ""-20"", ""n"": 4}, {""answer_norm"": ""-22"", ""n"": 2}, {""answer_norm"": ""-9"", ""n"": 2}]",model_dev,
342229,PSBB9UV,2,Fill-in-the-blank(s),Algebraic Expression,Write an equation for the line. y = Use x as your variable.,Write an equation for the line. y = Use x as your variable.,4x+18,equation_algebra,8.F.B.4,Use Functions to Model Relationships Between Quantities,438,433,169,438,0.6027397260273972,0.1484018264840182,0.3150684931506849,"[{""answer_norm"": ""4x+18"", ""n"": 256}, {""answer_norm"": ""4x"", ""n"": 47}, {""answer_norm"": ""4x+6"", ""n"": 11}, {""answer_norm"": ""4x + 18"", ""n"": 9}, {""answer_norm"": ""18x"", ""n"": 6}]",validation,
343609,PSBB96V,5,Fill-in-the-blank(s),Numeric,How far away from the ticket booth was Tyler after 1 second? meters,How far away from the ticket booth was Tyler after 1 second? meters,1.25,ratio_percent,7.RP.A.2a,Identify Proportional Relationships,173,173,144,173,0.1676300578034682,0.0,0.7341040462427746,"[{""answer_norm"": ""1.25"", ""n"": 138}, {""answer_norm"": ""1"", ""n"": 7}, {""answer_norm"": ""10"", ""n"": 3}, {""answer_norm"": ""48.75"", ""n"": 3}, {""answer_norm"": ""0.25"", ""n"": 2}]",validation,
344535,PRABQAC5,1,Fill-in-the-blank(s),Numeric,"Jada and Diego baked a large batch of cookies. They selected 1 4 of the cookies to give to their teachers. Next, they threw away one burnt cookie. They delivered 2 5 of the remaining cookies to a local nursing home. Next, they gave 3 cookies to some neighborhood kids. They wrapped up 2 3 of the remaining cookies to save for their friends. After all this, they had 15 cookies left. How many cookies did they bake? cookies","Jada and Diego baked a large batch of cookies. They selected 1 / 4 of the cookies to give to their teachers. Next, they threw away one burnt cookie. They delivered 2 / 5 of the remaining cookies to a local nursing home. Next, they gave 3 cookies to some neighborhood kids. They wrapped up 2 / 3 of the remaining cookies to save for their friends. After all this, they had 15 cookies left. How many cookies did they bake? cookies",108,equation_algebra,7.EE.B.4a,Solve 2-Step Equations,20,20,3,20,0.85,0.0,0.05,"[{""answer_norm"": ""108"", ""n"": 13}, {""answer_norm"": ""112.5"", ""n"": 1}, {""answer_norm"": ""21"", ""n"": 1}, {""answer_norm"": ""23"", ""n"": 1}, {""answer_norm"": ""25"", ""n"": 1}]",model_dev,
347425,PRABE3F5,1,Fill-in-the-blank(s),Numeric,"The area of a rectangular playground is 78 square meters. If the length of the playground is 13 meters, what is its width? meters","The area of a rectangular playground is 78 square meters. If the length of the playground is 13 meters, what is its width? meters",6,geometry_measurement,4.MD.A.3,Apply Area & Perimeter Formulas for Rectangles,1103,1079,887,1103,0.1786038077969175,0.0444242973708068,0.7198549410698096,"[{""answer_norm"": ""6"", ""n"": 862}, {""answer_norm"": ""65"", ""n"": 47}, {""answer_norm"": ""91"", ""n"": 26}, {""answer_norm"": ""1014"", ""n"": 22}, {""answer_norm"": ""5"", ""n"": 19}]",validation,
347954,PSBCAT8,1,Fill-in-the-blank(s),Numeric,A kangaroo hops 2 kilometers in 3 minutes. At this rate: How long does it take the kangaroo to travel 5 kilometers? minutes,A kangaroo hops 2 kilometers in 3 minutes. At this rate: How long does it take the kangaroo to travel 5 kilometers? minutes,7.5,ratio_percent,6.RP.A.3b,Solve Unit Rate Problems,1319,1288,1000,1319,0.1993934799090219,0.0985595147839272,0.623199393479909,"[{""answer_norm"": ""7.5"", ""n"": 827}, {""answer_norm"": ""6"", ""n"": 50}, {""answer_norm"": ""7 1/2"", ""n"": 46}, {""answer_norm"": ""7"", ""n"": 30}, {""answer_norm"": ""7.50"", ""n"": 27}]",model_dev,
348162,PSBCAT8,2,Fill-in-the-blank(s),Numeric,A kangaroo hops 2 kilometers in 3 minutes. At this rate: How far does the kangaroo travel in 2 minutes? kilometers,A kangaroo hops 2 kilometers in 3 minutes. At this rate: How far does the kangaroo travel in 2 minutes? kilometers,3-Apr,ratio_percent,6.RP.A.3b,Solve Unit Rate Problems,1307,1277,476,1307,0.5776587605202754,0.2478959449120122,0.1958684009181331,"[{""answer_norm"": ""1.33"", ""n"": 205}, {""answer_norm"": ""3"", ""n"": 164}, {""answer_norm"": ""1 1/3"", ""n"": 147}, {""answer_norm"": ""1.5"", ""n"": 140}, {""answer_norm"": ""1.3"", ""n"": 105}]",model_dev,
348393,PSBCAVU,1,Fill-in-the-blank(s),Numeric,Mai runs around a 400-meter track at a constant speed of 250 meters per minute. How many minutes does it take Mai to complete 4 laps of the track? minutes,Mai runs around a 400-meter track at a constant speed of 250 meters per minute. How many minutes does it take Mai to complete 4 laps of the track? minutes,32/5,ratio_percent,6.RP.A.3a,Create Tables to Compare Equivalent Ratios,934,915,525,934,0.34796573875803,0.1852248394004282,0.4346895074946467,"[{""answer_norm"": ""6.4"", ""n"": 480}, {""answer_norm"": ""1000"", ""n"": 73}, {""answer_norm"": ""1.6"", ""n"": 34}, {""answer_norm"": ""32/5"", ""n"": 30}, {""answer_norm"": ""1600"", ""n"": 19}]",model_dev,
348674,PSBCAWE,3,Fill-in-the-blank(s),Numeric,"A vendor at a street fair sells popcorn in cones, all of height 9 inches. The sharing-size cone has 3 times the radius of the skinny-size cones. About how many times more popcorn does the sharing cone hold than the skinny cone?","A vendor at a street fair sells popcorn in cones, all of height 9 inches. The sharing-size cone has 3 times the radius of the skinny-size cones. About how many times more popcorn does the sharing cone hold than the skinny cone?",9,equation_algebra,8.F.A.3 | 8.G.C.9,Identify Linear & Non-Linear Functions | Know & Use Volume Formulas,42,38,23,42,0.4523809523809524,0.0,0.3095238095238095,"[{""answer_norm"": ""9"", ""n"": 26}, {""answer_norm"": ""3"", ""n"": 6}, {""answer_norm"": ""27"", ""n"": 2}, {""answer_norm"": ""1"", ""n"": 1}, {""answer_norm"": ""1 1/2"", ""n"": 1}]",validation,
348715,PSBCAXG,1,Fill-in-the-blank(s),Numeric,Here is an expression: 2 + 3 t Evaluate the expression when t is 1.,Here is an expression: 2 + 3^(t) Evaluate the expression when t is 1.,5,equation_algebra,6.EE.A.1 | 6.EE.A.2c,Write & Evaluate Numerical Expressions with Exponents | Evaluate Expression in Real-World Context,27,27,26,27,0.037037037037037,0.074074074074074,0.925925925925926,"[{""answer_norm"": ""5"", ""n"": 25}, {""answer_norm"": ""11"", ""n"": 1}, {""answer_norm"": ""6"", ""n"": 1}]",model_dev,
348833,PSBCAXG,2,Fill-in-the-blank(s),Numeric,Here is an expression: 2 + 3 t Evaluate the expression when t is 4.,Here is an expression: 2 + 3^(t) Evaluate the expression when t is 4.,83,equation_algebra,6.EE.A.1 | 6.EE.A.2c,Write & Evaluate Numerical Expressions with Exponents | Evaluate Expression in Real-World Context,27,27,20,27,0.2592592592592592,0.074074074074074,0.6666666666666666,"[{""answer_norm"": ""83"", ""n"": 19}, {""answer_norm"": ""81"", ""n"": 4}, {""answer_norm"": ""14"", ""n"": 1}, {""answer_norm"": ""17"", ""n"": 1}, {""answer_norm"": ""5"", ""n"": 1}]",model_dev,
349044,PSBCAY5,1,Fill-in-the-blank(s),Exact Match,Write an expression equivalent to b + b + b + b + b that is a product of a coefficient and a variable.,Write an expression equivalent to b + b + b + b + b that is a product of a coefficient and a variable.,"(5)(b), (5)b, 5(b), 5b, 5*b",ratio_percent,6.EE.A.2b | 6.EE.A.3,Identify Parts of an Expression | Generate Equivalent Expressions using Properties of Operations,24,24,18,24,0.25,0.0,0.5833333333333334,"[{""answer_norm"": ""5b"", ""n"": 16}, {""answer_norm"": ""4b"", ""n"": 2}, {""answer_norm"": ""\\"", ""n"": 1}, {""answer_norm"": ""b"", ""n"": 1}, {""answer_norm"": ""b x 5"", ""n"": 1}]",test,
349167,PSBCAY5,2,Fill-in-the-blank(s),Algebraic Expression,Write an expression equivalent b + b + b + b + b to that is a sum of two terms.,Write an expression equivalent b + b + b + b + b to that is a sum of two terms.,"b+4b, 3b+2b",ratio_percent,6.EE.A.2b | 6.EE.A.3,Identify Parts of an Expression | Generate Equivalent Expressions using Properties of Operations,24,24,19,24,0.2083333333333333,0.0,0.75,"[{""answer_norm"": ""5b"", ""n"": 6}, {""answer_norm"": ""3b+2b"", ""n"": 3}, {""answer_norm"": ""2b+3b"", ""n"": 2}, {""answer_norm"": ""3b + 2b"", ""n"": 2}, {""answer_norm"": ""b+4b"", ""n"": 2}]",test,
349252,PSBCA2N,1,Fill-in-the-blank(s),Numeric,"Two skateboarders start a race at the same time. Skateboarder A travels at a steady rate of 15 feet per second. Skateboarder B travels at a steady rate of 22 feet per second. After 4 minutes, how much farther will Skateboarder B have traveled? feet","Two skateboarders start a race at the same time. Skateboarder A travels at a steady rate of 15 feet per second. Skateboarder B travels at a steady rate of 22 feet per second. After 4 minutes, how much farther will Skateboarder B have traveled? feet","1,680",ratio_percent,6.RP.A.3b,Solve Unit Rate Problems,894,879,485,894,0.3612975391498881,0.2181208053691275,0.3724832214765101,"[{""answer_norm"": ""1680"", ""n"": 429}, {""answer_norm"": ""5280"", ""n"": 58}, {""answer_norm"": ""28"", ""n"": 56}, {""answer_norm"": ""1,680"", ""n"": 49}, {""answer_norm"": ""88"", ""n"": 38}]",model_dev,
349368,PSBCA4G,1,Fill-in-the-blank(s),Numeric,"Andre makes green paint by mixing 5 cups of yellow paint with 2 cups of blue paint. To make the same shade of green, how much yellow paint does Andre need if he uses 8 cups of blue paint? cups of yellow paint","Andre makes green paint by mixing 5 cups of yellow paint with 2 cups of blue paint. To make the same shade of green, how much yellow paint does Andre need if he uses 8 cups of blue paint? cups of yellow paint",20,equation_algebra,6.EE.C.9,Write & Analyze Relationships Between Dependent & Independent Variables,25,25,21,25,0.12,0.08,0.72,"[{""answer_norm"": ""20"", ""n"": 18}, {""answer_norm"": ""1"", ""n"": 1}, {""answer_norm"": ""15"", ""n"": 1}, {""answer_norm"": ""2"", ""n"": 1}, {""answer_norm"": ""3.2"", ""n"": 1}]",model_dev,
349505,PSBCA4G,2,Fill-in-the-blank(s),Numeric,Andre makes green paint by mixing 5 cups of yellow paint with 2 cups of blue paint. How much blue paint does Andre need if he uses 15 cups of yellow paint? cups of blue paint,Andre makes green paint by mixing 5 cups of yellow paint with 2 cups of blue paint. How much blue paint does Andre need if he uses 15 cups of yellow paint? cups of blue paint,6,equation_algebra,6.EE.C.9,Write & Analyze Relationships Between Dependent & Independent Variables,25,25,21,25,0.12,0.08,0.8,"[{""answer_norm"": ""6"", ""n"": 23}, {""answer_norm"": ""15"", ""n"": 1}, {""answer_norm"": ""3"", ""n"": 1}]",model_dev,
350160,PRABUZ73,1,Fill-in-the-blank(s),Numeric,"A frozen yogurt store sells 3 different flavors of yogurt: vanilla, chocolate, and strawberry. An order of frozen yogurt comes with 4 different topping choices: fudge, caramel, fruit, or plain. How many unique ways can you order a frozen yogurt? (You can only select one flavor of yogurt and one topping).","A frozen yogurt store sells 3 different flavors of yogurt: vanilla, chocolate, and strawberry. An order of frozen yogurt comes with 4 different topping choices: fudge, caramel, fruit, or plain. How many unique ways can you order a frozen yogurt? (You can only select one flavor of yogurt and one topping).",12,statistics_probability,7.SP.C.8b,Represent Sample Spaces for Compound Events,1,1,1,1,0.0,0.0,1.0,"[{""answer_norm"": ""12"", ""n"": 1}]",model_dev,
351102,PSBCBCB,3,Fill-in-the-blank(s),Numeric,Answer the question. 4 5 ÷ 2 3 =,Answer the question. 4 / 5 / 2 / 3 =,5-Jun,fraction,6.NS.A.1,Interpret & Compute using Division of Fractions,767,758,613,767,0.1981747066492829,0.0651890482398957,0.6883963494132985,"[{""answer_norm"": ""6/5"", ""n"": 215}, {""answer_norm"": ""1 1/5"", ""n"": 185}, {""answer_norm"": ""1.2"", ""n"": 96}, {""answer_norm"": ""12/10"", ""n"": 70}, {""answer_norm"": ""1 2/10"", ""n"": 21}]",model_dev,
352230,PSBCBQB,1,Fill-in-the-blank(s),Numeric,Find the hemisphere’s diameter if its radius is 6 cm. cm,Find the hemisphere’s diameter if its radius is 6 cm. cm,12,geometry_measurement,8.G.C.9,Know & Use Volume Formulas,306,306,230,306,0.2418300653594771,0.0915032679738562,0.7287581699346405,"[{""answer_norm"": ""12"", ""n"": 280}, {""answer_norm"": ""144pi"", ""n"": 4}, {""answer_norm"": ""144"", ""n"": 3}, {""answer_norm"": ""3"", ""n"": 3}, {""answer_norm"": ""6"", ""n"": 2}]",model_dev,
352275,PSBCBNU,1,Fill-in-the-blank(s),Numeric,"Andre drew a plan of a courtyard at a scale of 1 to 60. On his drawing, one side of the courtyard is 2.75 inches. What is the actual measurement of that side of the courtyard in inches? inches","Andre drew a plan of a courtyard at a scale of 1 to 60. On his drawing, one side of the courtyard is 2.75 inches. What is the actual measurement of that side of the courtyard in inches? inches",165,ratio_percent,7.G.A.1,Solve Scale Drawing Problems,486,474,344,486,0.2818930041152263,0.1172839506172839,0.6152263374485597,"[{""answer_norm"": ""165"", ""n"": 364}, {""answer_norm"": ""13.75"", ""n"": 18}, {""answer_norm"": ""2.75"", ""n"": 9}, {""answer_norm"": ""21"", ""n"": 7}, {""answer_norm"": ""60"", ""n"": 7}]",model_dev,
352407,PSBCBQB,2,Fill-in-the-blank(s),Numeric,Find the hemisphere’s diameter if its radius is 1000 3 m. m,Find the hemisphere’s diameter if its radius is 1000 / 3 m. m,2000/3,geometry_measurement,8.G.C.9,Know & Use Volume Formulas,306,306,211,306,0.3104575163398693,0.0915032679738562,0.6143790849673203,"[{""answer_norm"": ""2000/3"", ""n"": 222}, {""answer_norm"": ""666 2/3"", ""n"": 20}, {""answer_norm"": ""200/3"", ""n"": 7}, {""answer_norm"": ""500/3"", ""n"": 5}, {""answer_norm"": ""2000/6"", ""n"": 4}]",model_dev,
352500,PSBCBNU,2,Fill-in-the-blank(s),Numeric,"Andre drew a plan of a courtyard at a scale of 1 to 60. On his drawing, one side of the courtyard is 2.75 inches. What is the actual measurement of that side of the courtyard in feet? feet","Andre drew a plan of a courtyard at a scale of 1 to 60. On his drawing, one side of the courtyard is 2.75 inches. What is the actual measurement of that side of the courtyard in feet? feet",13.75,ratio_percent,7.G.A.1,Solve Scale Drawing Problems,480,468,338,480,0.2770833333333333,0.10625,0.5979166666666667,"[{""answer_norm"": ""13.75"", ""n"": 337}, {""answer_norm"": ""165"", ""n"": 30}, {""answer_norm"": ""13"", ""n"": 15}, {""answer_norm"": ""1980"", ""n"": 15}, {""answer_norm"": ""60"", ""n"": 8}]",model_dev,
352595,PSBCBQB,3,Fill-in-the-blank(s),Numeric,Find the hemisphere’s diameter if its radius is 9.008 ft. ft,Find the hemisphere’s diameter if its radius is 9.008 ft. ft,18.016,geometry_measurement,8.G.C.9,Know & Use Volume Formulas,306,306,231,306,0.2418300653594771,0.0490196078431372,0.6699346405228758,"[{""answer_norm"": ""18.016"", ""n"": 256}, {""answer_norm"": ""18"", ""n"": 6}, {""answer_norm"": ""18016"", ""n"": 4}, {""answer_norm"": ""4.504"", ""n"": 4}, {""answer_norm"": ""18.01"", ""n"": 3}]",model_dev,
352750,PSBCBQB,4,Fill-in-the-blank(s),Numeric,Find the hemisphere’s radius if its diameter is 6 cm. cm,Find the hemisphere’s radius if its diameter is 6 cm. cm,3,geometry_measurement,8.G.C.9,Know & Use Volume Formulas,305,305,246,305,0.1901639344262295,0.0590163934426229,0.7672131147540984,"[{""answer_norm"": ""3"", ""n"": 283}, {""answer_norm"": ""12"", ""n"": 11}, {""answer_norm"": ""18.84"", ""n"": 2}, {""answer_norm"": ""6"", ""n"": 2}, {""answer_norm"": ""144"", ""n"": 1}]",model_dev,
352921,PSBCBQB,5,Fill-in-the-blank(s),Numeric,Find the hemisphere’s radius if its diameter is 1000 3 m. m,Find the hemisphere’s radius if its diameter is 1000 / 3 m. m,500/3,geometry_measurement,8.G.C.9,Know & Use Volume Formulas,305,305,243,305,0.2032786885245901,0.0426229508196721,0.7475409836065574,"[{""answer_norm"": ""500/3"", ""n"": 241}, {""answer_norm"": ""166 2/3"", ""n"": 16}, {""answer_norm"": ""1000/6"", ""n"": 8}, {""answer_norm"": ""2000/3"", ""n"": 7}, {""answer_norm"": ""3"", ""n"": 4}]",model_dev,
353101,PSBCBQB,6,Fill-in-the-blank(s),Numeric,Find the hemisphere’s radius if its diameter is 9.008 ft. ft,Find the hemisphere’s radius if its diameter is 9.008 ft. ft,4.504,geometry_measurement,8.G.C.9,Know & Use Volume Formulas,304,304,241,304,0.2072368421052631,0.0559210526315789,0.7269736842105263,"[{""answer_norm"": ""4.504"", ""n"": 261}, {""answer_norm"": ""4.50400"", ""n"": 6}, {""answer_norm"": ""18.016"", ""n"": 3}, {""answer_norm"": ""4"", ""n"": 3}, {""answer_norm"": ""4,504"", ""n"": 3}]",model_dev,
353327,PSBCBSW,1,Fill-in-the-blank(s),Numeric,"In 2011, a professional climber scaled the outside of the Burj Khalifa, making it all the way to 828 meters (the highest point on which a person can stand) in 6 hours. Assuming they climbed at the same rate the whole way: How far did they climb in the first 2 hours? meters","In 2011, a professional climber scaled the outside of the Burj Khalifa, making it all the way to 828 meters (the highest point on which a person can stand) in 6 hours. Assuming they climbed at the same rate the whole way: How far did they climb in the first 2 hours? meters",276,ratio_percent,6.RP.A.3b,Solve Unit Rate Problems,126,125,92,126,0.2619047619047619,0.1111111111111111,0.6428571428571429,"[{""answer_norm"": ""276"", ""n"": 91}, {""answer_norm"": ""690"", ""n"": 10}, {""answer_norm"": ""138"", ""n"": 5}, {""answer_norm"": ""414"", ""n"": 4}, {""answer_norm"": ""275"", ""n"": 2}]",model_dev,
353461,PSBCBSW,2,Fill-in-the-blank(s),Numeric,How far did they climb in 5 hours? meters,How far did they climb in 5 hours? meters,690,ratio_percent,6.RP.A.3b,Solve Unit Rate Problems,126,125,98,126,0.1984126984126984,0.0396825396825396,0.7222222222222222,"[{""answer_norm"": ""690"", ""n"": 104}, {""answer_norm"": ""1380"", ""n"": 2}, {""answer_norm"": ""165"", ""n"": 2}, {""answer_norm"": ""165.6"", ""n"": 2}, {""answer_norm"": ""138"", ""n"": 1}]",model_dev,
353584,PSBCBSW,3,Fill-in-the-blank(s),Numeric,How far did they climb in the final 15 minutes? meters,How far did they climb in the final 15 minutes? meters,34.5,ratio_percent,6.RP.A.3b,Solve Unit Rate Problems,124,123,85,124,0.2661290322580645,0.0967741935483871,0.6129032258064516,"[{""answer_norm"": ""34.5"", ""n"": 93}, {""answer_norm"": ""9.2"", ""n"": 4}, {""answer_norm"": ""34 1/2"", ""n"": 2}, {""answer_norm"": ""5"", ""n"": 2}, {""answer_norm"": ""55.2"", ""n"": 2}]",model_dev,
354272,PSBCBW4,3,Fill-in-the-blank(s),Exact Match,Write 17 20 as a decimal.,Write 17 / 20 as a decimal.,".85, 0.85",ratio_percent,7.NS.A.2d,Convert a Rational Number to a Decimal,353,353,319,353,0.0906515580736544,0.0339943342776204,0.8470254957507082,"[{""answer_norm"": ""0.85"", ""n"": 243}, {""answer_norm"": "".85"", ""n"": 75}, {""answer_norm"": ""85"", ""n"": 3}, {""answer_norm"": "".3"", ""n"": 2}, {""answer_norm"": ""0.5"", ""n"": 2}]",test,
354320,PRABQMBT,1,Fill-in-the-blank(s),Numeric,One way to convert from inches to centimeters is to multiply the number of inches by 2.54. How many centimeters are there in 1 4 inch? centimeters,One way to convert from inches to centimeters is to multiply the number of inches by 2.54. How many centimeters are there in 1 / 4 inch? centimeters,0.635,decimal,6.NS.B.2 | 6.NS.B.3,"Divide Multi-Digit Whole Numbers | Add, Subtract, Multiply & Divide Multi-Digit Decimals",59,59,52,59,0.1186440677966101,0.0,0.3898305084745763,"[{""answer_norm"": ""0.635"", ""n"": 26}, {""answer_norm"": ""10.16"", ""n"": 2}, {""answer_norm"": ""3"", ""n"": 2}, {""answer_norm"": ""63 1/2"", ""n"": 2}, {""answer_norm"": "".51"", ""n"": 1}]",model_dev,
355074,PRABER7F,1,Fill-in-the-blank(s),Numeric,Write the fraction as a decimal. 9 100,Write the fraction as a decimal. sqrt(9 / 100),".3, 0.3",fraction,8.EE.A.2,Evaluate Square & Cube Roots,354,354,270,354,0.2090395480225988,0.1723163841807909,0.5932203389830508,"[{""answer_norm"": ""0.3"", ""n"": 159}, {""answer_norm"": "".3"", ""n"": 51}, {""answer_norm"": ""0.09"", ""n"": 48}, {""answer_norm"": ""0.03"", ""n"": 23}, {""answer_norm"": ""3/10"", ""n"": 20}]",test,
355272,PRABESH4,1,Fill-in-the-blank(s),Exact Match,Write the fraction as a decimal. 99 100,Write the fraction as a decimal. 99 / 100,"0.99, .99",ratio_percent,7.NS.A.2d,Convert a Rational Number to a Decimal,353,353,334,353,0.0538243626062322,0.0311614730878186,0.9121813031161472,"[{""answer_norm"": ""0.99"", ""n"": 208}, {""answer_norm"": "".99"", ""n"": 124}, {""answer_norm"": ""0.75"", ""n"": 3}, {""answer_norm"": "".33"", ""n"": 2}, {""answer_norm"": ""0.09"", ""n"": 2}]",model_dev,
355425,PRABESH5,1,Fill-in-the-blank(s),Exact Match,Write the fraction as a decimal. 9 16,Write the fraction as a decimal. sqrt(9 / 16),".75, 0.75",fraction,8.EE.A.2,Evaluate Square & Cube Roots,352,352,283,352,0.1761363636363636,0.125,0.7301136363636364,"[{""answer_norm"": ""0.75"", ""n"": 174}, {""answer_norm"": "".75"", ""n"": 71}, {""answer_norm"": ""3/4"", ""n"": 29}, {""answer_norm"": ""0.5625"", ""n"": 11}, {""answer_norm"": "".5625"", ""n"": 8}]",model_dev,
355634,PRABESH6,1,Fill-in-the-blank(s),Exact Match,Write the fraction as a decimal. 23 10,Write the fraction as a decimal. 23 / 10,2.3,ratio_percent,7.NS.A.2d,Convert a Rational Number to a Decimal,351,351,326,351,0.0598290598290598,0.0284900284900284,0.8717948717948718,"[{""answer_norm"": ""2.3"", ""n"": 322}, {""answer_norm"": ""0.23"", ""n"": 6}, {""answer_norm"": "".23"", ""n"": 4}, {""answer_norm"": ""23"", ""n"": 3}, {""answer_norm"": ""1.5"", ""n"": 2}]",validation,
355769,PRABESH7,1,Fill-in-the-blank(s),Exact Match,Write the decimal as a fraction. 0 . 81,Write the decimal as a fraction. sqrt(0.81),10-Sep,fraction,8.EE.A.2,Evaluate Square & Cube Roots,351,351,291,351,0.1595441595441595,0.094017094017094,0.7350427350427351,"[{""answer_norm"": ""9/10"", ""n"": 166}, {""answer_norm"": ""0.9"", ""n"": 81}, {""answer_norm"": "".9"", ""n"": 35}, {""answer_norm"": ""81/100"", ""n"": 27}, {""answer_norm"": ""9/100"", ""n"": 6}]",model_dev,
355920,PRABESH8,1,Fill-in-the-blank(s),Exact Match,Write the decimal as a fraction. 0.0276,Write the decimal as a fraction. 0.0276,276/10000,fraction,4.NF.C.6,Convert Fractions to Decimals (Denominators of 10 or 100),350,350,269,350,0.2314285714285714,0.08,0.5942857142857143,"[{""answer_norm"": ""276/10000"", ""n"": 167}, {""answer_norm"": ""69/2500"", ""n"": 66}, {""answer_norm"": ""276/1000"", ""n"": 62}, {""answer_norm"": ""276/10,000"", ""n"": 4}, {""answer_norm"": ""69/250"", ""n"": 4}]",test,
356075,PRABESH9,1,Fill-in-the-blank(s),Numeric,Write the decimal as a fraction. 0 . 04,Write the decimal as a fraction. sqrt(0.04),5-Jan,fraction,8.EE.A.2,Evaluate Square & Cube Roots,349,349,279,349,0.1919770773638968,0.0974212034383954,0.66189111747851,"[{""answer_norm"": ""1/5"", ""n"": 130}, {""answer_norm"": ""2/10"", ""n"": 65}, {""answer_norm"": ""0.2"", ""n"": 38}, {""answer_norm"": ""4/100"", ""n"": 34}, {""answer_norm"": "".2"", ""n"": 15}]",validation,
356245,PRABESJA,1,Fill-in-the-blank(s),Exact Match,Write the decimal as a fraction. 10.01,Write the decimal as a fraction. 10.01,"1001/100, 10 1/100",fraction,4.NF.C.6,Convert Fractions to Decimals (Denominators of 10 or 100),348,348,275,348,0.2068965517241379,0.0517241379310344,0.6781609195402298,"[{""answer_norm"": ""1001/100"", ""n"": 195}, {""answer_norm"": ""10 1/100"", ""n"": 54}, {""answer_norm"": ""1001/1000"", ""n"": 13}, {""answer_norm"": ""1001/10"", ""n"": 9}, {""answer_norm"": ""10 1/10"", ""n"": 7}]",validation,
356457,PSBCB9S,4,Fill-in-the-blank(s),Numeric,What is the distance between these points? units,What is the distance between these points? units,5,other,6.NS.C.7c,Understand & Interpret Absolute Value,500,500,301,500,0.356,0.176,0.374,"[{""answer_norm"": ""5"", ""n"": 200}, {""answer_norm"": ""2 1/2"", ""n"": 47}, {""answer_norm"": ""2.5"", ""n"": 44}, {""answer_norm"": ""5/2"", ""n"": 43}, {""answer_norm"": ""10/2"", ""n"": 25}]",model_dev,
356718,PRABESJD,1,Fill-in-the-blank(s),Numeric,"Find the positive solution to z 2 = 1 . If the solution is irrational, write the solution using square root or cube root notation. z =","Find the positive solution to z^2 = 1. If the solution is irrational, write the solution using square root or cube root notation. z =",1,ratio_percent,8.EE.A.2,Evaluate Square & Cube Roots,333,333,306,333,0.081081081081081,0.021021021021021,0.8918918918918919,"[{""answer_norm"": ""1"", ""n"": 315}, {""answer_norm"": ""2"", ""n"": 7}, {""answer_norm"": "".5"", ""n"": 2}, {""answer_norm"": ""0.5"", ""n"": 2}, {""answer_norm"": ""sqrt(1)"", ""n"": 2}]",model_dev,
356901,PRABESJE,1,Fill-in-the-blank(s),Numeric,"Find the positive solution to y 3 = 1 . If the solution is irrational, write the solution using square root or cube root notation. y =","Find the positive solution to y^3 = 1. If the solution is irrational, write the solution using square root or cube root notation. y =",1,ratio_percent,8.EE.A.2,Evaluate Square & Cube Roots,332,332,316,332,0.0481927710843373,0.0060240963855421,0.9397590361445785,"[{""answer_norm"": ""1"", ""n"": 325}, {""answer_norm"": ""2"", ""n"": 2}, {""answer_norm"": ""-1"", ""n"": 1}, {""answer_norm"": ""0.33"", ""n"": 1}, {""answer_norm"": ""1/3"", ""n"": 1}]",model_dev,
357082,PRABESJF,1,Fill-in-the-blank(s),Numeric,"Find the positive solution to w 2 = 36 . If the solution is irrational, write the solution using square root or cube root notation. w =","Find the positive solution to w^2 = 36. If the solution is irrational, write the solution using square root or cube root notation. w =",6,ratio_percent,8.EE.A.2,Evaluate Square & Cube Roots,332,332,311,332,0.0602409638554216,0.0301204819277108,0.9066265060240964,"[{""answer_norm"": ""6"", ""n"": 310}, {""answer_norm"": ""36"", ""n"": 7}, {""answer_norm"": ""1296"", ""n"": 4}, {""answer_norm"": ""18"", ""n"": 2}, {""answer_norm"": ""2"", ""n"": 2}]",model_dev,
357261,PRABESJG,1,Fill-in-the-blank(s),Numeric,"Find the positive solution to h 3 = 64 . If the solution is irrational, write the solution using square root or cube root notation. h =","Find the positive solution to h^3 = 64. If the solution is irrational, write the solution using square root or cube root notation. h =",4,ratio_percent,8.EE.A.2,Evaluate Square & Cube Roots,330,330,307,330,0.0696969696969697,0.0303030303030303,0.8121212121212121,"[{""answer_norm"": ""4"", ""n"": 278}, {""answer_norm"": ""8"", ""n"": 31}, {""answer_norm"": ""6"", ""n"": 6}, {""answer_norm"": ""16"", ""n"": 3}, {""answer_norm"": ""2"", ""n"": 3}]",model_dev,
359196,PRABETQS,1,Fill-in-the-blank(s),Numeric,"A student estimated that it would take 3 hours to write a book report, but it actually took her 5 hours. What is the percent error for her estimate? %","A student estimated that it would take 3 hours to write a book report, but it actually took her 5 hours. What is the percent error for her estimate? %",40,ratio_percent,7.RP.A.3,Use Proportional Relationships to Solve Ratio & Percent Problems,1380,1331,860,1380,0.3710144927536232,0.1065217391304347,0.4449275362318841,"[{""answer_norm"": ""40"", ""n"": 715}, {""answer_norm"": ""66"", ""n"": 95}, {""answer_norm"": ""60"", ""n"": 74}, {""answer_norm"": ""2"", ""n"": 58}, {""answer_norm"": ""67"", ""n"": 35}]",model_dev,
359589,PSBCCRU,2,Fill-in-the-blank(s),Numeric,"Every animal has two parents. Each of its parents also has two parents. We say that the animal’s eight great-grandparents are “three generations back” from the animal. At which generation back would an animal have 262,144 ancestors? generations","Every animal has two parents. Each of its parents also has two parents. We say that the animal’s eight great-grandparents are “three generations back” from the animal. At which generation back would an animal have 262,144 ancestors? generations",18,ratio_percent,8.EE.A.1,Know & Apply Properties of Exponents,7,7,5,7,0.2857142857142857,0.0,0.7142857142857143,"[{""answer_norm"": ""18"", ""n"": 6}, {""answer_norm"": ""4"", ""n"": 1}]",test,
359989,PRABETQV,1,Fill-in-the-blank(s),Numeric,"It took 48 minutes to drive downtown. An app estimated it would be less than that. If the error was 20%, what was the app’s estimate? minutes","It took 48 minutes to drive downtown. An app estimated it would be less than that. If the error was 20%, what was the app’s estimate? minutes",38.4,ratio_percent,7.RP.A.3,Use Proportional Relationships to Solve Ratio & Percent Problems,1246,1222,816,1246,0.3426966292134831,0.1813804173354735,0.4967897271268058,"[{""answer_norm"": ""38.4"", ""n"": 696}, {""answer_norm"": ""40"", ""n"": 140}, {""answer_norm"": ""9.6"", ""n"": 88}, {""answer_norm"": ""48"", ""n"": 46}, {""answer_norm"": ""57.6"", ""n"": 38}]",validation,
360109,PSBCCUR,1,Fill-in-the-blank(s),Numeric,Solve this equation. 1 2 x - 7 = 1 3 ( x - 12 ) x =,Solve this equation. 1 / 2 x - 7 = 1 / 3 (x - 12) x =,18,ratio_percent,8.EE.C.7b,Solve Multi-Step Linear Equations with Rational Number Coefficients,150,132,130,150,0.1333333333333333,0.0,0.5066666666666667,"[{""answer_norm"": ""18"", ""n"": 85}, {""answer_norm"": ""-18"", ""n"": 4}, {""answer_norm"": ""2"", ""n"": 4}, {""answer_norm"": ""1"", ""n"": 3}, {""answer_norm"": ""1/2"", ""n"": 3}]",model_dev,
360123,PSBCCUK,2,Fill-in-the-blank(s),Numeric,"Priya’s neighbor has a dirt bike that can go 360 meters in 15 seconds. At this rate, how long would it take them to ride 3,000 meters? seconds","Priya’s neighbor has a dirt bike that can go 360 meters in 15 seconds. At this rate, how long would it take them to ride 3,000 meters? seconds",125,ratio_percent,6.RP.A.3a,Create Tables to Compare Equivalent Ratios,134,134,77,134,0.3283582089552239,0.4477611940298507,0.4701492537313433,"[{""answer_norm"": ""125"", ""n"": 87}, {""answer_norm"": ""200"", ""n"": 4}, {""answer_norm"": ""24"", ""n"": 3}, {""answer_norm"": ""400"", ""n"": 3}, {""answer_norm"": ""120"", ""n"": 2}]",model_dev,
360494,PSBCCXG,3,Fill-in-the-blank(s),Numeric,What is the speed of the International Space Station? kilometers per second,What is the speed of the International Space Station? kilometers per second,8,ratio_percent,6.RP.A.3a,Create Tables to Compare Equivalent Ratios,94,94,56,94,0.3297872340425531,0.0957446808510638,0.5425531914893617,"[{""answer_norm"": ""8"", ""n"": 68}, {""answer_norm"": ""4.76"", ""n"": 3}, {""answer_norm"": ""80"", ""n"": 3}, {""answer_norm"": ""10"", ""n"": 2}, {""answer_norm"": ""5"", ""n"": 2}]",model_dev,
360938,PRABMPBK,1,Fill-in-the-blank(s),Numeric,Complete the equation with a number that makes it true. 8 ⋅ = 40,Complete the equation with a number that makes it true. 8 * = 40,5,equation_algebra,6.EE.B.5,Solve 1-Step Equations & Inequalities Using Substitution,1838,1694,1783,1838,0.0288356909684439,0.0038084874863982,0.9396082698585418,"[{""answer_norm"": ""5"", ""n"": 1758}, {""answer_norm"": ""6"", ""n"": 14}, {""answer_norm"": ""10"", ""n"": 9}, {""answer_norm"": ""0.2"", ""n"": 8}, {""answer_norm"": ""4"", ""n"": 8}]",model_dev,
361147,PRABMPBM,1,Fill-in-the-blank(s),Numeric,Complete the equation with a number that makes it true. 8 + = 40,Complete the equation with a number that makes it true. 8 + = 40,32,equation_algebra,6.EE.B.5,Solve 1-Step Equations & Inequalities Using Substitution,1796,1664,1750,1796,0.0244988864142538,0.0027839643652561,0.9287305122494433,"[{""answer_norm"": ""32"", ""n"": 1685}, {""answer_norm"": ""5"", ""n"": 23}, {""answer_norm"": ""42"", ""n"": 14}, {""answer_norm"": ""33"", ""n"": 10}, {""answer_norm"": ""10"", ""n"": 5}]",validation,
361341,PRABMPBN,1,Fill-in-the-blank(s),Numeric,Complete the equation with a number that makes it true. 21 ÷ = 7,Complete the equation with a number that makes it true. 21 / = 7,3,equation_algebra,6.EE.B.5,Solve 1-Step Equations & Inequalities Using Substitution,1856,1696,1802,1856,0.0285560344827586,0.0005387931034482,0.915948275862069,"[{""answer_norm"": ""3"", ""n"": 1718}, {""answer_norm"": ""147"", ""n"": 35}, {""answer_norm"": ""1/3"", ""n"": 30}, {""answer_norm"": ""4"", ""n"": 18}, {""answer_norm"": ""14"", ""n"": 8}]",test,
361546,PRABMPBP,1,Fill-in-the-blank(s),Numeric,Complete the equation with a number that makes it true. 21 - = 7,Complete the equation with a number that makes it true. 21 - = 7,14,equation_algebra,6.EE.B.5,Solve 1-Step Equations & Inequalities Using Substitution,1777,1664,1705,1777,0.0393922341024198,0.0022509848058525,0.8559369724254361,"[{""answer_norm"": ""14"", ""n"": 1545}, {""answer_norm"": ""13"", ""n"": 49}, {""answer_norm"": ""28"", ""n"": 39}, {""answer_norm"": ""3"", ""n"": 23}, {""answer_norm"": ""15"", ""n"": 20}]",model_dev,
361669,PSBCC57,1,Fill-in-the-blank(s),Numeric,The price of a cell phone is usually $250. Elena’s mom buys one of these cell phones for $150. What percentage of the usual price did she pay? %,The price of a cell phone is usually $250. Elena’s mom buys one of these cell phones for $150. What percentage of the usual price did she pay? %,60,ratio_percent,6.RP.A.3c,Solve Problems Involving Percents,419,417,312,419,0.2052505966587112,0.2052505966587112,0.6205250596658711,"[{""answer_norm"": ""60"", ""n"": 296}, {""answer_norm"": ""75"", ""n"": 12}, {""answer_norm"": ""50"", ""n"": 11}, {""answer_norm"": ""60%"", ""n"": 10}, {""answer_norm"": ""6"", ""n"": 8}]",model_dev,
361789,PSBCC57,2,Fill-in-the-blank(s),Numeric,Elena’s dad buys another type of cell phone that also usually sells for $250. He pays 75% of the usual price. How much did he pay? $,Elena’s dad buys another type of cell phone that also usually sells for $250. He pays 75% of the usual price. How much did he pay? $,187.5,ratio_percent,6.RP.A.3c,Solve Problems Involving Percents,417,415,315,417,0.2230215827338129,0.1654676258992805,0.6187050359712231,"[{""answer_norm"": ""187.5"", ""n"": 169}, {""answer_norm"": ""187.50"", ""n"": 124}, {""answer_norm"": ""200"", ""n"": 10}, {""answer_norm"": ""175"", ""n"": 9}, {""answer_norm"": ""30"", ""n"": 8}]",model_dev,
361805,PRABMPBQ,1,Fill-in-the-blank(s),Numeric,Complete the equation with a number that makes it true. 21 · = 7,Complete the equation with a number that makes it true. 21 * = 7,3-Jan,equation_algebra,6.EE.B.5,Solve 1-Step Equations & Inequalities Using Substitution,1812,1682,1295,1812,0.2831125827814569,0.0281456953642384,0.6451434878587197,"[{""answer_norm"": ""1/3"", ""n"": 1440}, {""answer_norm"": ""1/2"", ""n"": 57}, {""answer_norm"": ""1/4"", ""n"": 41}, {""answer_norm"": ""3/10"", ""n"": 41}, {""answer_norm"": ""3"", ""n"": 31}]",test,
363499,PRABETDD,1,Fill-in-the-blank(s),Numeric,Jada is making circular birthday invitations for her friends. The diameter of the circle is 12 cm. She bought 180 cm of ribbon to glue around the edge of each invitation. How many invitations can she make? invitations Use 3.14 for π .,Jada is making circular birthday invitations for her friends. The diameter of the circle is 12 cm. She bought 180 cm of ribbon to glue around the edge of each invitation. How many invitations can she make? invitations Use 3.14 for pi.,4,equation_algebra,7.G.B.4,Solve Problems Involving Area & Circumference of Circles,1434,1394,888,1434,0.3737796373779637,0.1868898186889818,0.4804741980474198,"[{""answer_norm"": ""4"", ""n"": 877}, {""answer_norm"": ""15"", ""n"": 122}, {""answer_norm"": ""5"", ""n"": 59}, {""answer_norm"": ""37.68"", ""n"": 51}, {""answer_norm"": ""4.8"", ""n"": 51}]",model_dev,
364872,PSBCDQN,1,Fill-in-the-blank(s),Numeric,2 9 of the students in a school are in sixth grade. How many sixth graders are there if the school has 90 students? sixth graders,2 / 9 of the students in a school are in sixth grade. How many sixth graders are there if the school has 90 students? sixth graders,20,equation_algebra,6.EE.B.6 | 6.EE.B.7,Write Expressions with Variables to Solve Problems | Write & Solve 1-Step Equations,45,45,45,45,0.0,0.0,0.6666666666666666,"[{""answer_norm"": ""20"", ""n"": 29}, {""answer_norm"": ""1/405"", ""n"": 2}, {""answer_norm"": ""25"", ""n"": 2}, {""answer_norm"": ""0.0024"", ""n"": 1}, {""answer_norm"": ""1/5"", ""n"": 1}]",validation,
365017,PSBCDQN,2,Fill-in-the-blank(s),Numeric,How many sixth graders are there if the school has 27 students? sixth graders,How many sixth graders are there if the school has 27 students? sixth graders,6,equation_algebra,6.EE.B.6 | 6.EE.B.7,Write Expressions with Variables to Solve Problems | Write & Solve 1-Step Equations,45,45,45,45,0.0,0.0,0.6,"[{""answer_norm"": ""6"", ""n"": 26}, {""answer_norm"": ""9"", ""n"": 3}, {""answer_norm"": ""0.0082"", ""n"": 1}, {""answer_norm"": ""1.35"", ""n"": 1}, {""answer_norm"": ""1/81"", ""n"": 1}]",validation,
365306,PSBCDQN,4,Fill-in-the-blank(s),Numeric,How many students are in the school if 42 of them are sixth graders? students,How many students are in the school if 42 of them are sixth graders? students,189,equation_algebra,6.EE.B.6 | 6.EE.B.7,Write Expressions with Variables to Solve Problems | Write & Solve 1-Step Equations,45,45,45,45,0.0,0.0,0.3555555555555555,"[{""answer_norm"": ""189"", ""n"": 16}, {""answer_norm"": ""12"", ""n"": 3}, {""answer_norm"": ""7"", ""n"": 3}, {""answer_norm"": ""20"", ""n"": 2}, {""answer_norm"": ""0.0052"", ""n"": 1}]",validation,
365643,PSBCDTH,1,Fill-in-the-blank(s),Numeric,"A triangle has sides of length 7 cm, 4 cm, and 5 cm. How many unique triangles can be drawn that fit that description? unique triangle(s)","A triangle has sides of length 7 cm, 4 cm, and 5 cm. How many unique triangles can be drawn that fit that description? unique triangle(s)",1,geometry_measurement,7.G.A.2,Draw Geometric Shapes & Unique Triangles,684,678,546,684,0.1915204678362573,0.0716374269005847,0.5833333333333334,"[{""answer_norm"": ""1"", ""n"": 449}, {""answer_norm"": ""3"", ""n"": 119}, {""answer_norm"": ""2"", ""n"": 55}, {""answer_norm"": ""0"", ""n"": 16}, {""answer_norm"": ""4"", ""n"": 12}]",model_dev,
365680,PSBCDR6,3,Fill-in-the-blank(s),Numeric,45% of z is 72. Find the value of z . z =,45% of z is 72. Find the value of z. z =,160,ratio_percent,6.RP.A.3c,Solve Problems Involving Percents,42,42,41,42,0.0238095238095238,0.0,0.3333333333333333,"[{""answer_norm"": ""160"", ""n"": 14}, {""answer_norm"": ""1.6"", ""n"": 4}, {""answer_norm"": ""3240"", ""n"": 2}, {""answer_norm"": ""45"", ""n"": 2}, {""answer_norm"": ""1"", ""n"": 1}]",validation,
366764,PSBCDYX,3,Fill-in-the-blank(s),Numeric,Solve the equation you wrote. x =,Solve the equation you wrote. x =,7.8,equation_algebra,6.EE.B.7,Write & Solve 1-Step Equations,45,45,45,45,0.0,0.0,0.4,"[{""answer_norm"": ""7.8"", ""n"": 18}, {""answer_norm"": ""27.04"", ""n"": 5}, {""answer_norm"": ""4"", ""n"": 3}, {""answer_norm"": ""10.4"", ""n"": 2}, {""answer_norm"": ""13"", ""n"": 2}]",model_dev,
367113,PRABETYN,1,Fill-in-the-blank(s),Numeric,Andre wants to buy a backpack. The normal price of the backpack is $40. He notices that a store that sells the backpack is having a 30% off sale. What is the sale price of the backpack? $,Andre wants to buy a backpack. The normal price of the backpack is $40. He notices that a store that sells the backpack is having a 30% off sale. What is the sale price of the backpack? $,28,ratio_percent,7.RP.A.3,Use Proportional Relationships to Solve Ratio & Percent Problems,1601,1582,1304,1601,0.1805121798875702,0.0980637101811367,0.665209244222361,"[{""answer_norm"": ""28"", ""n"": 1164}, {""answer_norm"": ""12"", ""n"": 187}, {""answer_norm"": ""70"", ""n"": 41}, {""answer_norm"": ""10"", ""n"": 33}, {""answer_norm"": ""38"", ""n"": 25}]",model_dev,
367406,PSBCD55,1,Fill-in-the-blank(s),Numeric,"If you deposit $300 in an account with a 6% interest rate, how much will be in your account after 1 year? $","If you deposit $300 in an account with a 6% interest rate, how much will be in your account after 1 year? $",318,ratio_percent,7.RP.A.3,Use Proportional Relationships to Solve Ratio & Percent Problems,452,446,309,452,0.3097345132743362,0.1792035398230088,0.5862831858407079,"[{""answer_norm"": ""318"", ""n"": 325}, {""answer_norm"": ""18"", ""n"": 22}, {""answer_norm"": ""282"", ""n"": 13}, {""answer_norm"": ""50"", ""n"": 8}, {""answer_norm"": ""180"", ""n"": 4}]",model_dev,
367429,PRABETYP,1,Fill-in-the-blank(s),Numeric,"On the first math exam, 16 students received an A grade. On the second math exam, 12 students received an A grade. What percentage decrease is that? %","On the first math exam, 16 students received an A grade. On the second math exam, 12 students received an A grade. What percentage decrease is that? %",25,ratio_percent,7.RP.A.3,Use Proportional Relationships to Solve Ratio & Percent Problems,1576,1556,1152,1576,0.2607868020304568,0.1491116751269035,0.5793147208121827,"[{""answer_norm"": ""25"", ""n"": 1018}, {""answer_norm"": ""75"", ""n"": 108}, {""answer_norm"": ""4"", ""n"": 79}, {""answer_norm"": ""25%"", ""n"": 28}, {""answer_norm"": ""40"", ""n"": 27}]",test,
367805,PRABETYQ,1,Fill-in-the-blank(s),Numeric,Solve the equation. 2(a-3) = 14 a =,Solve the equation. 2(a-3) = 14 a =,10,equation_algebra,7.EE.B.4a,Solve 2-Step Equations,2102,2072,1835,2102,0.1251189343482397,0.0409134157944814,0.7773549000951475,"[{""answer_norm"": ""10"", ""n"": 1735}, {""answer_norm"": ""4"", ""n"": 118}, {""answer_norm"": ""8.5"", ""n"": 27}, {""answer_norm"": ""7"", ""n"": 24}, {""answer_norm"": ""8"", ""n"": 15}]",model_dev,
368183,PRABMSJW,1,Fill-in-the-blank(s),Numeric,Solve the equation. -5(b-1) = 40 b =,Solve the equation. -5(b-1) = 40 b =,-7,equation_algebra,7.EE.B.4a,Solve 2-Step Equations,2083,2054,1614,2083,0.2241958713394143,0.0148823811809889,0.6092174747959673,"[{""answer_norm"": ""-7"", ""n"": 1386}, {""answer_norm"": ""-9"", ""n"": 185}, {""answer_norm"": ""9"", ""n"": 157}, {""answer_norm"": ""7"", ""n"": 71}, {""answer_norm"": ""-8"", ""n"": 69}]",model_dev,
368501,PRABMSJX,1,Fill-in-the-blank(s),Numeric,Solve the equation. 12(c+10) = 24 c =,Solve the equation. 12(c + 10) = 24 c =,-8,equation_algebra,7.EE.B.4a,Solve 2-Step Equations,2077,2048,1779,2077,0.1429947038998555,0.0134809821858449,0.745305729417429,"[{""answer_norm"": ""-8"", ""n"": 1660}, {""answer_norm"": ""2"", ""n"": 113}, {""answer_norm"": ""-12"", ""n"": 56}, {""answer_norm"": ""8"", ""n"": 45}, {""answer_norm"": ""12"", ""n"": 35}]",model_dev,
368816,PRABMSJY,1,Fill-in-the-blank(s),Numeric,Solve the equation. 1 6 ( d + 6 ) = 11 x =,Solve the equation. 1 / 6 (d + 6) = 11 x =,60,equation_algebra,7.EE.B.4a,Solve 2-Step Equations,2040,2018,1566,2040,0.230392156862745,0.0279411764705882,0.7034313725490197,"[{""answer_norm"": ""60"", ""n"": 1663}, {""answer_norm"": ""66"", ""n"": 30}, {""answer_norm"": ""30"", ""n"": 29}, {""answer_norm"": ""11"", ""n"": 28}, {""answer_norm"": ""10"", ""n"": 27}]",model_dev,
369146,PRABMSJZ,1,Fill-in-the-blank(s),Numeric,Solve the equation. 5 7 ( e - 9 ) = 25 e =,Solve the equation. 5 / 7 (e - 9) = 25 e =,44,equation_algebra,7.EE.B.4a,Solve 2-Step Equations,2014,1992,1455,2014,0.275571002979146,0.0292949354518371,0.6524329692154915,"[{""answer_norm"": ""44"", ""n"": 1637}, {""answer_norm"": ""26"", ""n"": 46}, {""answer_norm"": ""35"", ""n"": 25}, {""answer_norm"": ""14"", ""n"": 9}, {""answer_norm"": ""24"", ""n"": 9}]",model_dev,
370230,PSBCEKU,1,Fill-in-the-blank(s),Numeric,How long is 50% of 60 minutes? minutes,How long is 50% of 60 minutes? minutes,30,ratio_percent,6.RP.A.3c,Solve Problems Involving Percents,525,517,471,525,0.0933333333333333,0.0304761904761904,0.8495238095238096,"[{""answer_norm"": ""30"", ""n"": 468}, {""answer_norm"": ""10"", ""n"": 13}, {""answer_norm"": ""50"", ""n"": 11}, {""answer_norm"": ""1.2"", ""n"": 4}, {""answer_norm"": ""120"", ""n"": 2}]",model_dev,
370522,PSBCENS,1,Fill-in-the-blank(s),Numeric,How long is 75% of 60 minutes? minutes,How long is 75% of 60 minutes? minutes,45,ratio_percent,6.RP.A.3c,Solve Problems Involving Percents,505,500,433,505,0.1287128712871287,0.0396039603960396,0.7801980198019802,"[{""answer_norm"": ""6"", ""n"": 417}, {""answer_norm"": ""10"", ""n"": 33}, {""answer_norm"": ""20"", ""n"": 11}, {""answer_norm"": ""5"", ""n"": 8}, {""answer_norm"": ""50"", ""n"": 6}]",model_dev,
370835,PSBCEQE,1,Fill-in-the-blank(s),Numeric,How long is 10% of 60 minutes? minutes,How long is 10% of 60 minutes? minutes,6,ratio_percent,6.RP.A.3c,Solve Problems Involving Percents,468,463,411,468,0.1047008547008547,0.0448717948717948,0.7970085470085471,"[{""answer_norm"": ""45"", ""n"": 398}, {""answer_norm"": ""55"", ""n"": 10}, {""answer_norm"": ""15"", ""n"": 8}, {""answer_norm"": ""40"", ""n"": 8}, {""answer_norm"": ""50"", ""n"": 5}]",model_dev,
371046,PSBCERJ,4,Fill-in-the-blank(s),Numeric,How much water should be used with 24 cups of flour? pints,How much water should be used with 24 cups of flour? pints,6,ratio_percent,6.RP.A.3a,Create Tables to Compare Equivalent Ratios,184,166,152,184,0.1630434782608695,0.0271739130434782,0.7608695652173914,"[{""answer_norm"": ""6"", ""n"": 151}, {""answer_norm"": ""96"", ""n"": 5}, {""answer_norm"": ""4"", ""n"": 3}, {""answer_norm"": ""192"", ""n"": 2}, {""answer_norm"": ""3"", ""n"": 2}]",model_dev,
372761,PRABFH43,1,Fill-in-the-blank(s),Numeric,Evaluate the expression. 2 3 · 3,Evaluate the expression. 2^3 * 3,24,equation_algebra,6.EE.A.2c,Evaluate Expression in Real-World Context,776,774,699,776,0.0850515463917525,0.1056701030927835,0.8118556701030928,"[{""answer_norm"": ""24"", ""n"": 655}, {""answer_norm"": ""18"", ""n"": 29}, {""answer_norm"": ""36"", ""n"": 14}, {""answer_norm"": ""48"", ""n"": 13}, {""answer_norm"": ""16"", ""n"": 9}]",model_dev,
373325,PRABFH6S,1,Fill-in-the-blank(s),Numeric,Evaluate the expression. 6 2 ÷ 4,Evaluate the expression. 6^2 / 4,9,equation_algebra,6.EE.A.2c,Evaluate Expression in Real-World Context,763,761,683,763,0.1009174311926605,0.0602883355176933,0.7667103538663171,"[{""answer_norm"": ""9"", ""n"": 615}, {""answer_norm"": ""3"", ""n"": 76}, {""answer_norm"": ""12"", ""n"": 14}, {""answer_norm"": ""40"", ""n"": 11}, {""answer_norm"": ""8"", ""n"": 9}]",test,
373537,PRABFH6T,1,Fill-in-the-blank(s),Numeric,Evaluate the expression. 2 3 - 2,Evaluate the expression. 2^3 - 2,6,equation_algebra,6.EE.A.2c,Evaluate Expression in Real-World Context,769,767,718,769,0.0611183355006502,0.0624187256176853,0.8647594278283485,"[{""answer_norm"": ""6"", ""n"": 690}, {""answer_norm"": ""4"", ""n"": 34}, {""answer_norm"": ""14"", ""n"": 7}, {""answer_norm"": ""2"", ""n"": 7}, {""answer_norm"": ""22"", ""n"": 4}]",model_dev,
373578,PRABHAXV,1,Fill-in-the-blank(s),Numeric,"One morning, the temperature in Phoenix, Arizona was 8∘C and the temperature in Portland, Maine was 12∘C cooler. What was the temperature in Portland? ° Celsius","One morning, the temperature in Phoenix, Arizona was 8∘C and the temperature in Portland, Maine was 12∘C cooler. What was the temperature in Portland? ° Celsius",-4,other,6.NS.C.5,Use Positive & Negative Numbers to Represent Quantities,174,168,154,174,0.0977011494252873,0.0402298850574712,0.7988505747126436,"[{""answer_norm"": ""-4"", ""n"": 144}, {""answer_norm"": ""20"", ""n"": 10}, {""answer_norm"": ""-3"", ""n"": 3}, {""answer_norm"": ""4"", ""n"": 3}, {""answer_norm"": ""8"", ""n"": 3}]",test,
373740,PRABFH6U,1,Fill-in-the-blank(s),Numeric,Evaluate the expression. 10 2 + 5 2,Evaluate the expression. 10^2 + 5^2,125,equation_algebra,6.EE.A.2c,Evaluate Expression in Real-World Context,740,738,677,740,0.0824324324324324,0.0648648648648648,0.7918918918918919,"[{""answer_norm"": ""125"", ""n"": 605}, {""answer_norm"": ""110"", ""n"": 25}, {""answer_norm"": ""30"", ""n"": 25}, {""answer_norm"": ""45"", ""n"": 20}, {""answer_norm"": ""75"", ""n"": 15}]",model_dev,
374418,PRABEFU6,1,Fill-in-the-blank(s),Numeric,A one-quart container of tomato soup is shaped like a rectangular prism. A soup bowl shaped like a hemisphere can hold 8 oz of liquid. How many bowls will the soup container fill? Recall that 1 quart is equivalent to 32 fluid ounces (oz). bowls,A one-quart container of tomato soup is shaped like a rectangular prism. A soup bowl shaped like a hemisphere can hold 8 oz of liquid. How many bowls will the soup container fill? Recall that 1 quart is equivalent to 32 fluid ounces (oz). bowls,4,geometry_measurement,8.G.C.9,Know & Use Volume Formulas,387,373,303,387,0.2118863049095607,0.0077519379844961,0.6976744186046512,"[{""answer_norm"": ""4"", ""n"": 330}, {""answer_norm"": ""3"", ""n"": 7}, {""answer_norm"": ""32"", ""n"": 6}, {""answer_norm"": ""1/4"", ""n"": 5}, {""answer_norm"": ""256"", ""n"": 4}]",test,
375493,PSBCFEV,2,Fill-in-the-blank(s),Numeric,How many triangles are needed to compose a region that is 1 1 2 square meters? triangles,How many triangles are needed to compose a region that is 1 1 / 2 square meters? triangles,27,geometry_measurement,6.G.A.1,"Find the Area of Triangles, Quadrilaterals & Polygons",700,684,381,700,0.4128571428571428,0.2057142857142857,0.4514285714285714,"[{""answer_norm"": ""27"", ""n"": 401}, {""answer_norm"": ""3"", ""n"": 61}, {""answer_norm"": ""2"", ""n"": 15}, {""answer_norm"": ""9"", ""n"": 15}, {""answer_norm"": ""4"", ""n"": 14}]",model_dev,
375908,PRABEUGM,1,Fill-in-the-blank(s),Numeric,Solve the equation. 1 7 a + 3 4 = 9 8 a =,Solve the equation. 1 / 7 a + 3 / 4 = 9 / 8 a =,21/8,equation_algebra,7.EE.B.4a,Solve 2-Step Equations,1021,1014,722,1021,0.2889324191968658,0.1488736532810969,0.6425073457394711,"[{""answer_norm"": ""21/8"", ""n"": 697}, {""answer_norm"": ""2 5/8"", ""n"": 65}, {""answer_norm"": ""2.625"", ""n"": 37}, {""answer_norm"": ""3"", ""n"": 12}, {""answer_norm"": ""4"", ""n"": 10}]",validation,
376399,PRABMSPT,1,Fill-in-the-blank(s),Numeric,Solve the equation. 3 2 = 4 3 c + 2 3 c =,Solve the equation. 3 / 2 = 4 / 3 c + 2 / 3 c =,8-May,equation_algebra,7.EE.B.4a,Solve 2-Step Equations,978,972,689,978,0.294478527607362,0.0276073619631901,0.6380368098159509,"[{""answer_norm"": ""5/8"", ""n"": 734}, {""answer_norm"": ""15/24"", ""n"": 22}, {""answer_norm"": ""4"", ""n"": 21}, {""answer_norm"": ""2/3"", ""n"": 15}, {""answer_norm"": ""3/2"", ""n"": 12}]",validation,
376600,PRABMSPU,1,Fill-in-the-blank(s),Numeric,Solve the equation. 0 . 3 d + 7 . 9 = 9 . 1 d =,Solve the equation. 0.3 d + 7.9 = 9.1 d =,4,equation_algebra,7.EE.B.4a,Solve 2-Step Equations,1149,1139,923,1149,0.1949521322889469,0.0165361183637946,0.721496953872933,"[{""answer_norm"": ""4"", ""n"": 912}, {""answer_norm"": ""4."", ""n"": 25}, {""answer_norm"": ""0.4"", ""n"": 21}, {""answer_norm"": ""0.9"", ""n"": 17}, {""answer_norm"": "".4"", ""n"": 14}]",model_dev,
376894,PRABMSPV,1,Fill-in-the-blank(s),Numeric,Solve the equation. 11 . 03 = 8 . 78 + 0 . 02 e e =,Solve the equation. 11.03 = 8.78 + 0.02 e e =,112.5,equation_algebra,7.EE.B.4a,Solve 2-Step Equations,1045,1036,800,1045,0.2344497607655502,0.0325358851674641,0.6995215311004784,"[{""answer_norm"": ""112.5"", ""n"": 841}, {""answer_norm"": ""225/2"", ""n"": 20}, {""answer_norm"": ""2.25"", ""n"": 13}, {""answer_norm"": ""2.23"", ""n"": 12}, {""answer_norm"": ""11.25"", ""n"": 10}]",model_dev,
381865,PSBCGM8,3,Fill-in-the-blank(s),Numeric,What is the slope of the line? Slope =,What is the slope of the line? Slope =,-1,functions_graphs,8.EE.B.6,Find Slope of a Line using Similar Triangles,522,517,378,522,0.2681992337164751,0.0727969348659003,0.5708812260536399,"[{""answer_norm"": ""-1"", ""n"": 318}, {""answer_norm"": ""1"", ""n"": 115}, {""answer_norm"": ""15"", ""n"": 20}, {""answer_norm"": ""-1/1"", ""n"": 8}, {""answer_norm"": ""-15"", ""n"": 7}]",model_dev,
382565,PSBCGTP,1,Fill-in-the-blank(s),Numeric,A cyclist rode 3.75 miles in 0.3 hours. How fast was she going in miles per hour? miles per hour,A cyclist rode 3.75 miles in 0.3 hours. How fast was she going in miles per hour? miles per hour,12.5,ratio_percent,7.RP.A.1,Compute Unit Rates with Fractions,1916,1776,1426,1916,0.2447807933194154,0.0835073068893528,0.6153444676409185,"[{""answer_norm"": ""12.5"", ""n"": 1327}, {""answer_norm"": ""1.25"", ""n"": 48}, {""answer_norm"": ""13"", ""n"": 46}, {""answer_norm"": ""1.125"", ""n"": 43}, {""answer_norm"": ""0.08"", ""n"": 39}]",model_dev,
382646,PSBCGRW,3,Fill-in-the-blank(s),Numeric,"Clare buys an item with a normal price of $24, but saves $6 by using a coupon. For what percentage off is this coupon? %","Clare buys an item with a normal price of $24, but saves $6 by using a coupon. For what percentage off is this coupon? %",25,ratio_percent,6.RP.A.3c,Solve Problems Involving Percents,181,179,144,181,0.1878453038674033,0.0276243093922651,0.6298342541436464,"[{""answer_norm"": ""25"", ""n"": 128}, {""answer_norm"": ""4"", ""n"": 15}, {""answer_norm"": ""40"", ""n"": 11}, {""answer_norm"": ""25%"", ""n"": 5}, {""answer_norm"": ""0.25"", ""n"": 4}]",model_dev,
382916,PSBCGTP,2,Fill-in-the-blank(s),Numeric,"A cyclist rode 3.75 miles in 0.3 hours. At that rate, how long (in hours) will it take her to go 4.5 miles? hours","A cyclist rode 3.75 miles in 0.3 hours. At that rate, how long (in hours) will it take her to go 4.5 miles? hours",0.36,ratio_percent,7.RP.A.1,Compute Unit Rates with Fractions,1892,1755,983,1892,0.4677589852008457,0.2225158562367864,0.3604651162790697,"[{""answer_norm"": ""0.36"", ""n"": 657}, {""answer_norm"": ""56.25"", ""n"": 224}, {""answer_norm"": "".36"", ""n"": 211}, {""answer_norm"": ""15"", ""n"": 79}, {""answer_norm"": ""21 3/5"", ""n"": 42}]",model_dev,
387531,PSBCHP9,1,Fill-in-the-blank(s),Numeric,Solve the equation. 3 ( x − 5 ) = 6 x =,Solve the equation. 3 (x - 5) = 6 x =,7,ratio_percent,8.EE.C.7b,Solve Multi-Step Linear Equations with Rational Number Coefficients,839,826,721,839,0.1394517282479142,0.0572109654350417,0.7842669845053635,"[{""answer_norm"": ""7"", ""n"": 713}, {""answer_norm"": ""3"", ""n"": 16}, {""answer_norm"": ""-3"", ""n"": 11}, {""answer_norm"": ""21"", ""n"": 9}, {""answer_norm"": ""2"", ""n"": 8}]",model_dev,
387953,PSBCHST,1,Fill-in-the-blank(s),Numeric,Solve the equation. 2 x − 2 3 = 0 x =,Solve the equation. 2 (x - 2 / 3) = 0 x =,3-Feb,ratio_percent,8.EE.C.7b,Solve Multi-Step Linear Equations with Rational Number Coefficients,803,791,620,803,0.2166874221668742,0.1544209215442092,0.684931506849315,"[{""answer_norm"": ""2/3"", ""n"": 615}, {""answer_norm"": ""0"", ""n"": 53}, {""answer_norm"": ""-2/3"", ""n"": 12}, {""answer_norm"": ""1/3"", ""n"": 11}, {""answer_norm"": ""4/6"", ""n"": 9}]",model_dev,
388305,PSBCHU3,1,Fill-in-the-blank(s),Numeric,Solve the equation. 4 x − 5 = 2 − x x =,Solve the equation. 4 x - 5 = 2 - x x =,5-Jul,ratio_percent,8.EE.C.7b,Solve Multi-Step Linear Equations with Rational Number Coefficients,805,794,640,805,0.2012422360248447,0.084472049689441,0.7130434782608696,"[{""answer_norm"": ""7/5"", ""n"": 542}, {""answer_norm"": ""1.4"", ""n"": 94}, {""answer_norm"": ""5/7"", ""n"": 19}, {""answer_norm"": ""1 2/5"", ""n"": 15}, {""answer_norm"": ""1"", ""n"": 12}]",model_dev,
388358,PSBCHWW,1,Fill-in-the-blank(s),Numeric,A copy machine can print 480 copies every 4 minutes. How many copies can it print in 10 minutes? copies,A copy machine can print 480 copies every 4 minutes. How many copies can it print in 10 minutes? copies,"1,200",ratio_percent,6.RP.A.3b,Solve Unit Rate Problems,1263,1241,1071,1263,0.119556611243072,0.1116389548693586,0.7854315122723674,"[{""answer_norm"": ""1200"", ""n"": 910}, {""answer_norm"": ""1,200"", ""n"": 160}, {""answer_norm"": ""120"", ""n"": 34}, {""answer_norm"": ""4800"", ""n"": 19}, {""answer_norm"": ""2400"", ""n"": 14}]",model_dev,
388622,PSBCHXB,2,Fill-in-the-blank(s),Numeric,Solve the equation to find the number of players on each team. x = players on each team,Solve the equation to find the number of players on each team. x = players on each team,15,equation_algebra,7.EE.B.4a,Solve 2-Step Equations,1816,1804,1137,1816,0.3656387665198238,0.1674008810572687,0.5027533039647577,"[{""answer_norm"": ""15"", ""n"": 1129}, {""answer_norm"": ""11"", ""n"": 95}, {""answer_norm"": ""90"", ""n"": 90}, {""answer_norm"": ""13"", ""n"": 73}, {""answer_norm"": ""39"", ""n"": 36}]",model_dev,
388660,PSBCHWW,3,Fill-in-the-blank(s),Numeric,A copy machine can print 480 copies every 4 minutes. A teacher printed 720 copies. How long did it take to print? minutes,A copy machine can print 480 copies every 4 minutes. A teacher printed 720 copies. How long did it take to print? minutes,6,ratio_percent,6.RP.A.3b,Solve Unit Rate Problems,1249,1228,1010,1249,0.1513210568454764,0.2393915132105684,0.7269815852682145,"[{""answer_norm"": ""6"", ""n"": 999}, {""answer_norm"": ""7"", ""n"": 38}, {""answer_norm"": ""180"", ""n"": 22}, {""answer_norm"": ""86400"", ""n"": 20}, {""answer_norm"": ""8"", ""n"": 17}]",model_dev,
389120,PRABET32,1,Fill-in-the-blank(s),Numeric,The baby giraffe weighed 132 pounds at birth. He gained weight at a steady rate for the first 7 months until his weight reached 538 pounds. How much did he gain each month? pounds,The baby giraffe weighed 132 pounds at birth. He gained weight at a steady rate for the first 7 months until his weight reached 538 pounds. How much did he gain each month? pounds,58,equation_algebra,7.EE.B.4a,Solve 2-Step Equations,1943,1923,1508,1943,0.2207925887802367,0.0900669068450849,0.7246525990735976,"[{""answer_norm"": ""58"", ""n"": 1603}, {""answer_norm"": ""76"", ""n"": 40}, {""answer_norm"": ""76.8"", ""n"": 25}, {""answer_norm"": ""406"", ""n"": 22}, {""answer_norm"": ""77"", ""n"": 19}]",validation,
390558,PSBCJEN,3,Fill-in-the-blank(s),Numeric,"Based on this simulation, what is the probability that exactly two kittens will be chocolate brown.","Based on this simulation, what is the probability that exactly two kittens will be chocolate brown.",12-Mar,statistics_probability,7.SP.C.8c,Design & Use a Simulation for Compound Events,438,430,273,438,0.363013698630137,0.1598173515981735,0.4452054794520548,"[{""answer_norm"": ""3/12"", ""n"": 213}, {""answer_norm"": ""3"", ""n"": 39}, {""answer_norm"": ""5/12"", ""n"": 30}, {""answer_norm"": ""1/4"", ""n"": 26}, {""answer_norm"": ""2/12"", ""n"": 10}]",model_dev,
390823,PSBCJEN,4,Fill-in-the-blank(s),Numeric,"Based on this simulation, what is the probability that at least two kittens will be chocolate brown.","Based on this simulation, what is the probability that at least two kittens will be chocolate brown.",12-May,statistics_probability,7.SP.C.8c,Design & Use a Simulation for Compound Events,432,426,312,432,0.2777777777777778,0.0972222222222222,0.6157407407407407,"[{""answer_norm"": ""5/12"", ""n"": 313}, {""answer_norm"": ""3/12"", ""n"": 20}, {""answer_norm"": ""2/12"", ""n"": 18}, {""answer_norm"": "".416"", ""n"": 7}, {""answer_norm"": ""5"", ""n"": 6}]",model_dev,
393425,PSBCJWC,1,Fill-in-the-blank(s),Numeric,"There are 3,785 milliliters in 1 gallon, and there are 4 quarts in 1 gallon. How many milliliters are in 3 gallons? milliliters","There are 3,785 milliliters in 1 gallon, and there are 4 quarts in 1 gallon. How many milliliters are in 3 gallons? milliliters","11,355",ratio_percent,6.RP.A.3d,Use Ratios to Convert Measurement Units,1279,1255,823,1279,0.3393275996872557,0.0586395621579358,0.5519937451133698,"[{""answer_norm"": ""11355"", ""n"": 672}, {""answer_norm"": ""11,355"", ""n"": 328}, {""answer_norm"": ""11.355"", ""n"": 69}, {""answer_norm"": ""11356.2"", ""n"": 14}, {""answer_norm"": ""946.25"", ""n"": 14}]",model_dev,
393738,PSBCJWC,3,Fill-in-the-blank(s),Numeric,"There are 3,785 milliliters in 1 gallon, and there are 4 quarts in 1 gallon. How many milliliters are in 1 quart? milliliters","There are 3,785 milliliters in 1 gallon, and there are 4 quarts in 1 gallon. How many milliliters are in 1 quart? milliliters",946.25,ratio_percent,6.RP.A.3d,Use Ratios to Convert Measurement Units,1255,1232,871,1255,0.2597609561752988,0.2047808764940239,0.5665338645418326,"[{""answer_norm"": ""946.25"", ""n"": 785}, {""answer_norm"": ""946"", ""n"": 81}, {""answer_norm"": ""946.353"", ""n"": 72}, {""answer_norm"": ""3785"", ""n"": 17}, {""answer_norm"": ""946.35"", ""n"": 16}]",model_dev,
394487,PSBCJ3Z,1,Fill-in-the-blank(s),Numeric,Tyler has a baseball bat that weighs 28 ounces. Find this weight in kilograms. (Note: 1 kilogram is approximately 35 ounces) kilograms,Tyler has a baseball bat that weighs 28 ounces. Find this weight in kilograms. (Note: 1 kilogram is approximately 35 ounces) kilograms,0.8,ratio_percent,6.RP.A.3d,Use Ratios to Convert Measurement Units,1116,1107,695,1116,0.3064516129032258,0.278673835125448,0.4767025089605735,"[{""answer_norm"": ""0.8"", ""n"": 421}, {""answer_norm"": "".8"", ""n"": 91}, {""answer_norm"": ""4/5"", ""n"": 77}, {""answer_norm"": ""1.25"", ""n"": 65}, {""answer_norm"": ""28/35"", ""n"": 42}]",model_dev,
394746,PSBCJ3Z,2,Fill-in-the-blank(s),Numeric,Tyler has a baseball bat that weighs 28 ounces. Find this weight in grams. (Note: 1 kilogram is approximately 35 ounces) grams,Tyler has a baseball bat that weighs 28 ounces. Find this weight in grams. (Note: 1 kilogram is approximately 35 ounces) grams,800,ratio_percent,6.RP.A.3d,Use Ratios to Convert Measurement Units,1107,1099,591,1107,0.3830171635049684,0.3730803974706413,0.4191508581752484,"[{""answer_norm"": ""800"", ""n"": 606}, {""answer_norm"": ""0.8"", ""n"": 69}, {""answer_norm"": ""793.787"", ""n"": 35}, {""answer_norm"": ""793.8"", ""n"": 21}, {""answer_norm"": ""8"", ""n"": 20}]",model_dev,
395051,PSBCJ55,1,Fill-in-the-blank(s),Numeric,A recipe for trail mix uses 7 ounces of almonds with 5 ounces of raisins. (Almonds and raisins are the only ingredients.) How many ounces of almonds would be in a one-pound bag of this trail mix? ounces of almonds,A recipe for trail mix uses 7 ounces of almonds with 5 ounces of raisins. (Almonds and raisins are the only ingredients.) How many ounces of almonds would be in a one-pound bag of this trail mix? ounces of almonds,9 1/3,ratio_percent,6.RP.A.3b,Solve Unit Rate Problems,846,844,293,846,0.5839243498817966,0.2777777777777778,0.2364066193853428,"[{""answer_norm"": ""9 1/3"", ""n"": 284}, {""answer_norm"": ""9"", ""n"": 70}, {""answer_norm"": ""16"", ""n"": 40}, {""answer_norm"": ""9.3"", ""n"": 31}, {""answer_norm"": ""12"", ""n"": 29}]",model_dev,
395419,PSBCJ8B,1,Fill-in-the-blank(s),Numeric,An ant can travel at a constant speed of 980 inches every 5 minutes. How far does the ant travel in 1 minute? inches,An ant can travel at a constant speed of 980 inches every 5 minutes. How far does the ant travel in 1 minute? inches,196,ratio_percent,6.RP.A.3b,Solve Unit Rate Problems,1047,1044,919,1047,0.1060171919770773,0.0916905444126074,0.8233046800382043,"[{""answer_norm"": ""196"", ""n"": 930}, {""answer_norm"": ""1372"", ""n"": 8}, {""answer_norm"": ""11760"", ""n"": 5}, {""answer_norm"": ""195"", ""n"": 5}, {""answer_norm"": ""198"", ""n"": 5}]",test,
395593,PSBCJ8B,2,Fill-in-the-blank(s),Numeric,"An ant can travel at a constant speed of 980 inches every 5 minutes. At this rate, how far can the ant travel in 7 minutes? inches","An ant can travel at a constant speed of 980 inches every 5 minutes. At this rate, how far can the ant travel in 7 minutes? inches","1,372",ratio_percent,6.RP.A.3b,Solve Unit Rate Problems,1045,1042,897,1045,0.124401913875598,0.0612440191387559,0.8066985645933015,"[{""answer_norm"": ""1372"", ""n"": 762}, {""answer_norm"": ""1,372"", ""n"": 145}, {""answer_norm"": ""140"", ""n"": 13}, {""answer_norm"": ""6860"", ""n"": 9}, {""answer_norm"": ""1327"", ""n"": 4}]",test,
403421,PSBCMNM,1,Fill-in-the-blank(s),Numeric,Find the product. ( 2 . 5 ) ⋅ ( 1 . 4 ),Find the product. (2.5) * (1.4),3.5,decimal,6.NS.B.3,"Add, Subtract, Multiply & Divide Multi-Digit Decimals",738,731,659,738,0.1056910569105691,0.043360433604336,0.7831978319783198,"[{""answer_norm"": ""3.5"", ""n"": 443}, {""answer_norm"": ""3.50"", ""n"": 156}, {""answer_norm"": ""35.0"", ""n"": 11}, {""answer_norm"": ""2.20"", ""n"": 9}, {""answer_norm"": ""4.0"", ""n"": 7}]",test,
403777,PSBCMQV,1,Fill-in-the-blank(s),Numeric,Find the product. ( 0 . 64 ) ⋅ ( 0 . 81 ),Find the product. (0.64) * (0.81),0.5184,decimal,6.NS.B.3,"Add, Subtract, Multiply & Divide Multi-Digit Decimals",733,724,620,733,0.1446111869031378,0.1350613915416098,0.6834924965893588,"[{""answer_norm"": ""0.5184"", ""n"": 399}, {""answer_norm"": "".5184"", ""n"": 141}, {""answer_norm"": ""51.84"", ""n"": 21}, {""answer_norm"": ""5.184"", ""n"": 17}, {""answer_norm"": ""4.84"", ""n"": 4}]",model_dev,
404191,PSBCMTY,1,Fill-in-the-blank(s),Numeric,Evaluate the expression 4x 3 for the given value of x. x = 1,Evaluate the expression 4x^(3) for the given value of x. x = 1,4,equation_algebra,6.EE.A.1,Write & Evaluate Numerical Expressions with Exponents,350,346,213,350,0.3685714285714285,0.1257142857142857,0.3771428571428571,"[{""answer_norm"": ""4"", ""n"": 148}, {""answer_norm"": ""64"", ""n"": 102}, {""answer_norm"": ""12"", ""n"": 35}, {""answer_norm"": ""68921"", ""n"": 13}, {""answer_norm"": ""1"", ""n"": 8}]",validation,
404343,PSBCMTY,2,Fill-in-the-blank(s),Numeric,Evaluate the expression 4x 3 for the given value of x. x = 2,Evaluate the expression 4x^(3) for the given value of x. x = 2,32,equation_algebra,6.EE.A.1,Write & Evaluate Numerical Expressions with Exponents,348,344,229,348,0.3247126436781609,0.1178160919540229,0.5287356321839081,"[{""answer_norm"": ""32"", ""n"": 193}, {""answer_norm"": ""8"", ""n"": 82}, {""answer_norm"": ""2"", ""n"": 17}, {""answer_norm"": ""512"", ""n"": 11}, {""answer_norm"": ""24"", ""n"": 9}]",validation,
404451,PSBCMTY,3,Fill-in-the-blank(s),Numeric,Evaluate the expression 4x 3 for the given value of x. x = 1 2,Evaluate the expression 4x^(3) for the given value of x. x = 1 / 2,0.5,equation_algebra,6.EE.A.1,Write & Evaluate Numerical Expressions with Exponents,346,342,227,346,0.338150289017341,0.0953757225433526,0.5289017341040463,"[{""answer_norm"": ""1/2"", ""n"": 89}, {""answer_norm"": "".5"", ""n"": 71}, {""answer_norm"": ""2"", ""n"": 48}, {""answer_norm"": ""0.5"", ""n"": 29}, {""answer_norm"": ""4/8"", ""n"": 26}]",validation,
405832,PRABG4ZD,1,Fill-in-the-blank(s),Numeric,Find the sum. 56 + ( - 56 ),Find the sum. 56 + (- 56),0,ratio_percent,7.NS.A.1d,Apply Properties of Operations to Add/Subtract Rational Numbers,698,680,654,698,0.0630372492836676,0.0,0.9040114613180515,"[{""answer_norm"": ""0"", ""n"": 651}, {""answer_norm"": ""112"", ""n"": 18}, {""answer_norm"": ""-112"", ""n"": 8}, {""answer_norm"": ""56"", ""n"": 5}, {""answer_norm"": ""1"", ""n"": 3}]",validation,
406364,PSBCM74,2,Fill-in-the-blank(s),Numeric,Find the solution for the situation. x =,Find the solution for the situation. x =,18,equation_algebra,6.EE.B.6 | 6.EE.B.7,Write Expressions with Variables to Solve Problems | Write & Solve 1-Step Equations,269,257,245,269,0.0892193308550185,0.0148698884758364,0.8698884758364313,"[{""answer_norm"": ""18"", ""n"": 245}, {""answer_norm"": ""26"", ""n"": 5}, {""answer_norm"": ""16"", ""n"": 3}, {""answer_norm"": ""34"", ""n"": 3}, {""answer_norm"": ""19"", ""n"": 2}]",model_dev,
406771,PSBCM9V,2,Fill-in-the-blank(s),Numeric,Find the solution for the situation. y =,Find the solution for the situation. y =,112,equation_algebra,6.EE.B.6 | 6.EE.B.7,Write Expressions with Variables to Solve Problems | Write & Solve 1-Step Equations,260,249,228,260,0.1192307692307692,0.0115384615384615,0.8,"[{""answer_norm"": ""112"", ""n"": 220}, {""answer_norm"": ""14"", ""n"": 6}, {""answer_norm"": ""1.75"", ""n"": 4}, {""answer_norm"": ""122"", ""n"": 4}, {""answer_norm"": ""114"", ""n"": 3}]",test,
407150,PSBCNEW,1,Fill-in-the-blank(s),Numeric,"Students did push-ups for a fitness test. Their goal was 20 push-ups. For the student, determine what percentage of the goal they achieved. Elena did 16 push-ups. %","Students did push-ups for a fitness test. Their goal was 20 push-ups. For the student, determine what percentage of the goal they achieved. Elena did 16 push-ups. %",80,ratio_percent,6.RP.A.3c,Solve Problems Involving Percents,42,42,37,42,0.0952380952380952,0.1428571428571428,0.6666666666666666,"[{""answer_norm"": ""80"", ""n"": 32}, {""answer_norm"": ""75"", ""n"": 4}, {""answer_norm"": ""4/5"", ""n"": 2}, {""answer_norm"": ""1.25"", ""n"": 1}, {""answer_norm"": ""12.5"", ""n"": 1}]",model_dev,
407163,PSBCNC3,2,Fill-in-the-blank(s),Numeric,Find the solution for the situation. z =,Find the solution for the situation. z =,186,equation_algebra,6.EE.B.6 | 6.EE.B.7,Write Expressions with Variables to Solve Problems | Write & Solve 1-Step Equations,265,254,237,265,0.1056603773584905,0.0226415094339622,0.8037735849056604,"[{""answer_norm"": ""186"", ""n"": 229}, {""answer_norm"": ""632"", ""n"": 14}, {""answer_norm"": ""176"", ""n"": 2}, {""answer_norm"": ""112"", ""n"": 1}, {""answer_norm"": ""113"", ""n"": 1}]",model_dev,
407285,PSBCNEW,2,Fill-in-the-blank(s),Numeric,"Students did push-ups for a fitness test. Their goal was 20 push-ups. For the student, determine what percentage of the goal they achieved. Jada did 42 push-ups. %","Students did push-ups for a fitness test. Their goal was 20 push-ups. For the student, determine what percentage of the goal they achieved. Jada did 42 push-ups. %",210,ratio_percent,6.RP.A.3c,Solve Problems Involving Percents,42,42,37,42,0.0952380952380952,0.1428571428571428,0.5952380952380952,"[{""answer_norm"": ""210"", ""n"": 27}, {""answer_norm"": ""220"", ""n"": 3}, {""answer_norm"": ""110"", ""n"": 1}, {""answer_norm"": ""120"", ""n"": 1}, {""answer_norm"": ""122"", ""n"": 1}]",model_dev,
407357,PRABFMBU,1,Fill-in-the-blank(s),Numeric,Find the quotient. 1 2 ÷ 2,Find the quotient. 1 / 2 / 2,4-Jan,fraction,6.NS.A.1,Interpret & Compute using Division of Fractions,751,742,608,751,0.1744340878828229,0.0705725699067909,0.7243675099866844,"[{""answer_norm"": ""1/4"", ""n"": 580}, {""answer_norm"": ""0.25"", ""n"": 22}, {""answer_norm"": ""1/2"", ""n"": 22}, {""answer_norm"": ""1"", ""n"": 18}, {""answer_norm"": ""2/2"", ""n"": 17}]",model_dev,
407421,PSBCNEW,3,Fill-in-the-blank(s),Numeric,"Students did push-ups for a fitness test. Their goal was 20 push-ups. For the student, determine what percentage of the goal they achieved. Lin did 13 push-ups. %","Students did push-ups for a fitness test. Their goal was 20 push-ups. For the student, determine what percentage of the goal they achieved. Lin did 13 push-ups. %",65,ratio_percent,6.RP.A.3c,Solve Problems Involving Percents,42,42,39,42,0.0476190476190476,0.0476190476190476,0.6666666666666666,"[{""answer_norm"": ""65"", ""n"": 31}, {""answer_norm"": ""45"", ""n"": 2}, {""answer_norm"": ""60.5"", ""n"": 2}, {""answer_norm"": ""0.65"", ""n"": 1}, {""answer_norm"": ""26"", ""n"": 1}]",model_dev,
407530,PSBCNEW,4,Fill-in-the-blank(s),Numeric,"Students did push-ups for a fitness test. Their goal was 20 push-ups. For the student, determine what percentage of the goal they achieved. Andre did 21 push-ups. %","Students did push-ups for a fitness test. Their goal was 20 push-ups. For the student, determine what percentage of the goal they achieved. Andre did 21 push-ups. %",105,ratio_percent,6.RP.A.3c,Solve Problems Involving Percents,41,41,39,41,0.048780487804878,0.048780487804878,0.8048780487804879,"[{""answer_norm"": ""105"", ""n"": 35}, {""answer_norm"": ""101"", ""n"": 2}, {""answer_norm"": ""10105"", ""n"": 1}, {""answer_norm"": ""103"", ""n"": 1}, {""answer_norm"": ""106.25"", ""n"": 1}]",model_dev,
407575,PSBCNE9,2,Fill-in-the-blank(s),Numeric,Find the solution for the situation. w =,Find the solution for the situation. w =,9,equation_algebra,6.EE.B.6 | 6.EE.B.7,Write Expressions with Variables to Solve Problems | Write & Solve 1-Step Equations,258,247,228,258,0.1124031007751938,0.0193798449612403,0.8062015503875969,"[{""answer_norm"": ""9"", ""n"": 223}, {""answer_norm"": ""81"", ""n"": 20}, {""answer_norm"": ""7"", ""n"": 6}, {""answer_norm"": ""186"", ""n"": 2}, {""answer_norm"": ""27"", ""n"": 2}]",model_dev,
407583,PRABFMCN,1,Fill-in-the-blank(s),Numeric,Find the quotient. 2 ÷ 2,Find the quotient. 2 / 2,1,whole_number_arithmetic,5.NBT.B.6,Divide Whole Numbers (Up to 4-Digit Dividends & 2-Digit Divisors),716,710,694,716,0.0307262569832402,0.0125698324022346,0.9064245810055864,"[{""answer_norm"": ""1"", ""n"": 651}, {""answer_norm"": ""0"", ""n"": 34}, {""answer_norm"": ""2"", ""n"": 10}, {""answer_norm"": ""4"", ""n"": 9}, {""answer_norm"": ""1/4"", ""n"": 5}]",model_dev,
407757,PRABFMCP,1,Fill-in-the-blank(s),Numeric,Find the quotient. 1 2 ÷ 1 2,Find the quotient. 1 / 2 / 1 / 2,1,fraction,6.NS.A.1,Interpret & Compute using Division of Fractions,713,706,651,713,0.0771388499298737,0.0266479663394109,0.782608695652174,"[{""answer_norm"": ""1"", ""n"": 530}, {""answer_norm"": ""1/4"", ""n"": 67}, {""answer_norm"": ""2/2"", ""n"": 28}, {""answer_norm"": ""1/2"", ""n"": 19}, {""answer_norm"": ""0.25"", ""n"": 11}]",model_dev,
407929,PRABFMCQ,1,Fill-in-the-blank(s),Numeric,Find the quotient. 38 79 ÷ 38 79,Find the quotient. 38 / 79 / 38 / 79,1,fraction,6.NS.A.1,Interpret & Compute using Division of Fractions,723,716,682,723,0.0511756569847856,0.0221300138312586,0.9114799446749654,"[{""answer_norm"": ""1"", ""n"": 649}, {""answer_norm"": ""1/1"", ""n"": 22}, {""answer_norm"": ""3002/3002"", ""n"": 12}, {""answer_norm"": ""0"", ""n"": 4}, {""answer_norm"": ""76/79"", ""n"": 3}]",test,
408499,PRABETNX,1,Fill-in-the-blank(s),Numeric,Find the value of the expression. 1 4 · ( - 12 ),Find the value of the expression. 1 / 4 * (- 12),-3,ratio_percent,7.NS.A.2c,Apply Properties of Operations to Multiply/Divide Rational Numbers,1498,1449,1316,1498,0.1214953271028037,0.0340453938584779,0.7723631508678238,"[{""answer_norm"": ""-3"", ""n"": 1212}, {""answer_norm"": ""3"", ""n"": 105}, {""answer_norm"": ""-12/4"", ""n"": 18}, {""answer_norm"": ""-4"", ""n"": 15}, {""answer_norm"": ""-48"", ""n"": 13}]",model_dev,
409731,PSBCNU9,1,Fill-in-the-blank(s),Numeric,It costs $3.45 to buy 3 4 foot of electrical wire. How much would it cost to purchase 7 1 2 feet of wire? $,It costs $3.45 to buy 3 / 4 foot of electrical wire. How much would it cost to purchase 7 1 / 2 feet of wire? $,34.5,ratio_percent,7.RP.A.1,Compute Unit Rates with Fractions,646,634,419,646,0.348297213622291,0.0866873065015479,0.5154798761609907,"[{""answer_norm"": ""34.5"", ""n"": 347}, {""answer_norm"": ""34.50"", ""n"": 80}, {""answer_norm"": ""2.16"", ""n"": 29}, {""answer_norm"": ""10"", ""n"": 21}, {""answer_norm"": ""3.45"", ""n"": 8}]",test,
412814,PRABEPPR,1,Fill-in-the-blank(s),Numeric,"The points (12, 23) and (14, 45) lie on a line. What is the slope of the line?","The points (12, 23) and (14, 45) lie on a line. What is the slope of the line?",11,functions_graphs,8.F.B.4,Use Functions to Model Relationships Between Quantities,416,413,294,416,0.2788461538461538,0.125,0.6706730769230769,"[{""answer_norm"": ""11"", ""n"": 341}, {""answer_norm"": ""22/2"", ""n"": 20}, {""answer_norm"": ""1/11"", ""n"": 8}, {""answer_norm"": ""2"", ""n"": 4}, {""answer_norm"": ""2/22"", ""n"": 4}]",model_dev,
412825,PSBCPB3,2,Fill-in-the-blank(s),Numeric,Calculate how far the hurdles are from one another. meters,Calculate how far the hurdles are from one another. meters,7.5,decimal,6.NS.B.3,"Add, Subtract, Multiply & Divide Multi-Digit Decimals",143,142,52,143,0.6083916083916084,0.1958041958041958,0.2657342657342657,"[{""answer_norm"": ""7.5"", ""n"": 51}, {""answer_norm"": ""6.5625"", ""n"": 11}, {""answer_norm"": ""7"", ""n"": 10}, {""answer_norm"": ""6.5"", ""n"": 9}, {""answer_norm"": ""6"", ""n"": 7}]",model_dev,
414393,PSBCPJC,3,Fill-in-the-blank(s),Numeric,"Altogether, how many cups of jam are in the jars? cups of jam","Altogether, how many cups of jam are in the jars? cups of jam",9,fraction,6.NS.A.1,Interpret & Compute using Division of Fractions,138,138,110,138,0.1739130434782608,0.1159420289855072,0.782608695652174,"[{""answer_norm"": ""9"", ""n"": 122}, {""answer_norm"": ""3"", ""n"": 2}, {""answer_norm"": ""8"", ""n"": 2}, {""answer_norm"": ""0.5625"", ""n"": 1}, {""answer_norm"": ""1 1/2"", ""n"": 1}]",model_dev,
414639,PSBCPMQ,2,Fill-in-the-blank(s),Numeric,What is the greatest common factor of 42 and 15?,What is the greatest common factor of 42 and 15?,3,other,6.NS.B.4,Find Common Factors & Multiples,679,674,593,679,0.1089837997054491,0.0618556701030927,0.7982326951399117,"[{""answer_norm"": ""3"", ""n"": 589}, {""answer_norm"": ""1"", ""n"": 16}, {""answer_norm"": ""5"", ""n"": 10}, {""answer_norm"": ""15"", ""n"": 8}, {""answer_norm"": ""2"", ""n"": 8}]",model_dev,
414757,PSBCPK5,3,Fill-in-the-blank(s),Numeric,How many cups of jam are in each jar? cups of jam,How many cups of jam are in each jar? cups of jam,1 1/2,fraction,6.NS.A.1,Interpret & Compute using Division of Fractions,135,131,101,135,0.2296296296296296,0.237037037037037,0.6074074074074074,"[{""answer_norm"": ""1 1/2"", ""n"": 53}, {""answer_norm"": ""1.5"", ""n"": 32}, {""answer_norm"": ""37 1/2"", ""n"": 7}, {""answer_norm"": ""37.5"", ""n"": 7}, {""answer_norm"": ""1/2"", ""n"": 5}]",validation,
414817,PSBCPMQ,3,Fill-in-the-blank(s),Numeric,What is the greatest common factor of 42 and 50?,What is the greatest common factor of 42 and 50?,2,other,6.NS.B.4,Find Common Factors & Multiples,671,666,595,671,0.0909090909090909,0.0611028315946348,0.7540983606557377,"[{""answer_norm"": ""2"", ""n"": 543}, {""answer_norm"": ""1"", ""n"": 28}, {""answer_norm"": ""3"", ""n"": 21}, {""answer_norm"": ""6"", ""n"": 20}, {""answer_norm"": ""1,2"", ""n"": 12}]",model_dev,
415185,PSBCPNT,3,Fill-in-the-blank(s),Numeric,How many jars did he fill? jars of jam,How many jars did he fill? jars of jam,9,fraction,6.NS.A.1,Interpret & Compute using Division of Fractions,122,122,94,122,0.221311475409836,0.0901639344262295,0.6311475409836066,"[{""answer_norm"": ""9"", ""n"": 91}, {""answer_norm"": ""8"", ""n"": 6}, {""answer_norm"": ""1.5"", ""n"": 3}, {""answer_norm"": ""5"", ""n"": 3}, {""answer_norm"": ""6"", ""n"": 3}]",model_dev,
416720,PRABFKEU,1,Fill-in-the-blank(s),Numeric,Find the quotient. 1 7 ÷ 1 8,Find the quotient. 1 / 7 / 1 / 8,7-Aug,fraction,6.NS.A.1,Interpret & Compute using Division of Fractions,442,440,342,442,0.2036199095022624,0.085972850678733,0.6470588235294118,"[{""answer_norm"": ""8/7"", ""n"": 221}, {""answer_norm"": ""1 1/7"", ""n"": 93}, {""answer_norm"": ""1/56"", ""n"": 23}, {""answer_norm"": ""1"", ""n"": 10}, {""answer_norm"": ""7/8"", ""n"": 10}]",model_dev,
416968,PRABFKE2,1,Fill-in-the-blank(s),Numeric,Find the quotient. 12 5 ÷ 6 5,Find the quotient. 12 / 5 / 6 / 5,2,fraction,6.NS.A.1,Interpret & Compute using Division of Fractions,456,454,394,456,0.1228070175438596,0.0416666666666666,0.7587719298245614,"[{""answer_norm"": ""2"", ""n"": 261}, {""answer_norm"": ""60/30"", ""n"": 85}, {""answer_norm"": ""2/5"", ""n"": 17}, {""answer_norm"": ""2/1"", ""n"": 15}, {""answer_norm"": ""5/5"", ""n"": 7}]",model_dev,
417173,PRABFKE3,1,Fill-in-the-blank(s),Numeric,Find the quotient. 1 10 ÷ 10,Find the quotient. 1 / 10 / 10,1/100,fraction,6.NS.A.1,Interpret & Compute using Division of Fractions,377,374,311,377,0.1618037135278514,0.0450928381962864,0.623342175066313,"[{""answer_norm"": ""1/100"", ""n"": 214}, {""answer_norm"": ""1"", ""n"": 58}, {""answer_norm"": ""0.01"", ""n"": 29}, {""answer_norm"": ""1/10"", ""n"": 22}, {""answer_norm"": ""10/10"", ""n"": 14}]",validation,
417385,PRABFKE4,1,Fill-in-the-blank(s),Numeric,Find the quotient. 9 10 ÷ 10 9,Find the quotient. 9 / 10 / 10 / 9,0.81,fraction,6.NS.A.1,Interpret & Compute using Division of Fractions,387,385,327,387,0.1472868217054263,0.0465116279069767,0.7390180878552972,"[{""answer_norm"": ""81/100"", ""n"": 257}, {""answer_norm"": ""0.81"", ""n"": 39}, {""answer_norm"": ""1"", ""n"": 21}, {""answer_norm"": "".81"", ""n"": 7}, {""answer_norm"": ""9/10"", ""n"": 7}]",model_dev,
418297,PRABHQG9,1,Fill-in-the-blank(s),Numeric,It takes Jada 20 minutes to walk to school. It takes Andre 80% as long to walk to school. How long does it take Andre to walk to school? minutes,It takes Jada 20 minutes to walk to school. It takes Andre 80% as long to walk to school. How long does it take Andre to walk to school? minutes,16,ratio_percent,6.RP.A.3c,Solve Problems Involving Percents,361,360,281,361,0.1883656509695291,0.0554016620498614,0.6592797783933518,"[{""answer_norm"": ""16"", ""n"": 257}, {""answer_norm"": ""15"", ""n"": 11}, {""answer_norm"": ""18"", ""n"": 10}, {""answer_norm"": ""36"", ""n"": 7}, {""answer_norm"": ""19.2"", ""n"": 6}]",model_dev,
423276,PRABEPMC,1,Fill-in-the-blank(s),Numeric,"Write the exact value of the side length, in units, of a square whose area in square units is 36. units","Write the exact value of the side length, in units, of a square whose area in square units is 36. units",6,ratio_percent,8.NS.A.2,Approximate Irrational Numbers,648,639,592,648,0.0802469135802469,0.0246913580246913,0.8888888888888888,"[{""answer_norm"": ""6"", ""n"": 619}, {""answer_norm"": ""1296"", ""n"": 6}, {""answer_norm"": ""9"", ""n"": 4}, {""answer_norm"": ""18"", ""n"": 3}, {""answer_norm"": ""16"", ""n"": 2}]",model_dev,
423601,PRABEPME,1,Fill-in-the-blank(s),Numeric,"Write the exact value of the side length, in units, of a square whose area in square units is 100 9 . units","Write the exact value of the side length, in units, of a square whose area in square units is 100 / 9. units",3-Oct,ratio_percent,8.NS.A.2,Approximate Irrational Numbers,639,630,390,639,0.3599374021909233,0.3020344287949921,0.5070422535211268,"[{""answer_norm"": ""10/3"", ""n"": 367}, {""answer_norm"": ""3 1/3"", ""n"": 33}, {""answer_norm"": ""sqrt(100/9)"", ""n"": 28}, {""answer_norm"": ""11.1"", ""n"": 21}, {""answer_norm"": ""11.11"", ""n"": 13}]",test,
423932,PRABEPMZ,1,Fill-in-the-blank(s),Numeric,"Write the exact value of the side length, in units, of a square whose area in square units is 0 . 0001 . units","Write the exact value of the side length, in units, of a square whose area in square units is 0.0001. units",0.01,ratio_percent,8.NS.A.2,Approximate Irrational Numbers,612,607,428,612,0.2875816993464052,0.2107843137254902,0.6013071895424836,"[{""answer_norm"": ""0.01"", ""n"": 273}, {""answer_norm"": "".01"", ""n"": 175}, {""answer_norm"": ""0.0001"", ""n"": 20}, {""answer_norm"": ""0.1"", ""n"": 15}, {""answer_norm"": ""0.001"", ""n"": 13}]",model_dev,
424251,PRABEPM4,1,Fill-in-the-blank(s),Numeric,Find the area of a square if its side length is 1 5 cm. square centimeter,Find the area of a square if its side length is 1 / 5 cm. square centimeter,25-Jan,geometry_measurement,8.EE.A.1,Know & Apply Properties of Exponents,616,609,459,616,0.2467532467532467,0.0584415584415584,0.6461038961038961,"[{""answer_norm"": ""1/25"", ""n"": 373}, {""answer_norm"": ""0.04"", ""n"": 82}, {""answer_norm"": ""1/10"", ""n"": 19}, {""answer_norm"": "".04"", ""n"": 12}, {""answer_norm"": ""1/5"", ""n"": 10}]",validation,
424393,PRABEPM5,1,Fill-in-the-blank(s),Numeric,Find the area of a square if its side length is 3 7 units. square unit,Find the area of a square if its side length is 3 / 7 units. square unit,Sep-49,geometry_measurement,8.EE.A.1,Know & Apply Properties of Exponents,611,604,441,611,0.2553191489361702,0.0916530278232405,0.618657937806874,"[{""answer_norm"": ""9/49"", ""n"": 451}, {""answer_norm"": ""3/49"", ""n"": 12}, {""answer_norm"": ""0.18"", ""n"": 10}, {""answer_norm"": ""9/21"", ""n"": 9}, {""answer_norm"": ""3/7"", ""n"": 8}]",validation,
424567,PRABEPM6,1,Fill-in-the-blank(s),Numeric,Find the area of a square if its side length is 11 8 inches. square inches,Find the area of a square if its side length is 11 / 8 inches. square inches,121/64,geometry_measurement,8.EE.A.1,Know & Apply Properties of Exponents,613,608,487,613,0.200652528548124,0.0962479608482871,0.7357259380097879,"[{""answer_norm"": ""121/64"", ""n"": 467}, {""answer_norm"": ""1 57/64"", ""n"": 42}, {""answer_norm"": ""1.890625"", ""n"": 11}, {""answer_norm"": ""22/16"", ""n"": 10}, {""answer_norm"": ""1.89"", ""n"": 6}]",model_dev,
424722,PRABEPM7,1,Fill-in-the-blank(s),Numeric,Find the area of a square if its side length is 0 . 1 meters. square meters,Find the area of a square if its side length is 0.1 meters. square meters,0.01,geometry_measurement,8.EE.A.1,Know & Apply Properties of Exponents,598,595,478,598,0.197324414715719,0.0501672240802675,0.7207357859531772,"[{""answer_norm"": ""0.01"", ""n"": 356}, {""answer_norm"": "".01"", ""n"": 130}, {""answer_norm"": ""0.1"", ""n"": 28}, {""answer_norm"": ""0.001"", ""n"": 13}, {""answer_norm"": "".1"", ""n"": 12}]",model_dev,
424891,PRABEPM8,1,Fill-in-the-blank(s),Numeric,Find the area of a square if its side length is 3.5 cm. square centimeters,Find the area of a square if its side length is 3.5 cm. square centimeters,12.25,geometry_measurement,8.EE.A.1,Know & Apply Properties of Exponents,594,590,484,594,0.1801346801346801,0.0505050505050505,0.7609427609427609,"[{""answer_norm"": ""12.25"", ""n"": 505}, {""answer_norm"": ""49/4"", ""n"": 8}, {""answer_norm"": ""0.35"", ""n"": 7}, {""answer_norm"": ""7"", ""n"": 7}, {""answer_norm"": ""9.25"", ""n"": 7}]",model_dev,
425797,PSBCRGJ,1,Fill-in-the-blank(s),Numeric,Here is an expression: 3 · 2 t Evaluate the expression when t is 1.,Here is an expression: 3 * 2^(t) Evaluate the expression when t is 1.,6,equation_algebra,6.EE.A.1 | 6.EE.A.2c,Write & Evaluate Numerical Expressions with Exponents | Evaluate Expression in Real-World Context,3,3,3,3,0.0,0.0,1.0,"[{""answer_norm"": ""6"", ""n"": 3}]",test,
425926,PSBCRGJ,2,Fill-in-the-blank(s),Numeric,Here is an expression: 3 · 2 t Find the value of the expression when t is 4.,Here is an expression: 3 * 2^(t) Find the value of the expression when t is 4.,48,equation_algebra,6.EE.A.1 | 6.EE.A.2c,Write & Evaluate Numerical Expressions with Exponents | Evaluate Expression in Real-World Context,3,3,3,3,0.0,0.0,0.6666666666666666,"[{""answer_norm"": ""48"", ""n"": 2}, {""answer_norm"": ""58"", ""n"": 1}]",test,
426116,PSBCRJA,1,Fill-in-the-blank(s),Algebraic Expression,Write an expression equivalent to m + m + m + m that is a product of a coefficient and a variable.,Write an expression equivalent to m + m + m + m that is a product of a coefficient and a variable.,4m,ratio_percent,6.EE.A.2b | 6.EE.A.3,Identify Parts of an Expression | Generate Equivalent Expressions using Properties of Operations,34,33,32,34,0.0588235294117647,0.0,0.6470588235294118,"[{""answer_norm"": ""4m"", ""n"": 18}, {""answer_norm"": ""m^4"", ""n"": 5}, {""answer_norm"": ""m4"", ""n"": 3}, {""answer_norm"": ""2m"", ""n"": 1}, {""answer_norm"": ""3m"", ""n"": 1}]",model_dev,
426220,PSBCRJA,2,Fill-in-the-blank(s),Algebraic Expression,Write an expression equivalent to m + m + m + m that is a sum of two terms.,Write an expression equivalent to m + m + m + m that is a sum of two terms.,"2m+2m, 3m+m",ratio_percent,6.EE.A.2b | 6.EE.A.3,Identify Parts of an Expression | Generate Equivalent Expressions using Properties of Operations,34,33,32,34,0.0588235294117647,0.0,0.5588235294117647,"[{""answer_norm"": ""2m + 2m"", ""n"": 6}, {""answer_norm"": ""2m+2m"", ""n"": 3}, {""answer_norm"": ""4m"", ""n"": 3}, {""answer_norm"": ""m^4"", ""n"": 3}, {""answer_norm"": ""(m+m) + (m+m)"", ""n"": 2}]",model_dev,
426461,PSBCRM3,1,Fill-in-the-blank(s),Numeric,Jada makes sparkling juice by mixing 2 cups of sparkling water with every 3 cups of apple juice. How much sparkling water does Jada need if she uses 15 cups of apple juice? cups of sparkling water,Jada makes sparkling juice by mixing 2 cups of sparkling water with every 3 cups of apple juice. How much sparkling water does Jada need if she uses 15 cups of apple juice? cups of sparkling water,10,ratio_percent,6.RP.A.3a | 6.EE.C.9,Create Tables to Compare Equivalent Ratios | Write & Analyze Relationships Between Dependent & Independent Variables,3,3,3,3,0.0,0.0,1.0,"[{""answer_norm"": ""10"", ""n"": 3}]",model_dev,
426575,PSBCRM3,2,Fill-in-the-blank(s),Numeric,Jada makes sparkling juice by mixing 2 cups of sparkling water with every 3 cups of apple juice. How much apple juice does Jada need if she uses 6 cups of sparkling water? cups of apple juice,Jada makes sparkling juice by mixing 2 cups of sparkling water with every 3 cups of apple juice. How much apple juice does Jada need if she uses 6 cups of sparkling water? cups of apple juice,9,ratio_percent,6.RP.A.3a | 6.EE.C.9,Create Tables to Compare Equivalent Ratios | Write & Analyze Relationships Between Dependent & Independent Variables,3,3,3,3,0.0,0.0,0.6666666666666666,"[{""answer_norm"": ""9"", ""n"": 2}, {""answer_norm"": ""4"", ""n"": 1}]",model_dev,
428623,PSBCRZ8,1,Fill-in-the-blank(s),Numeric,What is 10% of 75?,What is 10% of 75?,7.5,ratio_percent,7.RP.A.3,Use Proportional Relationships to Solve Ratio & Percent Problems,696,652,629,696,0.0948275862068965,0.014367816091954,0.8520114942528736,"[{""answer_norm"": ""7.5"", ""n"": 611}, {""answer_norm"": ""750"", ""n"": 10}, {""answer_norm"": ""65"", ""n"": 6}, {""answer_norm"": ""7.50"", ""n"": 6}, {""answer_norm"": ""75"", ""n"": 5}]",model_dev,
428993,PSBCR4G,1,Fill-in-the-blank(s),Numeric,What is 1% of 75?,What is 1% of 75?,0.75,ratio_percent,7.RP.A.3,Use Proportional Relationships to Solve Ratio & Percent Problems,689,648,626,689,0.0914368650217706,0.0217706821480406,0.8359941944847605,"[{""answer_norm"": ""0.75"", ""n"": 439}, {""answer_norm"": "".75"", ""n"": 153}, {""answer_norm"": ""75"", ""n"": 42}, {""answer_norm"": ""7.5"", ""n"": 16}, {""answer_norm"": ""0.7"", ""n"": 3}]",model_dev,
429356,PRABEURV,1,Fill-in-the-blank(s),Numeric,Angle H is half as large as angle J . Angle J is one fourth as large as angle K . Angle K has a measure of 240 degrees. What is the measure of angle H ? °,Angle H is half as large as angle J. Angle J is one fourth as large as angle K. Angle K has a measure of 240 degrees. What is the measure of angle H? °,30,fraction,5.NF.B.6,Solve Real-World Problems Involving Multiplication of Fractions,595,593,481,595,0.1899159663865546,0.0756302521008403,0.6907563025210084,"[{""answer_norm"": ""30"", ""n"": 474}, {""answer_norm"": ""60"", ""n"": 15}, {""answer_norm"": ""240"", ""n"": 12}, {""answer_norm"": ""120"", ""n"": 10}, {""answer_norm"": ""480"", ""n"": 8}]",model_dev,
429393,PSBCR6G,1,Fill-in-the-blank(s),Numeric,What is 0.1% of 75?,What is 0.1% of 75?,0.075,ratio_percent,7.RP.A.3,Use Proportional Relationships to Solve Ratio & Percent Problems,685,644,623,685,0.0890510948905109,0.0218978102189781,0.8452554744525548,"[{""answer_norm"": ""0.075"", ""n"": 476}, {""answer_norm"": "".075"", ""n"": 121}, {""answer_norm"": ""0.75"", ""n"": 16}, {""answer_norm"": ""7.5"", ""n"": 16}, {""answer_norm"": ""0.0075"", ""n"": 9}]",test,
429767,PSBCR8Q,1,Fill-in-the-blank(s),Numeric,What is 0.5% of 75?,What is 0.5% of 75?,0.375,ratio_percent,7.RP.A.3,Use Proportional Relationships to Solve Ratio & Percent Problems,681,641,565,681,0.1703377386196769,0.052863436123348,0.7033773861967695,"[{""answer_norm"": ""0.375"", ""n"": 420}, {""answer_norm"": "".375"", ""n"": 96}, {""answer_norm"": ""3.75"", ""n"": 51}, {""answer_norm"": ""37.5"", ""n"": 25}, {""answer_norm"": ""0.0075"", ""n"": 5}]",test,
430257,PSBCSBC,1,Fill-in-the-blank(s),Numeric,A penguin walks 10 feet in 6 seconds. At this speed: How far does the penguin walk in 45 seconds? feet,A penguin walks 10 feet in 6 seconds. At this speed: How far does the penguin walk in 45 seconds? feet,75,ratio_percent,6.RP.A.3b,Solve Unit Rate Problems,423,386,275,423,0.3333333333333333,0.0685579196217494,0.4657210401891253,"[{""answer_norm"": ""75"", ""n"": 232}, {""answer_norm"": ""27"", ""n"": 36}, {""answer_norm"": ""75.15"", ""n"": 18}, {""answer_norm"": ""72"", ""n"": 14}, {""answer_norm"": ""7.5"", ""n"": 11}]",validation,
430376,PSBCSBC,2,Fill-in-the-blank(s),Numeric,How long does it take the penguin to walk 45 feet? seconds,How long does it take the penguin to walk 45 feet? seconds,27,ratio_percent,6.RP.A.3b,Solve Unit Rate Problems,413,381,278,413,0.3075060532687651,0.0581113801452784,0.5641646489104116,"[{""answer_norm"": ""27"", ""n"": 260}, {""answer_norm"": ""75"", ""n"": 24}, {""answer_norm"": ""7.5"", ""n"": 11}, {""answer_norm"": ""26"", ""n"": 10}, {""answer_norm"": ""270"", ""n"": 9}]",validation,
430695,PSBCSCN,2,Fill-in-the-blank(s),Numeric,What should her answer have been? x =,What should her answer have been? x =,2-Jan,ratio_percent,8.EE.C.7b,Solve Multi-Step Linear Equations with Rational Number Coefficients,384,382,236,384,0.3828125,0.1171875,0.5338541666666666,"[{""answer_norm"": ""1/2"", ""n"": 251}, {""answer_norm"": ""17/34"", ""n"": 10}, {""answer_norm"": "".5"", ""n"": 7}, {""answer_norm"": ""1"", ""n"": 6}, {""answer_norm"": ""-17"", ""n"": 5}]",model_dev,
436208,PSBCTBM,4,Fill-in-the-blank(s),Numeric,What is the largest number of combination bags that Diego can make with no left over? combination bags,What is the largest number of combination bags that Diego can make with no left over? combination bags,16,other,6.NS.B.4,Find Common Factors & Multiples,38,37,38,38,0.0,0.0,,"[{""answer_norm"": ""16"", ""n"": 3}, {""answer_norm"": ""?"", ""n"": 2}, {""answer_norm"": ""in book"", ""n"": 2}, {""answer_norm"": ""."", ""n"": 1}, {""answer_norm"": ""0"", ""n"": 1}]",validation,
436482,PSBCTEB,1,Fill-in-the-blank(s),Exact Match,"Find all of the factors of 21. List the factors in ascending (least to greatest) order, with a comma in between each of them, and with no spaces.","Find all of the factors of 21. List the factors in ascending (least to greatest) order, with a comma in between each of them, and with no spaces.","1,3,7,21",other,6.NS.B.4,Find Common Factors & Multiples,39,39,28,39,0.282051282051282,0.1282051282051282,0.5641025641025641,"[{""answer_norm"": ""1,3,7,21"", ""n"": 25}, {""answer_norm"": ""1,3,7"", ""n"": 4}, {""answer_norm"": ""1,3"", ""n"": 2}, {""answer_norm"": ""3,7"", ""n"": 2}, {""answer_norm"": ""1"", ""n"": 1}]",model_dev,
436594,PSBCTEB,2,Fill-in-the-blank(s),Exact Match,"Find all of the factors of 6. List the factors in ascending (least to greatest) order, with a comma in between each of them, and with no spaces.","Find all of the factors of 6. List the factors in ascending (least to greatest) order, with a comma in between each of them, and with no spaces.","1,2,3,6",other,6.NS.B.4,Find Common Factors & Multiples,38,38,35,38,0.0789473684210526,0.0263157894736842,0.8157894736842105,"[{""answer_norm"": ""1,2,3,6"", ""n"": 32}, {""answer_norm"": ""1,2,3"", ""n"": 2}, {""answer_norm"": ""1,2,3,4"", ""n"": 1}, {""answer_norm"": ""1,2,3,4,6"", ""n"": 1}, {""answer_norm"": ""1,3,6"", ""n"": 1}]",model_dev,
436717,PSBCTEB,3,Fill-in-the-blank(s),Numeric,Identify the greatest common factor of 21 and 6.,Identify the greatest common factor of 21 and 6.,3,other,6.NS.B.4,Find Common Factors & Multiples,37,37,32,37,0.1351351351351351,0.054054054054054,0.8108108108108109,"[{""answer_norm"": ""3"", ""n"": 33}, {""answer_norm"": ""1"", ""n"": 2}, {""answer_norm"": ""6"", ""n"": 1}, {""answer_norm"": ""7.5"", ""n"": 1}]",model_dev,
436921,PSBCTGA,1,Fill-in-the-blank(s),Exact Match,"Find all of the factors of 28. List the factors in ascending (least to greatest) order, with a comma in between each of them, and with no spaces.","Find all of the factors of 28. List the factors in ascending (least to greatest) order, with a comma in between each of them, and with no spaces.","1,2,4,7,14,28",other,6.NS.B.4,Find Common Factors & Multiples,37,37,27,37,0.2702702702702703,0.1351351351351351,0.4864864864864865,"[{""answer_norm"": ""1,2,4,7,14,28"", ""n"": 19}, {""answer_norm"": ""1,2,4,7,28"", ""n"": 4}, {""answer_norm"": ""1, 2, 4, 7, 14, 28"", ""n"": 2}, {""answer_norm"": ""1,4,7,28"", ""n"": 2}, {""answer_norm"": ""1,2,4"", ""n"": 1}]",test,
437042,PSBCTGA,2,Fill-in-the-blank(s),Exact Match,"Find all of the factors of 12. List the factors in ascending (least to greatest) order, with a comma in between each of them, and with no spaces.","Find all of the factors of 12. List the factors in ascending (least to greatest) order, with a comma in between each of them, and with no spaces.","1,2,3,4,6,12",other,6.NS.B.4,Find Common Factors & Multiples,37,37,36,37,0.027027027027027,0.0,0.8918918918918919,"[{""answer_norm"": ""1,2,3,4,6,12"", ""n"": 34}, {""answer_norm"": ""1, 2, 3, 4, 6, and 12"", ""n"": 1}, {""answer_norm"": ""1,2,3,4,6"", ""n"": 1}, {""answer_norm"": ""1,2,3,6,12"", ""n"": 1}]",test,
437057,PSBCTHV,1,Fill-in-the-blank(s),Numeric,"The circumference of a car wheel is about 65 inches. If the car wheel rotates once per second, how far does the car travel in one minute? inches","The circumference of a car wheel is about 65 inches. If the car wheel rotates once per second, how far does the car travel in one minute? inches",3900,equation_algebra,7.G.B.4,Solve Problems Involving Area & Circumference of Circles,70,69,56,70,0.2,0.0,0.7428571428571429,"[{""answer_norm"": ""3900"", ""n"": 53}, {""answer_norm"": ""3,900"", ""n"": 7}, {""answer_norm"": ""65"", ""n"": 3}, {""answer_norm"": ""325"", ""n"": 2}, {""answer_norm"": ""20"", ""n"": 1}]",model_dev,
437180,PSBCTGA,3,Fill-in-the-blank(s),Numeric,Identify the greatest common factor of 28 and 12.,Identify the greatest common factor of 28 and 12.,4,other,6.NS.B.4,Find Common Factors & Multiples,37,37,34,37,0.081081081081081,0.0,0.8108108108108109,"[{""answer_norm"": ""4"", ""n"": 31}, {""answer_norm"": ""2"", ""n"": 3}, {""answer_norm"": ""6"", ""n"": 2}, {""answer_norm"": ""12"", ""n"": 1}]",test,
442008,PSBCUB2,3,Fill-in-the-blank(s),Numeric,What is the difference between electricity generated in week 1 and week 2? $,What is the difference between electricity generated in week 1 and week 2? $,2.61,ratio_percent,7.NS.A.1d,Apply Properties of Operations to Add/Subtract Rational Numbers,158,146,128,158,0.189873417721519,0.0189873417721519,0.5759493670886076,"[{""answer_norm"": ""2.61"", ""n"": 100}, {""answer_norm"": ""-2.61"", ""n"": 17}, {""answer_norm"": ""8.33"", ""n"": 8}, {""answer_norm"": ""5.72"", ""n"": 6}, {""answer_norm"": ""-8.33"", ""n"": 4}]",model_dev,
442127,PSBCUB2,4,Fill-in-the-blank(s),Numeric,What is the difference between electricity generated in week 2 and week 3? $,What is the difference between electricity generated in week 2 and week 3? $,-1.24,ratio_percent,7.NS.A.1d,Apply Properties of Operations to Add/Subtract Rational Numbers,158,146,118,158,0.2468354430379747,0.0443037974683544,0.379746835443038,"[{""answer_norm"": ""-1.24"", ""n"": 68}, {""answer_norm"": ""1.24"", ""n"": 56}, {""answer_norm"": ""2.34"", ""n"": 8}, {""answer_norm"": ""3.66"", ""n"": 3}, {""answer_norm"": ""-2.24"", ""n"": 2}]",model_dev,
445374,PRABQMPM,1,Fill-in-the-blank(s),Numeric,Noah had $5.25 and Lin had $8.95. How much did they have altogether? $,Noah had $5.25 and Lin had $8.95. How much did they have altogether? $,14.2,ratio_percent,5.NBT.B.7,Compute Decimal Problems Involving All 4 Operations,33,33,31,33,0.0606060606060606,0.0,0.7878787878787878,"[{""answer_norm"": ""14.20"", ""n"": 22}, {""answer_norm"": ""14.2"", ""n"": 5}, {""answer_norm"": ""1"", ""n"": 1}, {""answer_norm"": ""122.5"", ""n"": 1}, {""answer_norm"": ""13.20"", ""n"": 1}]",model_dev,
445524,PRABQMPP,1,Fill-in-the-blank(s),Numeric,Andre deposited $24.50 into his bank account each week for 5 weeks. What was the total amount Andre deposited? $,Andre deposited $24.50 into his bank account each week for 5 weeks. What was the total amount Andre deposited? $,122.5,ratio_percent,5.NBT.B.5 | 5.NBT.B.7,Multiply Multi-Digit Whole Numbers Using the Standard Algorithm | Compute Decimal Problems Involving All 4 Operations,34,34,30,34,0.1176470588235294,0.0,0.7647058823529411,"[{""answer_norm"": ""122.50"", ""n"": 18}, {""answer_norm"": ""122.5"", ""n"": 10}, {""answer_norm"": ""120.25"", ""n"": 1}, {""answer_norm"": ""122.55"", ""n"": 1}, {""answer_norm"": ""22.5"", ""n"": 1}]",model_dev,
445641,PRABQMPQ,1,Fill-in-the-blank(s),Numeric,Four friends did a job together that paid $85.20. How much should each get if they all get an equal amount? $,Four friends did a job together that paid $85.20. How much should each get if they all get an equal amount? $,21.3,ratio_percent,5.NBT.B.6 | 5.NBT.B.7,Divide Whole Numbers (Up to 4-Digit Dividends & 2-Digit Divisors) | Compute Decimal Problems Involving All 4 Operations,34,34,28,34,0.1764705882352941,0.0,0.6470588235294118,"[{""answer_norm"": ""21.30"", ""n"": 12}, {""answer_norm"": ""21.3"", ""n"": 11}, {""answer_norm"": ""340.80"", ""n"": 2}, {""answer_norm"": ""11.34"", ""n"": 1}, {""answer_norm"": ""170.40"", ""n"": 1}]",model_dev,
448452,PSBCVNF,1,Fill-in-the-blank(s),Numeric,How many right angles need to be put together to make 360 degrees? right angles,How many right angles need to be put together to make 360 degrees? right angles,4,equation_algebra,7.G.B.5,Use Facts About Angles to Write & Solve Equations,697,680,641,697,0.078909612625538,0.0344332855093256,0.860832137733142,"[{""answer_norm"": ""4"", ""n"": 633}, {""answer_norm"": ""2"", ""n"": 17}, {""answer_norm"": ""3"", ""n"": 9}, {""answer_norm"": ""90"", ""n"": 6}, {""answer_norm"": ""180"", ""n"": 5}]",validation,
448752,PRABESVN,1,Fill-in-the-blank(s),Numeric,Circle A has area 500 in 2 . The diameter of circle B is three times the diameter of circle A. Estimate the area of circle B. in 2,Circle A has area 500 in^(2). The diameter of circle B is three times the diameter of circle A. Estimate the area of circle B. in^(2),4500,equation_algebra,7.G.B.4,Solve Problems Involving Area & Circumference of Circles,1386,1308,604,1386,0.5526695526695526,0.2034632034632034,0.3391053391053391,"[{""answer_norm"": ""4500"", ""n"": 600}, {""answer_norm"": ""1500"", ""n"": 243}, {""answer_norm"": ""4,500"", ""n"": 41}, {""answer_norm"": ""12.62"", ""n"": 30}, {""answer_norm"": ""1,500"", ""n"": 24}]",model_dev,
448806,PSBCVNF,2,Fill-in-the-blank(s),Numeric,How many right angles need to be put together to make 180 degrees? right angles,How many right angles need to be put together to make 180 degrees? right angles,2,equation_algebra,7.G.B.5,Use Facts About Angles to Write & Solve Equations,696,679,653,696,0.0603448275862069,0.0258620689655172,0.9008620689655172,"[{""answer_norm"": ""2"", ""n"": 659}, {""answer_norm"": ""3"", ""n"": 14}, {""answer_norm"": ""1"", ""n"": 6}, {""answer_norm"": ""90"", ""n"": 5}, {""answer_norm"": ""360"", ""n"": 2}]",validation,
449139,PSBCVNF,3,Fill-in-the-blank(s),Numeric,How many right angles need to be put together to make 270 degrees? right angles,How many right angles need to be put together to make 270 degrees? right angles,3,equation_algebra,7.G.B.5,Use Facts About Angles to Write & Solve Equations,695,678,646,695,0.0647482014388489,0.0388489208633093,0.902158273381295,"[{""answer_norm"": ""3"", ""n"": 659}, {""answer_norm"": ""2"", ""n"": 8}, {""answer_norm"": ""1.5"", ""n"": 4}, {""answer_norm"": ""1"", ""n"": 3}, {""answer_norm"": ""4"", ""n"": 3}]",validation,
449437,PRABESVU,1,Fill-in-the-blank(s),Numeric,Priya drew a circle whose circumference is 25 cm. Clare drew a circle whose diameter is 3 times the diameter of Priya's circle. What is the circumference of Clare's circle? cm Use 3.14 for π . Round to the nearest whole number.,Priya drew a circle whose circumference is 25 cm. Clare drew a circle whose diameter is 3 times the diameter of Priya's circle. What is the circumference of Clare's circle? cm Use 3.14 for pi. Round to the nearest whole number.,75,equation_algebra,7.G.B.4,Solve Problems Involving Area & Circumference of Circles,1289,1251,861,1289,0.3250581846392552,0.1784328937160589,0.5415050426687354,"[{""answer_norm"": ""75"", ""n"": 833}, {""answer_norm"": ""24"", ""n"": 110}, {""answer_norm"": ""235.5"", ""n"": 29}, {""answer_norm"": ""78.5"", ""n"": 25}, {""answer_norm"": ""236"", ""n"": 16}]",validation,
449847,PSBCVQQ,1,Fill-in-the-blank(s),Numeric,Clare has $150 in her bank account. She buys a bike for $200. What is Clare's account balance now? $,Clare has $150 in her bank account. She buys a bike for $200. What is Clare's account balance now? $,-50,ratio_percent,7.NS.A.1b,Interpret Sums of Rational Numbers,733,702,685,733,0.0641200545702592,0.015006821282401,0.8226466575716235,"[{""answer_norm"": ""-50"", ""n"": 616}, {""answer_norm"": ""50"", ""n"": 64}, {""answer_norm"": ""0"", ""n"": 11}, {""answer_norm"": ""350"", ""n"": 8}, {""answer_norm"": ""-150"", ""n"": 3}]",test,
450077,PSBCVQQ,2,Fill-in-the-blank(s),Numeric,"If Clare earns $75 the next week from delivering newspapers and deposits it in her account, what will her account balance be then? $","If Clare earns $75 the next week from delivering newspapers and deposits it in her account, what will her account balance be then? $",25,ratio_percent,7.NS.A.1b,Interpret Sums of Rational Numbers,730,699,658,730,0.0945205479452054,0.0095890410958904,0.8082191780821918,"[{""answer_norm"": ""25"", ""n"": 610}, {""answer_norm"": ""15"", ""n"": 35}, {""answer_norm"": ""75"", ""n"": 14}, {""answer_norm"": ""-25"", ""n"": 11}, {""answer_norm"": ""20"", ""n"": 10}]",test,
456745,PSBCWXB,1,Fill-in-the-blank(s),Numeric,"Kiran has 3 containers of blocks with the same number in each container. If there are 852 blocks altogether, how many blocks are in each container? blocks","Kiran has 3 containers of blocks with the same number in each container. If there are 852 blocks altogether, how many blocks are in each container? blocks",284,whole_number_arithmetic,4.NBT.B.6,Divide Whole Numbers using Place Value Models & Strategies,56,56,55,56,0.0178571428571428,0.0,0.7142857142857143,"[{""answer_norm"": ""284"", ""n"": 40}, {""answer_norm"": ""2556"", ""n"": 7}, {""answer_norm"": ""16542"", ""n"": 1}, {""answer_norm"": ""2,556"", ""n"": 1}, {""answer_norm"": ""2.556"", ""n"": 1}]",model_dev,
457114,PRABQKZE,1,Fill-in-the-blank(s),Numeric,"Compute 3 , 902 · 85 .","Compute (3, 902) * 85.",331670,whole_number_arithmetic,5.NBT.B.5,Multiply Multi-Digit Whole Numbers Using the Standard Algorithm,56,56,53,56,0.0535714285714285,0.0,0.625,"[{""answer_norm"": ""331670"", ""n"": 32}, {""answer_norm"": ""331,670"", ""n"": 5}, {""answer_norm"": ""262820"", ""n"": 2}, {""answer_norm"": "".331670"", ""n"": 1}, {""answer_norm"": ""265,667"", ""n"": 1}]",validation,
460042,PSBCXKJ,1,Fill-in-the-blank(s),Numeric,"To transmit information on the internet, large files are broken into packets of smaller sizes. Each packet has 1,500 bytes of information. An equation relating packets to bytes of information is given by b = 1,500 p where p represents the number of packets and b represents the number of bytes of information. How many packets would be needed to transmit 30,000 bytes of information? packets","To transmit information on the internet, large files are broken into packets of smaller sizes. Each packet has 1,500 bytes of information. An equation relating packets to bytes of information is given by b = 1,500 p where p represents the number of packets and b represents the number of bytes of information. How many packets would be needed to transmit 30,000 bytes of information? packets",20,ratio_percent,7.RP.A.2c,Represent Proportional Relationships with Equations,1542,1506,1222,1542,0.2049286640726329,0.1154345006485084,0.7172503242542153,"[{""answer_norm"": ""20"", ""n"": 1280}, {""answer_norm"": ""45000000"", ""n"": 60}, {""answer_norm"": ""2"", ""n"": 44}, {""answer_norm"": ""45,000,000"", ""n"": 24}, {""answer_norm"": ""70"", ""n"": 15}]",model_dev,
460209,PSBCXKJ,2,Fill-in-the-blank(s),Numeric,"To transmit information on the internet, large files are broken into packets of smaller sizes. Each packet has 1,500 bytes of information. An equation relating packets to bytes of information is given by b = 1,500 p where p represents the number of packets and b represents the number of bytes of information. How much information could be transmitted in 30,000 packets? bytes","To transmit information on the internet, large files are broken into packets of smaller sizes. Each packet has 1,500 bytes of information. An equation relating packets to bytes of information is given by b = 1,500 p where p represents the number of packets and b represents the number of bytes of information. How much information could be transmitted in 30,000 packets? bytes","45,000,000",ratio_percent,7.RP.A.2c,Represent Proportional Relationships with Equations,1541,1505,1063,1541,0.308890330953926,0.1219987021414665,0.5924724205061648,"[{""answer_norm"": ""45000000"", ""n"": 757}, {""answer_norm"": ""45,000,000"", ""n"": 310}, {""answer_norm"": ""20"", ""n"": 135}, {""answer_norm"": ""1500"", ""n"": 45}, {""answer_norm"": ""4500000"", ""n"": 24}]",model_dev,
460374,PSBCXKJ,3,Fill-in-the-blank(s),Algebraic Expression,"To transmit information on the internet, large files are broken into packets of smaller sizes. Each packet has 1,500 bytes of information. An equation relating packets to bytes of information is given by b = 1,500 p where p represents the number of packets and b represents the number of bytes of information. Each byte contains 8 bits of information. Write an equation to represent the relationship between the number of packets and the number of bits. x = Use p as your variable.","To transmit information on the internet, large files are broken into packets of smaller sizes. Each packet has 1,500 bytes of information. An equation relating packets to bytes of information is given by b = 1,500 p where p represents the number of packets and b represents the number of bytes of information. Each byte contains 8 bits of information. Write an equation to represent the relationship between the number of packets and the number of bits. x = Use p as your variable.","12,000p",ratio_percent,7.RP.A.2c,Represent Proportional Relationships with Equations,1540,1505,637,1540,0.5766233766233766,0.2162337662337662,0.3051948051948052,"[{""answer_norm"": ""12000p"", ""n"": 630}, {""answer_norm"": ""8p"", ""n"": 462}, {""answer_norm"": ""12,000p"", ""n"": 129}, {""answer_norm"": ""1500p"", ""n"": 52}, {""answer_norm"": ""1200p"", ""n"": 38}]",model_dev,
469563,PSBCY9G,2,Fill-in-the-blank(s),Numeric,Find the correct quotient.,Find the correct quotient.,15-Aug,fraction,6.NS.A.1,Interpret & Compute using Division of Fractions,1092,1053,755,1092,0.2701465201465201,0.1895604395604395,0.5952380952380952,"[{""answer_norm"": ""8/15"", ""n"": 782}, {""answer_norm"": ""6"", ""n"": 37}, {""answer_norm"": ""10/3"", ""n"": 21}, {""answer_norm"": ""20/6"", ""n"": 14}, {""answer_norm"": ""3 1/3"", ""n"": 11}]",model_dev,
470213,PSBCZDE,1,Fill-in-the-blank(s),Numeric,Find the difference 0.2 - 0.05.,Find the difference 0.2 - 0.05.,0.15,decimal,6.NS.B.3,"Add, Subtract, Multiply & Divide Multi-Digit Decimals",288,268,251,288,0.1180555555555555,0.0277777777777777,0.7951388888888888,"[{""answer_norm"": ""0.15"", ""n"": 198}, {""answer_norm"": "".15"", ""n"": 48}, {""answer_norm"": ""0.25"", ""n"": 14}, {""answer_norm"": ""0.195"", ""n"": 3}, {""answer_norm"": ""0.3"", ""n"": 3}]",validation,
470590,PSBCZEX,1,Fill-in-the-blank(s),Numeric,You need to be at least 39.37 inches tall (about a meter) to ride on a bumper car. Diego’s cousin is 35.75 inches tall. How many more inches will he need to grow before Diego can take him on the bumper car ride? inches,You need to be at least 39.37 inches tall (about a meter) to ride on a bumper car. Diego’s cousin is 35.75 inches tall. How many more inches will he need to grow before Diego can take him on the bumper car ride? inches,3.62,decimal,6.NS.B.3,"Add, Subtract, Multiply & Divide Multi-Digit Decimals",276,254,225,276,0.1666666666666666,0.0471014492753623,0.7028985507246377,"[{""answer_norm"": ""3.62"", ""n"": 190}, {""answer_norm"": ""03.62"", ""n"": 21}, {""answer_norm"": ""75.12"", ""n"": 10}, {""answer_norm"": ""4.62"", ""n"": 5}, {""answer_norm"": ""0.362"", ""n"": 2}]",model_dev,
473981,PRABHR3H,1,Fill-in-the-blank(s),Numeric,"Calculate 4,235 ÷ 11 using any method.","Calculate 4,235 / 11 using any method.",385,whole_number_arithmetic,6.NS.B.2,Divide Multi-Digit Whole Numbers,150,149,135,150,0.0733333333333333,0.0466666666666666,0.7933333333333333,"[{""answer_norm"": ""385"", ""n"": 122}, {""answer_norm"": ""3.85"", ""n"": 2}, {""answer_norm"": ""380"", ""n"": 2}, {""answer_norm"": ""0385"", ""n"": 1}, {""answer_norm"": ""105"", ""n"": 1}]",model_dev,
474069,PSBCZ5V,1,Fill-in-the-blank(s),Numeric,Noah would like to cover a rectangular tray with rectangular tiles. The tray has a width of 11 1 4 inches and an area of 50 5 8 square inches. Find the length of the tray in inches. inches,Noah would like to cover a rectangular tray with rectangular tiles. The tray has a width of 11 1 / 4 inches and an area of 50 5 / 8 square inches. Find the length of the tray in inches. inches,4 1/2,fraction,5.NF.B.4a,Interpret & Compute Products of Fractions and Whole Numbers,88,88,75,88,0.125,0.0795454545454545,0.6477272727272727,"[{""answer_norm"": ""4.5"", ""n"": 32}, {""answer_norm"": ""4 1/2"", ""n"": 28}, {""answer_norm"": ""4 4/9"", ""n"": 7}, {""answer_norm"": ""11 7/8"", ""n"": 3}, {""answer_norm"": ""11 1/4"", ""n"": 2}]",validation,
474198,PSBCZ5V,2,Fill-in-the-blank(s),Numeric,"If the tiles are 3 4 inch by 9 10 inch, how many would Noah need to cover the tray completely, without gaps or overlaps? tiles","If the tiles are 3 / 4 inch by 9 / 10 inch, how many would Noah need to cover the tray completely, without gaps or overlaps? tiles",120,fraction,5.NF.B.4a,Interpret & Compute Products of Fractions and Whole Numbers,86,86,47,86,0.4186046511627907,0.0697674418604651,0.3720930232558139,"[{""answer_norm"": ""6"", ""n"": 46}, {""answer_norm"": ""120"", ""n"": 25}, {""answer_norm"": ""3/4"", ""n"": 2}, {""answer_norm"": ""0.75"", ""n"": 1}, {""answer_norm"": ""1 1/3"", ""n"": 1}]",validation,
475820,PSBC2DU,1,Fill-in-the-blank(s),Numeric,"Andre is preparing for the school play. He needs to paint a cardboard box to look like a dresser. The box is a rectangular prism that measures 5 feet tall, 4 feet long, and 2 1 2 feet wide. Andre does not need to paint the bottom of the box. How much cardboard does Andre need to paint? square feet","Andre is preparing for the school play. He needs to paint a cardboard box to look like a dresser. The box is a rectangular prism that measures 5 feet tall, 4 feet long, and 2 1 / 2 feet wide. Andre does not need to paint the bottom of the box. How much cardboard does Andre need to paint? square feet",75,geometry_measurement,7.G.B.6,"Find Area, Volume & Surface Area of 2D/3D Objects",52,52,9,52,0.8269230769230769,0.0,0.0961538461538461,"[{""answer_norm"": ""75"", ""n"": 20}, {""answer_norm"": ""50"", ""n"": 10}, {""answer_norm"": ""73.5"", ""n"": 5}, {""answer_norm"": ""85"", ""n"": 3}, {""answer_norm"": ""11.5"", ""n"": 2}]",model_dev,
475938,PSBC2DU,2,Fill-in-the-blank(s),Numeric,"If one bottle of paint covers an area of 40 square feet, how many bottles of paint does Andre need to buy for this project? bottles","If one bottle of paint covers an area of 40 square feet, how many bottles of paint does Andre need to buy for this project? bottles",2,geometry_measurement,7.G.B.6,"Find Area, Volume & Surface Area of 2D/3D Objects",50,50,26,50,0.48,0.0,0.44,"[{""answer_norm"": ""2"", ""n"": 35}, {""answer_norm"": ""35"", ""n"": 5}, {""answer_norm"": ""3"", ""n"": 2}, {""answer_norm"": ""1"", ""n"": 1}, {""answer_norm"": ""1.22"", ""n"": 1}]",model_dev,
476732,PSBC2HZ,1,Fill-in-the-blank(s),Numeric,"Mai, Kiran, and Clare are baking cookies together. They need 3 4 cup of flour and 1 3 cup of butter to make a batch of cookies. They each brought the ingredients they had at home. Mai brought 2 cups of flour and 1 4 cup of butter. Kiran brought 1 cup of flour and 1 2 cup of butter. Clare brought 1 1 4 cups of flour and 3 4 cup of butter. If the students have plenty of the other ingredients they need (sugar, salt, baking soda, etc.), how many whole batches of cookies can they make? whole batches of cookies","Mai, Kiran, and Clare are baking cookies together. They need 3 / 4 cup of flour and 1 / 3 cup of butter to make a batch of cookies. They each brought the ingredients they had at home. Mai brought 2 cups of flour and 1 / 4 cup of butter. Kiran brought 1 cup of flour and 1 / 2 cup of butter. Clare brought 1 1 / 4 cups of flour and 3 / 4 cup of butter. If the students have plenty of the other ingredients they need (sugar, salt, baking soda, etc.), how many whole batches of cookies can they make? whole batches of cookies",4,fraction,6.NS.A.1,Interpret & Compute using Division of Fractions,41,41,26,41,0.3658536585365853,0.0975609756097561,0.4146341463414634,"[{""answer_norm"": ""4"", ""n"": 27}, {""answer_norm"": ""4 1/2"", ""n"": 3}, {""answer_norm"": ""3"", ""n"": 2}, {""answer_norm"": ""4.5"", ""n"": 2}, {""answer_norm"": ""5"", ""n"": 2}]",model_dev,
477606,PSBC2PC,2,Fill-in-the-blank(s),Numeric,By what percentage did the price increase? %,By what percentage did the price increase? %,20,ratio_percent,7.RP.A.3,Use Proportional Relationships to Solve Ratio & Percent Problems,137,136,108,137,0.2116788321167883,0.0,0.6277372262773723,"[{""answer_norm"": ""20"", ""n"": 97}, {""answer_norm"": ""25"", ""n"": 11}, {""answer_norm"": ""10"", ""n"": 5}, {""answer_norm"": ""120"", ""n"": 5}, {""answer_norm"": "".25"", ""n"": 3}]",validation,
477986,PSBC2Q7,2,Fill-in-the-blank(s),Numeric,What was the price before the discount? $,What was the price before the discount? $,16,ratio_percent,7.RP.A.3,Use Proportional Relationships to Solve Ratio & Percent Problems,131,128,87,131,0.3358778625954198,0.0,0.5267175572519084,"[{""answer_norm"": ""16"", ""n"": 84}, {""answer_norm"": ""15"", ""n"": 9}, {""answer_norm"": ""48"", ""n"": 6}, {""answer_norm"": ""20"", ""n"": 5}, {""answer_norm"": ""12"", ""n"": 3}]",model_dev,
478342,PSBC2S5,2,Fill-in-the-blank(s),Numeric,"The population is now 6,600. What was the population last year? people","The population is now 6,600. What was the population last year? people",5280,statistics_probability,7.RP.A.3,Use Proportional Relationships to Solve Ratio & Percent Problems,111,111,81,111,0.2702702702702703,0.054054054054054,0.6036036036036037,"[{""answer_norm"": ""5280"", ""n"": 77}, {""answer_norm"": ""4950"", ""n"": 12}, {""answer_norm"": ""16"", ""n"": 3}, {""answer_norm"": ""5,280"", ""n"": 3}, {""answer_norm"": ""1320"", ""n"": 2}]",model_dev,
478760,PSBC2V3,1,Fill-in-the-blank(s),Numeric,"While training for a race, Andre’s dad ran 12 miles in 75 minutes on a treadmill. If he runs at that rate: How long would it take him to run 8 miles? minutes","While training for a race, Andre’s dad ran 12 miles in 75 minutes on a treadmill. If he runs at that rate: How long would it take him to run 8 miles? minutes",50,ratio_percent,6.RP.A.3b,Solve Unit Rate Problems,123,117,101,123,0.1707317073170731,0.016260162601626,0.6991869918699187,"[{""answer_norm"": ""50"", ""n"": 92}, {""answer_norm"": ""1.28"", ""n"": 5}, {""answer_norm"": ""6.25"", ""n"": 5}, {""answer_norm"": ""0.16"", ""n"": 2}, {""answer_norm"": ""1.5"", ""n"": 1}]",validation,
478871,PSBC2V3,2,Fill-in-the-blank(s),Numeric,How far could he run in 30 minutes? miles,How far could he run in 30 minutes? miles,4.8,ratio_percent,6.RP.A.3b,Solve Unit Rate Problems,123,117,90,123,0.2439024390243902,0.048780487804878,0.6260162601626016,"[{""answer_norm"": ""4.8"", ""n"": 83}, {""answer_norm"": ""187.5"", ""n"": 8}, {""answer_norm"": ""4.80"", ""n"": 4}, {""answer_norm"": ""6.25"", ""n"": 4}, {""answer_norm"": ""48"", ""n"": 3}]",validation,
479240,PSBC2YF,2,Fill-in-the-blank(s),Numeric,"At another sanctuary, the number of nesting turtles decreased by 10%. This year there were 234 nesting turtles. How many nesting turtles were at this sanctuary last year? nesting turtles","At another sanctuary, the number of nesting turtles decreased by 10%. This year there were 234 nesting turtles. How many nesting turtles were at this sanctuary last year? nesting turtles",260,ratio_percent,7.RP.A.3,Use Proportional Relationships to Solve Ratio & Percent Problems,103,102,54,103,0.4757281553398058,0.029126213592233,0.3883495145631068,"[{""answer_norm"": ""260"", ""n"": 51}, {""answer_norm"": ""210.6"", ""n"": 14}, {""answer_norm"": ""162"", ""n"": 6}, {""answer_norm"": ""198"", ""n"": 5}, {""answer_norm"": ""257.4"", ""n"": 5}]",test,
486785,PSBC36V,1,Fill-in-the-blank(s),Numeric,"Andre and Mai leave the post office at the same time. They walk in opposite directions. Andre walks 50 feet, and Mai walks 30 feet. When they stop walking, how far apart are they? feet","Andre and Mai leave the post office at the same time. They walk in opposite directions. Andre walks 50 feet, and Mai walks 30 feet. When they stop walking, how far apart are they? feet",80,equation_algebra,6.NS.C.8,Solve Real-World Problems by Graphing on a Coordinate Plane,13,13,12,13,0.0769230769230769,0.0,0.6153846153846154,"[{""answer_norm"": ""80"", ""n"": 8}, {""answer_norm"": ""20"", ""n"": 2}, {""answer_norm"": ""1.6666666"", ""n"": 1}, {""answer_norm"": ""1500"", ""n"": 1}, {""answer_norm"": ""80 ft."", ""n"": 1}]",model_dev,
488471,PSBC4ET,2,Fill-in-the-blank(s),Numeric,Give the plant’s age and height at that time of Point D. plant's age: weeks height: inches,Give the plant’s age and height at that time of Point D. plant's age: weeks height: inches,"5, 4",functions_graphs,5.G.A.2,Graph points in Quadrant 1 & Interpret Coordinate Values,12,12,12,12,0.0,0.0,,"[{""answer_norm"": ""4,5"", ""n"": 3}, {""answer_norm"": ""(2,0)"", ""n"": 1}, {""answer_norm"": ""(8,4)"", ""n"": 1}, {""answer_norm"": ""."", ""n"": 1}, {""answer_norm"": ""4 weeks 4.75 inches"", ""n"": 1}]",model_dev,
489519,PSBC4NU,3,Fill-in-the-blank(s),Numeric,Find the least common multiple of 10 and 8.,Find the least common multiple of 10 and 8.,40,other,6.NS.B.4,Find Common Factors & Multiples,21,21,20,21,0.0476190476190476,0.0476190476190476,0.9047619047619048,"[{""answer_norm"": ""40"", ""n"": 19}, {""answer_norm"": ""1"", ""n"": 1}, {""answer_norm"": ""80"", ""n"": 1}]",model_dev,
489770,PSBC4NU,5,Fill-in-the-blank(s),Numeric,Find the least common multiple of 7 and 9.,Find the least common multiple of 7 and 9.,63,other,6.NS.B.4,Find Common Factors & Multiples,21,21,19,21,0.0952380952380952,0.0476190476190476,0.8571428571428571,"[{""answer_norm"": ""63"", ""n"": 18}, {""answer_norm"": ""28"", ""n"": 1}, {""answer_norm"": ""36"", ""n"": 1}, {""answer_norm"": ""49"", ""n"": 1}]",model_dev,
490267,PSBC4SY,2,Fill-in-the-blank(s),Numeric,Find the quotient. 60 ÷ 5 =,Find the quotient. 60 / 5 =,12,whole_number_arithmetic,6.NS.B.2,Divide Multi-Digit Whole Numbers,353,325,302,353,0.1189801699716713,0.0453257790368272,0.8215297450424929,"[{""answer_norm"": ""12"", ""n"": 321}, {""answer_norm"": ""5"", ""n"": 6}, {""answer_norm"": ""3"", ""n"": 4}, {""answer_norm"": ""60"", ""n"": 3}, {""answer_norm"": ""1.2"", ""n"": 2}]",test,
495575,PSBC5SN,1,Fill-in-the-blank(s),Numeric,"Jada volunteers at an animal shelter that holds picnics to introduce people to animals. For the first picnic, she brought 36 clementines for 16 people, which was the right amount. For the next picnic, there will be 40 people! How many clementines should Jada bring for all those people? (Note: clementines are fruits that are like small oranges.). clementines","Jada volunteers at an animal shelter that holds picnics to introduce people to animals. For the first picnic, she brought 36 clementines for 16 people, which was the right amount. For the next picnic, there will be 40 people! How many clementines should Jada bring for all those people? (Note: clementines are fruits that are like small oranges.). clementines",90,ratio_percent,6.RP.A.3a,Create Tables to Compare Equivalent Ratios,24,24,11,24,0.5,0.1666666666666666,0.375,"[{""answer_norm"": ""90"", ""n"": 16}, {""answer_norm"": ""80"", ""n"": 2}, {""answer_norm"": ""2.25"", ""n"": 1}, {""answer_norm"": ""2.5"", ""n"": 1}, {""answer_norm"": ""36"", ""n"": 1}]",model_dev,
496354,PSBC5YB,1,Fill-in-the-blank(s),Numeric,Tyler uses 7.5 ounces of barbeque sauce from a full bottle. He estimates that he used about 25% of the barbeque sauce in the bottle. About how much barbecue sauce was in the full bottle? ounces of barbeque sauce,Tyler uses 7.5 ounces of barbeque sauce from a full bottle. He estimates that he used about 25% of the barbeque sauce in the bottle. About how much barbecue sauce was in the full bottle? ounces of barbeque sauce,30,ratio_percent,6.RP.A.3c | 7.RP.A.3,Solve Problems Involving Percents | Use Proportional Relationships to Solve Ratio & Percent Problems,18,18,8,18,0.5,0.1111111111111111,0.2777777777777778,"[{""answer_norm"": ""30"", ""n"": 7}, {""answer_norm"": ""0.3"", ""n"": 4}, {""answer_norm"": ""1.875"", ""n"": 2}, {""answer_norm"": ""187.5"", ""n"": 2}, {""answer_norm"": ""187.6"", ""n"": 1}]",validation,
496551,PSBC5YB,3,Fill-in-the-blank(s),Numeric,Tyler uses 20% of the remaining barbecue sauce. About how many ounces did he use the second time? ounces of barbecue sauce,Tyler uses 20% of the remaining barbecue sauce. About how many ounces did he use the second time? ounces of barbecue sauce,4.5,ratio_percent,6.RP.A.3c | 7.RP.A.3,Solve Problems Involving Percents | Use Proportional Relationships to Solve Ratio & Percent Problems,15,15,1,15,0.8,0.5333333333333333,0.0666666666666666,"[{""answer_norm"": ""4.5"", ""n"": 4}, {""answer_norm"": ""0.3"", ""n"": 2}, {""answer_norm"": ""6"", ""n"": 2}, {""answer_norm"": ""0.04"", ""n"": 1}, {""answer_norm"": ""0.20"", ""n"": 1}]",validation,
497385,PSBC55V,1,Fill-in-the-blank(s),Numeric,"A stadium can seat 16,000 people at full capacity. If there are 13,920 people in the stadium, what percentage of the capacity is filled? %","A stadium can seat 16,000 people at full capacity. If there are 13,920 people in the stadium, what percentage of the capacity is filled? %",87,ratio_percent,6.RP.A.3c,Solve Problems Involving Percents,561,546,344,561,0.3119429590017825,0.3351158645276292,0.5347593582887701,"[{""answer_norm"": ""87"", ""n"": 388}, {""answer_norm"": ""87%"", ""n"": 16}, {""answer_norm"": ""13"", ""n"": 12}, {""answer_norm"": ""75"", ""n"": 11}, {""answer_norm"": ""80"", ""n"": 7}]",model_dev,
500624,PSBC6Q5,2,Fill-in-the-blank(s),Numeric,Here is an equation: 4 x − 4 = 4 x + . What could you write in the blank so the equation would be true for: All values of x,Here is an equation: 4 x - 4 = 4 x + . What could you write in the blank so the equation would be true for: All values of x,-4,equation_algebra,8.EE.C.7a,"Solve Linear Equations with One, Multiple or No Solutions",786,776,780,780,0.0,0.0,,"[{""answer_norm"": ""-4"", ""n"": 362}, {""answer_norm"": ""4"", ""n"": 51}, {""answer_norm"": ""in book"", ""n"": 27}, {""answer_norm"": ""(-4)"", ""n"": 19}, {""answer_norm"": ""1"", ""n"": 12}]",model_dev,
501551,PRABEU34,1,Fill-in-the-blank(s),Numeric,"A circular running track is 1 4 mile long. Elena runs on this track, completing each lap in 1 20 of an hour. What is Elena’s running speed? miles per hour","A circular running track is 1 / 4 mile long. Elena runs on this track, completing each lap in 1 / 20 of an hour. What is Elena’s running speed? miles per hour",5,ratio_percent,7.RP.A.1,Compute Unit Rates with Fractions,364,306,306,364,0.1565934065934066,0.0054945054945054,0.4835164835164835,"[{""answer_norm"": ""5"", ""n"": 190}, {""answer_norm"": ""1/5"", ""n"": 22}, {""answer_norm"": ""12"", ""n"": 17}, {""answer_norm"": ""3"", ""n"": 16}, {""answer_norm"": ""0.2"", ""n"": 10}]",validation,
501827,PSBC6YQ,1,Fill-in-the-blank(s),Numeric,A square has an area of 16 cm 2 . What is the length of each of its sides? cm,A square has an area of 16 cm^(2). What is the length of each of its sides? cm,4,equation_algebra,6.EE.A.1 | 6.G.A.1,"Write & Evaluate Numerical Expressions with Exponents | Find the Area of Triangles, Quadrilaterals & Polygons",10,10,10,10,0.0,0.0,0.6,"[{""answer_norm"": ""4"", ""n"": 6}, {""answer_norm"": ""8"", ""n"": 2}, {""answer_norm"": ""2"", ""n"": 1}, {""answer_norm"": ""262"", ""n"": 1}]",model_dev,
501955,PSBC6YQ,2,Fill-in-the-blank(s),Numeric,A square has a side length of 8 cm. What is its area? cm 2,A square has a side length of 8 cm. What is its area? cm^(2),64,equation_algebra,6.EE.A.1 | 6.G.A.1,"Write & Evaluate Numerical Expressions with Exponents | Find the Area of Triangles, Quadrilaterals & Polygons",10,10,9,10,0.1,0.2,0.3,"[{""answer_norm"": ""64"", ""n"": 3}, {""answer_norm"": ""16"", ""n"": 1}, {""answer_norm"": ""2"", ""n"": 1}, {""answer_norm"": ""24"", ""n"": 1}, {""answer_norm"": ""32"", ""n"": 1}]",model_dev,
503044,PRABETPD,1,Fill-in-the-blank(s),Numeric,"On Monday, the high was 60 degrees Fahrenheit. On Tuesday, the high was 18% more. How much did the high increase from Monday to Tuesday? degrees Fahrenheit","On Monday, the high was 60 degrees Fahrenheit. On Tuesday, the high was 18% more. How much did the high increase from Monday to Tuesday? degrees Fahrenheit",10.8,ratio_percent,7.RP.A.3,Use Proportional Relationships to Solve Ratio & Percent Problems,1817,1761,1363,1817,0.2460099064391854,0.1106219042377545,0.5591634562465603,"[{""answer_norm"": ""10.8"", ""n"": 1185}, {""answer_norm"": ""70.8"", ""n"": 356}, {""answer_norm"": ""1.08"", ""n"": 21}, {""answer_norm"": ""78"", ""n"": 17}, {""answer_norm"": ""10.80"", ""n"": 16}]",model_dev,
504078,PSBC7FK,2,Fill-in-the-blank(s),Numeric,What is the measure of angle C B E ? °,What is the measure of angle C B E? °,72,geometry_measurement,8.G.A.5,Use Informal Arguments to Establish Facts about Angles for Similar Triangles,30,30,25,30,0.1666666666666666,0.2,0.5333333333333333,"[{""answer_norm"": ""72"", ""n"": 19}, {""answer_norm"": ""45"", ""n"": 4}, {""answer_norm"": ""63"", ""n"": 3}, {""answer_norm"": ""108"", ""n"": 1}, {""answer_norm"": ""172"", ""n"": 1}]",model_dev,
504254,PSBC7JE,1,Fill-in-the-blank(s),Numeric,"Lin is shopping for a couch with her dad and hears him ask the salesperson, “How much is your commission?” The salesperson says that her commission is 5 1 2 % of the selling price. How much commission will the salesperson earn by selling a couch for $495? $","Lin is shopping for a couch with her dad and hears him ask the salesperson, “How much is your commission?” The salesperson says that her commission is 5 1 / 2 % of the selling price. How much commission will the salesperson earn by selling a couch for $495? $",27.23,ratio_percent,7.RP.A.3,Use Proportional Relationships to Solve Ratio & Percent Problems,1811,1760,1170,1811,0.3478741027056874,0.1684152401987852,0.4975151849806736,"[{""answer_norm"": ""27.23"", ""n"": 1134}, {""answer_norm"": ""27.225"", ""n"": 90}, {""answer_norm"": ""27.22"", ""n"": 63}, {""answer_norm"": ""90"", ""n"": 50}, {""answer_norm"": ""467.77"", ""n"": 33}]",model_dev,
505118,PSBC7QJ,1,Fill-in-the-blank(s),Numeric,"A college student takes out a $7,500 loan from a bank. What will the balance of the loan be after one year (assuming the student has not made any payments yet): If the bank charges 3.8% interest each year? $","A college student takes out a $7,500 loan from a bank. What will the balance of the loan be after one year (assuming the student has not made any payments yet): If the bank charges 3.8% interest each year? $",7785,ratio_percent,7.RP.A.3,Use Proportional Relationships to Solve Ratio & Percent Problems,1825,1772,1265,1825,0.3008219178082191,0.1446575342465753,0.555068493150685,"[{""answer_norm"": ""7785"", ""n"": 935}, {""answer_norm"": ""7785.00"", ""n"": 206}, {""answer_norm"": ""285"", ""n"": 197}, {""answer_norm"": ""7,785"", ""n"": 67}, {""answer_norm"": ""7215"", ""n"": 42}]",validation,
505561,PSBC7QJ,2,Fill-in-the-blank(s),Numeric,"A college student takes out a $7,500 loan from a bank. What will the balance of the loan be after one year (assuming the student has not made any payments yet): If the bank charges 5.3% interest each year? $","A college student takes out a $7,500 loan from a bank. What will the balance of the loan be after one year (assuming the student has not made any payments yet): If the bank charges 5.3% interest each year? $",7897.5,ratio_percent,7.RP.A.3,Use Proportional Relationships to Solve Ratio & Percent Problems,1817,1768,1364,1817,0.2487616951018161,0.1304347826086956,0.6538249862410567,"[{""answer_norm"": ""7897.50"", ""n"": 733}, {""answer_norm"": ""7897.5"", ""n"": 610}, {""answer_norm"": ""7,897.50"", ""n"": 44}, {""answer_norm"": ""7,897.5"", ""n"": 37}, {""answer_norm"": ""7897"", ""n"": 36}]",validation,
506119,PRABQP6G,1,Fill-in-the-blank(s),Numeric,A new phone costs $450. There is a 40% discount on the price of the phone and an 8% sales tax on the discount price. What is the final cost of the phone after the discount and the sales tax? $,A new phone costs $450. There is a 40% discount on the price of the phone and an 8% sales tax on the discount price. What is the final cost of the phone after the discount and the sales tax? $,291.6,ratio_percent,7.RP.A.3 | 7.EE.B.3,Use Proportional Relationships to Solve Ratio & Percent Problems | Solve Applied Problems Using Numerical and Algebraic Expressions and Equations,43,40,25,43,0.4186046511627907,0.0,0.3720930232558139,"[{""answer_norm"": ""291.60"", ""n"": 21}, {""answer_norm"": ""194.4"", ""n"": 3}, {""answer_norm"": ""216"", ""n"": 2}, {""answer_norm"": ""225"", ""n"": 2}, {""answer_norm"": ""248.4"", ""n"": 2}]",model_dev,
509509,PRABETPT,1,Fill-in-the-blank(s),Numeric,"A car dealership pays $8,350 for a car. They mark up the price by 17.4% to get the retail price. What is the retail price of the car at this dealership? $","A car dealership pays $8,350 for a car. They mark up the price by 17.4% to get the retail price. What is the retail price of the car at this dealership? $",9802.9,ratio_percent,7.RP.A.3,Use Proportional Relationships to Solve Ratio & Percent Problems,2018,1929,1418,2018,0.2918731417244797,0.1446977205153617,0.5287413280475719,"[{""answer_norm"": ""9802.90"", ""n"": 736}, {""answer_norm"": ""9802.9"", ""n"": 466}, {""answer_norm"": ""1452.9"", ""n"": 137}, {""answer_norm"": ""9803"", ""n"": 50}, {""answer_norm"": ""1452.90"", ""n"": 42}]",model_dev,
510935,PRABMPB4,1,Fill-in-the-blank(s),Numeric,Solve the equation mentally. x · 1 11 = 1,Solve the equation mentally. x * 1 / 11 = 1,11,equation_algebra,6.EE.B.5,Solve 1-Step Equations & Inequalities Using Substitution,1107,1049,1025,1107,0.07226738934056,0.002710027100271,0.8843721770551038,"[{""answer_norm"": ""11"", ""n"": 878}, {""answer_norm"": ""11/1"", ""n"": 142}, {""answer_norm"": ""1"", ""n"": 43}, {""answer_norm"": ""1/11"", ""n"": 16}, {""answer_norm"": ""0.0909"", ""n"": 3}]",model_dev,
511103,PRABMPB5,1,Fill-in-the-blank(s),Numeric,Solve the equation mentally. 1 ÷ 1 5 = x,Solve the equation mentally. 1 / 1 / 5 = x,5,fraction,6.NS.A.1,Interpret & Compute using Division of Fractions,1095,1064,972,1095,0.1114155251141552,0.0009132420091324,0.7698630136986301,"[{""answer_norm"": ""5"", ""n"": 809}, {""answer_norm"": ""1/5"", ""n"": 98}, {""answer_norm"": ""5/1"", ""n"": 63}, {""answer_norm"": ""0.2"", ""n"": 26}, {""answer_norm"": ""1"", ""n"": 22}]",model_dev,
514446,PSBC9BE,2,Fill-in-the-blank(s),Numeric,A shopper buys cat food in bags of 3 lbs. Her cat eats 3 4 lb each week. How many weeks does one bag last? weeks,A shopper buys cat food in bags of 3 lbs. Her cat eats 3 / 4 lb each week. How many weeks does one bag last? weeks,4,fraction,6.NS.A.1,Interpret & Compute using Division of Fractions,1000,969,715,1000,0.27,0.112,0.609,"[{""answer_norm"": ""4"", ""n"": 695}, {""answer_norm"": ""3"", ""n"": 73}, {""answer_norm"": ""1"", ""n"": 34}, {""answer_norm"": ""2"", ""n"": 23}, {""answer_norm"": ""2 1/4"", ""n"": 21}]",validation,
515648,PRABHQGM,1,Fill-in-the-blank(s),Numeric,Fill in the blank: The value of 8 dimes is % of the value of a dollar.,Fill in the blank: The value of 8 dimes is % of the value of a dollar.,80,ratio_percent,6.RP.A.3c,Solve Problems Involving Percents,376,363,342,376,0.0877659574468085,0.0053191489361702,0.7819148936170213,"[{""answer_norm"": ""80"", ""n"": 307}, {""answer_norm"": ""80%"", ""n"": 26}, {""answer_norm"": ""8"", ""n"": 8}, {""answer_norm"": ""40"", ""n"": 6}, {""answer_norm"": ""10"", ""n"": 5}]",model_dev,
517656,PSBC9S5,1,Fill-in-the-blank(s),Numeric,What is 5 6 ÷ 1 12 ?,What is 5 / 6 / 1 / 12?,10,fraction,6.NS.A.1,Interpret & Compute using Division of Fractions,41,34,36,41,0.1219512195121951,0.0,0.8292682926829268,"[{""answer_norm"": ""10"", ""n"": 30}, {""answer_norm"": ""60/6"", ""n"": 5}, {""answer_norm"": ""0.06944444444"", ""n"": 1}, {""answer_norm"": ""10/12"", ""n"": 1}, {""answer_norm"": ""2"", ""n"": 1}]",model_dev,
518962,PRABQKVJ,1,Fill-in-the-blank(s),Numeric,Mai made 6 cups of vegetable soup and divided the soup equally among 8 containers. How much soup went in each container? cup of vegetable soup,Mai made 6 cups of vegetable soup and divided the soup equally among 8 containers. How much soup went in each container? cup of vegetable soup,4-Mar,fraction,6.NS.A.1,Interpret & Compute using Division of Fractions,34,34,25,34,0.2647058823529412,0.0,0.5,"[{""answer_norm"": ""0.75"", ""n"": 8}, {""answer_norm"": ""3/4"", ""n"": 7}, {""answer_norm"": ""6/8"", ""n"": 3}, {""answer_norm"": ""1 2/6"", ""n"": 2}, {""answer_norm"": ""1.3"", ""n"": 2}]",model_dev,
522651,PSBDASC,2,Fill-in-the-blank(s),Numeric,What is the decimal representation of that number?,What is the decimal representation of that number?,0.5,ratio_percent,8.NS.A.1,Understand & Approximate Rational & Irrational Numbers,2,2,2,2,0.0,0.0,1.0,"[{""answer_norm"": "".5"", ""n"": 1}, {""answer_norm"": ""0.5"", ""n"": 1}]",test,
523482,PSBDATV,2,Fill-in-the-blank(s),Numeric,Find the distance between C and D. units,Find the distance between C and D. units,7,equation_algebra,6.NS.C.8,Solve Real-World Problems by Graphing on a Coordinate Plane,292,292,241,292,0.1712328767123287,0.0376712328767123,0.5068493150684932,"[{""answer_norm"": ""7"", ""n"": 167}, {""answer_norm"": ""8"", ""n"": 19}, {""answer_norm"": ""6"", ""n"": 15}, {""answer_norm"": ""1"", ""n"": 10}, {""answer_norm"": ""9"", ""n"": 10}]",validation,
524787,PSBDA37,1,Fill-in-the-blank(s),Numeric,Solve the equation. 8 . 88 = 4 . 44 ( x − 7 ) x =,Solve the equation. 8.88 = 4.44 (x - 7) x =,9,equation_algebra,7.EE.B.4a,Solve 2-Step Equations,598,589,445,598,0.2525083612040134,0.0618729096989966,0.6471571906354515,"[{""answer_norm"": ""9"", ""n"": 449}, {""answer_norm"": ""5"", ""n"": 18}, {""answer_norm"": ""11.44"", ""n"": 16}, {""answer_norm"": ""-5"", ""n"": 11}, {""answer_norm"": ""2"", ""n"": 10}]",model_dev,
525202,PSBDA53,1,Fill-in-the-blank(s),Numeric,Solve the equation. 5 y + 2 5 = - 13 y =,Solve the equation. 5 (y + 2 / 5) = - 13 y =,-3,equation_algebra,7.EE.B.4a,Solve 2-Step Equations,563,554,342,563,0.3818827708703374,0.2220248667850799,0.4955595026642984,"[{""answer_norm"": ""-3"", ""n"": 353}, {""answer_norm"": ""3"", ""n"": 23}, {""answer_norm"": ""2.2"", ""n"": 21}, {""answer_norm"": ""-2.2"", ""n"": 12}, {""answer_norm"": ""11/5"", ""n"": 6}]",test,
528652,PSBDBNU,1,Fill-in-the-blank(s),Numeric,"Ten students each attempted 10 free throws. This list shows how many free throws each student made. 8, 5, 6, 6, 4, 9, 7, 6, 5, 9 What is the median number of free throws made? free throws","Ten students each attempted 10 free throws. This list shows how many free throws each student made. 8, 5, 6, 6, 4, 9, 7, 6, 5, 9 What is the median number of free throws made? free throws",6,statistics_probability,6.SP.B.5c,Give & Describe Quantitative Measures of Center & Variability,75,75,69,75,0.0666666666666666,0.08,0.5866666666666667,"[{""answer_norm"": ""6"", ""n"": 47}, {""answer_norm"": ""6.5"", ""n"": 8}, {""answer_norm"": ""7"", ""n"": 4}, {""answer_norm"": ""3"", ""n"": 2}, {""answer_norm"": ""5"", ""n"": 2}]",model_dev,
528780,PSBDBNU,2,Fill-in-the-blank(s),Numeric,"Ten students each attempted 10 free throws. This list shows how many free throws each student made. 8, 5, 6, 6, 4, 9, 7, 6, 5, 9 What is the IQR (interquartile range)? free throws","Ten students each attempted 10 free throws. This list shows how many free throws each student made. 8, 5, 6, 6, 4, 9, 7, 6, 5, 9 What is the IQR (interquartile range)? free throws",3,statistics_probability,6.SP.A.3 | 6.SP.B.5c,Recognize Properties of Measure of Center with Variation | Give & Describe Quantitative Measures of Center & Variability,74,74,47,74,0.3378378378378378,0.2567567567567567,0.2162162162162162,"[{""answer_norm"": ""3"", ""n"": 24}, {""answer_norm"": ""6"", ""n"": 9}, {""answer_norm"": ""9"", ""n"": 7}, {""answer_norm"": ""5"", ""n"": 6}, {""answer_norm"": ""8"", ""n"": 4}]",model_dev,
530879,PSBDB29,1,Fill-in-the-blank(s),Numeric,"Find the quotient of 1 , 332 ÷ 9 using one of the methods you have seen so far.","Find the quotient of 1, 332 / 9 using one of the methods you have seen so far.",148,whole_number_arithmetic,5.NBT.B.6,Divide Whole Numbers (Up to 4-Digit Dividends & 2-Digit Divisors),33,33,29,33,0.0606060606060606,0.1212121212121212,0.7878787878787878,"[{""answer_norm"": ""148"", ""n"": 30}, {""answer_norm"": ""224"", ""n"": 1}, {""answer_norm"": ""4"", ""n"": 1}, {""answer_norm"": ""72"", ""n"": 1}]",model_dev,
531410,PSBDB7P,3,Fill-in-the-blank(s),Numeric,Find the quotient. 665 ÷ 7,Find the quotient. 665 / 7,95,whole_number_arithmetic,5.NBT.B.6,Divide Whole Numbers (Up to 4-Digit Dividends & 2-Digit Divisors),35,35,32,35,0.0571428571428571,0.0571428571428571,0.8571428571428571,"[{""answer_norm"": ""95"", ""n"": 30}, {""answer_norm"": ""095"", ""n"": 2}, {""answer_norm"": ""097"", ""n"": 1}, {""answer_norm"": ""27"", ""n"": 1}, {""answer_norm"": ""95 6/7"", ""n"": 1}]",test,
531647,PSBDB7P,5,Fill-in-the-blank(s),Numeric,Find the quotient. 432 ÷ 16,Find the quotient. 432 / 16,27,whole_number_arithmetic,5.NBT.B.6,Divide Whole Numbers (Up to 4-Digit Dividends & 2-Digit Divisors),35,35,30,35,0.0571428571428571,0.1428571428571428,0.8571428571428571,"[{""answer_norm"": ""27"", ""n"": 32}, {""answer_norm"": ""027"", ""n"": 1}, {""answer_norm"": ""2"", ""n"": 1}, {""answer_norm"": ""207"", ""n"": 1}]",test,
546775,PSBDEQN,1,Fill-in-the-blank(s),Numeric,Blueberries cost $4.00 per pound. How many pounds of blueberries can you buy for $1.00? pounds of blueberries,Blueberries cost $4.00 per pound. How many pounds of blueberries can you buy for $1.00? pounds of blueberries,0.25,ratio_percent,6.RP.A.2 | 6.RP.A.3b,Understand & Describe Unit Rate | Solve Unit Rate Problems,136,132,123,136,0.088235294117647,0.0441176470588235,0.8382352941176471,"[{""answer_norm"": ""1/4"", ""n"": 72}, {""answer_norm"": ""0.25"", ""n"": 32}, {""answer_norm"": "".25"", ""n"": 13}, {""answer_norm"": ""1"", ""n"": 2}, {""answer_norm"": ""1/2"", ""n"": 2}]",model_dev,
546982,PSBDEQN,3,Fill-in-the-blank(s),Numeric,Blueberries cost $4.00 per pound. How many pounds of blueberries can you buy for $13.00? pounds of blueberries,Blueberries cost $4.00 per pound. How many pounds of blueberries can you buy for $13.00? pounds of blueberries,3.25,ratio_percent,6.RP.A.2 | 6.RP.A.3b,Understand & Describe Unit Rate | Solve Unit Rate Problems,134,130,117,134,0.1194029850746268,0.0223880597014925,0.7761194029850746,"[{""answer_norm"": ""3.25"", ""n"": 55}, {""answer_norm"": ""3 1/4"", ""n"": 49}, {""answer_norm"": ""52"", ""n"": 4}, {""answer_norm"": ""12 1/4"", ""n"": 3}, {""answer_norm"": ""12.25"", ""n"": 3}]",model_dev,
547291,PSBDESP,1,Fill-in-the-blank(s),Numeric,Han made some hot chocolate by mixing 4 cups of milk with 6 tablespoons of cocoa. How many tablespoons of cocoa per cup of milk is that? tablespoons of cocoa per cup of milk,Han made some hot chocolate by mixing 4 cups of milk with 6 tablespoons of cocoa. How many tablespoons of cocoa per cup of milk is that? tablespoons of cocoa per cup of milk,4-Jun,ratio_percent,6.RP.A.2 | 6.RP.A.3b,Understand & Describe Unit Rate | Solve Unit Rate Problems,127,123,105,127,0.1496062992125984,0.0472440944881889,0.6850393700787402,"[{""answer_norm"": ""1.5"", ""n"": 70}, {""answer_norm"": ""1 1/2"", ""n"": 12}, {""answer_norm"": ""6/4"", ""n"": 7}, {""answer_norm"": ""2"", ""n"": 6}, {""answer_norm"": ""2/3"", ""n"": 4}]",validation,
547415,PSBDESP,2,Fill-in-the-blank(s),Numeric,Han made some hot chocolate by mixing 4 cups of milk with 6 tablespoons of cocoa. How many cups of milk per tablespoon of cocoa is that? cups of milk per tablespoon of cocoa,Han made some hot chocolate by mixing 4 cups of milk with 6 tablespoons of cocoa. How many cups of milk per tablespoon of cocoa is that? cups of milk per tablespoon of cocoa,6-Apr,ratio_percent,6.RP.A.2 | 6.RP.A.3b,Understand & Describe Unit Rate | Solve Unit Rate Problems,125,121,62,125,0.496,0.104,0.376,"[{""answer_norm"": ""2/3"", ""n"": 30}, {""answer_norm"": ""4/6"", ""n"": 21}, {""answer_norm"": ""1"", ""n"": 14}, {""answer_norm"": ""0.6"", ""n"": 9}, {""answer_norm"": ""0.67"", ""n"": 5}]",validation,
547591,PSBDET5,1,Fill-in-the-blank(s),Numeric,An area of 4 square yards is equal to 36 square feet. 10 square yards is equal to how many square feet? square feet,An area of 4 square yards is equal to 36 square feet. 10 square yards is equal to how many square feet? square feet,90,ratio_percent,6.RP.A.1 | 6.RP.A.3a,Understand & Describe Ratios | Create Tables to Compare Equivalent Ratios,119,115,103,119,0.134453781512605,0.0168067226890756,0.7647058823529411,"[{""answer_norm"": ""90"", ""n"": 93}, {""answer_norm"": ""9"", ""n"": 5}, {""answer_norm"": ""360"", ""n"": 2}, {""answer_norm"": ""1,440"", ""n"": 1}, {""answer_norm"": ""1.5"", ""n"": 1}]",model_dev,
553198,PSBDFVZ,1,Fill-in-the-blank(s),Numeric,Noah is visiting his aunt in Texas. He wants to buy a belt buckle whose price is $25. He knows that the sales tax in Texas is 6.25%. How much will the tax be on the belt buckle? $ Round to the nearest cent.,Noah is visiting his aunt in Texas. He wants to buy a belt buckle whose price is $25. He knows that the sales tax in Texas is 6.25%. How much will the tax be on the belt buckle? $ Round to the nearest cent.,1.56,ratio_percent,7.RP.A.3,Use Proportional Relationships to Solve Ratio & Percent Problems,560,560,366,560,0.3428571428571428,0.1053571428571428,0.5071428571428571,"[{""answer_norm"": ""1.56"", ""n"": 333}, {""answer_norm"": ""26.56"", ""n"": 85}, {""answer_norm"": ""4"", ""n"": 12}, {""answer_norm"": ""26.5625"", ""n"": 7}, {""answer_norm"": ""1.6"", ""n"": 6}]",model_dev,
556824,PSBDGJU,2,Fill-in-the-blank(s),Numeric,"Andre poured 27 ounces of rice into 6 containers. If all containers have the same amount of rice, how many ounces are in each container? Find the unknown quantity. ? = ounces","Andre poured 27 ounces of rice into 6 containers. If all containers have the same amount of rice, how many ounces are in each container? Find the unknown quantity.? = ounces",4 1/2,equation_algebra,6.EE.B.6,Write Expressions with Variables to Solve Problems,80,71,75,76,0.0125,0.0,0.7142857142857143,"[{""answer_norm"": ""4.5"", ""n"": 10}, {""answer_norm"": ""27 divided by 6 = 4.5"", ""n"": 3}, {""answer_norm"": ""i dont know"", ""n"": 3}, {""answer_norm"": ""4 1/2"", ""n"": 2}, {""answer_norm"": ""."", ""n"": 1}]",model_dev,
557307,PSBDGPV,1,Fill-in-the-blank(s),Numeric,A square has a side length 9 cm. What is its area? square centimeters,A square has a side length 9 cm. What is its area? square centimeters,81,equation_algebra,6.EE.A.1 | 6.G.A.1,"Write & Evaluate Numerical Expressions with Exponents | Find the Area of Triangles, Quadrilaterals & Polygons",263,223,226,263,0.1406844106463878,0.0,0.5551330798479087,"[{""answer_norm"": ""81"", ""n"": 154}, {""answer_norm"": ""36"", ""n"": 25}, {""answer_norm"": ""18"", ""n"": 19}, {""answer_norm"": ""729"", ""n"": 11}, {""answer_norm"": ""54"", ""n"": 8}]",model_dev,
557481,PSBDGPV,2,Fill-in-the-blank(s),Numeric,A square has an area of 9 cm 2 . What is its side length? centimeters,A square has an area of 9 cm^(2). What is its side length? centimeters,3,equation_algebra,6.EE.A.1 | 6.G.A.1,"Write & Evaluate Numerical Expressions with Exponents | Find the Area of Triangles, Quadrilaterals & Polygons",262,222,208,262,0.2061068702290076,0.0,0.3893129770992366,"[{""answer_norm"": ""3"", ""n"": 109}, {""answer_norm"": ""9"", ""n"": 48}, {""answer_norm"": ""81"", ""n"": 28}, {""answer_norm"": ""18"", ""n"": 13}, {""answer_norm"": ""4.5"", ""n"": 8}]",model_dev,
558351,PSBDG45,1,Fill-in-the-blank(s),Numeric,A car is traveling at a constant speed. Find the number of miles the car travels in 1 hour at the given rate. 135 miles in 3 hours miles,A car is traveling at a constant speed. Find the number of miles the car travels in 1 hour at the given rate. 135 miles in 3 hours miles,45,ratio_percent,7.RP.A.1,Compute Unit Rates with Fractions,1696,1677,1538,1696,0.0913915094339622,0.0636792452830188,0.8696933962264151,"[{""answer_norm"": ""45"", ""n"": 1565}, {""answer_norm"": ""50"", ""n"": 23}, {""answer_norm"": ""22"", ""n"": 9}, {""answer_norm"": ""44"", ""n"": 9}, {""answer_norm"": ""15"", ""n"": 7}]",model_dev,
558648,PSBDG45,2,Fill-in-the-blank(s),Numeric,A car is traveling at a constant speed. Find the number of miles the car travels in 1 hour at the given rate. 22 miles in 1 2 hour miles,A car is traveling at a constant speed. Find the number of miles the car travels in 1 hour at the given rate. 22 miles in 1 / 2 hour miles,44,ratio_percent,7.RP.A.1,Compute Unit Rates with Fractions,1691,1673,1519,1691,0.1011235955056179,0.0443524541691306,0.807806031933767,"[{""answer_norm"": ""44"", ""n"": 1445}, {""answer_norm"": ""11"", ""n"": 133}, {""answer_norm"": ""50"", ""n"": 14}, {""answer_norm"": ""22"", ""n"": 10}, {""answer_norm"": ""30"", ""n"": 10}]",model_dev,
558904,PSBDG45,3,Fill-in-the-blank(s),Numeric,A car is traveling at a constant speed. Find the number of miles the car travels in 1 hour at the given rate. 7 . 5 miles in 1 4 hour miles,A car is traveling at a constant speed. Find the number of miles the car travels in 1 hour at the given rate. 7.5 miles in 1 / 4 hour miles,30,ratio_percent,7.RP.A.1,Compute Unit Rates with Fractions,1690,1672,1494,1690,0.114792899408284,0.0733727810650887,0.827810650887574,"[{""answer_norm"": ""30"", ""n"": 1492}, {""answer_norm"": ""43"", ""n"": 20}, {""answer_norm"": ""50"", ""n"": 20}, {""answer_norm"": ""1.875"", ""n"": 12}, {""answer_norm"": ""300"", ""n"": 10}]",model_dev,
559181,PSBDG45,4,Fill-in-the-blank(s),Numeric,A car is traveling at a constant speed. Find the number of miles the car travels in 1 hour at the given rate. 100 3 miles in 2 3 hour miles,A car is traveling at a constant speed. Find the number of miles the car travels in 1 hour at the given rate. 100 / 3 miles in 2 / 3 hour miles,50,ratio_percent,7.RP.A.1,Compute Unit Rates with Fractions,1689,1671,1145,1689,0.3191237418590882,0.1817643576080521,0.6015393724097099,"[{""answer_norm"": ""50"", ""n"": 1160}, {""answer_norm"": ""150/3"", ""n"": 66}, {""answer_norm"": ""150"", ""n"": 29}, {""answer_norm"": ""100"", ""n"": 19}, {""answer_norm"": ""5"", ""n"": 16}]",model_dev,
559407,PSBDG4M,1,Fill-in-the-blank(s),Numeric,Lin runs 5 laps around a track in 6 minutes. How many minutes per lap is that? minutes per lap,Lin runs 5 laps around a track in 6 minutes. How many minutes per lap is that? minutes per lap,1.2,ratio_percent,6.RP.A.2 | 6.RP.A.3b,Understand & Describe Unit Rate | Solve Unit Rate Problems,21,19,17,21,0.1904761904761904,0.0,0.238095238095238,"[{""answer_norm"": ""1.2"", ""n"": 4}, {""answer_norm"": ""1.20"", ""n"": 2}, {""answer_norm"": ""1.5"", ""n"": 2}, {""answer_norm"": "".80"", ""n"": 1}, {""answer_norm"": ""0.5"", ""n"": 1}]",model_dev,
559523,PSBDG45,5,Fill-in-the-blank(s),Numeric,A car is traveling at a constant speed. Find the number of miles the car travels in 1 hour at the given rate. 97 1 2 miles in 3 2 hour miles,A car is traveling at a constant speed. Find the number of miles the car travels in 1 hour at the given rate. 97 1 / 2 miles in 3 / 2 hour miles,65,ratio_percent,7.RP.A.1,Compute Unit Rates with Fractions,1690,1672,1142,1690,0.3230769230769231,0.1715976331360946,0.5988165680473373,"[{""answer_norm"": ""65"", ""n"": 1299}, {""answer_norm"": ""75"", ""n"": 21}, {""answer_norm"": ""146.25"", ""n"": 19}, {""answer_norm"": ""48.75"", ""n"": 19}, {""answer_norm"": ""16.25"", ""n"": 17}]",model_dev,
559546,PSBDG4M,2,Fill-in-the-blank(s),Numeric,Lin runs 5 laps around a track in 6 minutes. How many laps per minute is that? laps per minute,Lin runs 5 laps around a track in 6 minutes. How many laps per minute is that? laps per minute,6-May,ratio_percent,6.RP.A.2 | 6.RP.A.3b,Understand & Describe Unit Rate | Solve Unit Rate Problems,21,19,15,21,0.2857142857142857,0.0,0.0,"[{""answer_norm"": ""1.2"", ""n"": 4}, {""answer_norm"": ""0.83"", ""n"": 2}, {""answer_norm"": ""5/6"", ""n"": 2}, {""answer_norm"": "".83"", ""n"": 1}, {""answer_norm"": ""0.5"", ""n"": 1}]",model_dev,
559654,PSBDG4M,3,Fill-in-the-blank(s),Numeric,"Lin runs 5 laps around a track in 6 minutes. If Lin runs 21 laps at the same rate, how long does it take her? minutes","Lin runs 5 laps around a track in 6 minutes. If Lin runs 21 laps at the same rate, how long does it take her? minutes",25.2,ratio_percent,6.RP.A.2 | 6.RP.A.3b,Understand & Describe Unit Rate | Solve Unit Rate Problems,21,19,17,21,0.1904761904761904,0.0,0.2857142857142857,"[{""answer_norm"": ""25.2"", ""n"": 7}, {""answer_norm"": ""22"", ""n"": 3}, {""answer_norm"": ""12"", ""n"": 1}, {""answer_norm"": ""14"", ""n"": 1}, {""answer_norm"": ""17 1/2"", ""n"": 1}]",model_dev,
560733,PRABQKR6,1,Fill-in-the-blank(s),Numeric,"Elena and Jada are 12 miles apart on a path when they start moving toward each other. Elena runs at a constant speed of 5 miles per hour, and Jada walks at a constant speed of 3 miles per hour. How long does it take until Elena and Jada meet? hours","Elena and Jada are 12 miles apart on a path when they start moving toward each other. Elena runs at a constant speed of 5 miles per hour, and Jada walks at a constant speed of 3 miles per hour. How long does it take until Elena and Jada meet? hours",1.5,ratio_percent,6.RP.A.3b,Solve Unit Rate Problems,21,19,18,21,0.1428571428571428,0.0,0.3333333333333333,"[{""answer_norm"": ""1.5"", ""n"": 7}, {""answer_norm"": ""2"", ""n"": 2}, {""answer_norm"": ""4"", ""n"": 2}, {""answer_norm"": ""1 1/2"", ""n"": 1}, {""answer_norm"": ""1 3/4"", ""n"": 1}]",model_dev,
564514,PSBDHZF,1,Fill-in-the-blank(s),Numeric,A recipe uses 5 cups of flour for every 2 cups of sugar. How much sugar is used for 1 cup of flour? cups,A recipe uses 5 cups of flour for every 2 cups of sugar. How much sugar is used for 1 cup of flour? cups,5-Feb,ratio_percent,6.RP.A.3b,Solve Unit Rate Problems,668,650,412,668,0.3502994011976048,0.1122754491017964,0.5149700598802395,"[{""answer_norm"": ""0.4"", ""n"": 202}, {""answer_norm"": ""2/5"", ""n"": 139}, {""answer_norm"": ""2.5"", ""n"": 95}, {""answer_norm"": "".4"", ""n"": 82}, {""answer_norm"": ""2.4"", ""n"": 19}]",model_dev,
564678,PSBDHZF,2,Fill-in-the-blank(s),Numeric,A recipe uses 5 cups of flour for every 2 cups of sugar. How much flour is used for 1 cup of sugar? cups,A recipe uses 5 cups of flour for every 2 cups of sugar. How much flour is used for 1 cup of sugar? cups,2.5,ratio_percent,6.RP.A.3b,Solve Unit Rate Problems,666,648,493,666,0.2387387387387387,0.0675675675675675,0.6831831831831832,"[{""answer_norm"": ""2.5"", ""n"": 428}, {""answer_norm"": ""2 1/2"", ""n"": 54}, {""answer_norm"": ""5/2"", ""n"": 49}, {""answer_norm"": ""0.4"", ""n"": 16}, {""answer_norm"": ""2.4"", ""n"": 12}]",model_dev,
564837,PSBDHZF,3,Fill-in-the-blank(s),Numeric,A recipe uses 5 cups of flour for every 2 cups of sugar. How much flour is used with 7 cups of sugar? cups,A recipe uses 5 cups of flour for every 2 cups of sugar. How much flour is used with 7 cups of sugar? cups,17.5,ratio_percent,6.RP.A.3b,Solve Unit Rate Problems,665,647,438,665,0.3097744360902256,0.1097744360902255,0.5834586466165413,"[{""answer_norm"": ""17.5"", ""n"": 405}, {""answer_norm"": ""17 1/2"", ""n"": 47}, {""answer_norm"": ""35/2"", ""n"": 28}, {""answer_norm"": ""2.8"", ""n"": 19}, {""answer_norm"": ""1.4"", ""n"": 10}]",model_dev,
564997,PSBDHZF,4,Fill-in-the-blank(s),Numeric,A recipe uses 5 cups of flour for every 2 cups of sugar. How much sugar is used with 6 cups of flour? cups,A recipe uses 5 cups of flour for every 2 cups of sugar. How much sugar is used with 6 cups of flour? cups,2.4,ratio_percent,6.RP.A.3b,Solve Unit Rate Problems,666,648,415,666,0.3468468468468468,0.1141141141141141,0.512012012012012,"[{""answer_norm"": ""2.4"", ""n"": 363}, {""answer_norm"": ""2 2/5"", ""n"": 62}, {""answer_norm"": ""15"", ""n"": 42}, {""answer_norm"": ""12/5"", ""n"": 29}, {""answer_norm"": ""2.5"", ""n"": 17}]",model_dev,
576243,PSBDKXC,3,Fill-in-the-blank(s),Exact Fraction,Answer the question: What fraction of 9 is 3?,Answer the question: What fraction of 9 is 3?,3-Jan,fraction,6.NS.A.1,Interpret & Compute using Division of Fractions,94,94,70,94,0.2553191489361702,0.0106382978723404,0.6595744680851063,"[{""answer_norm"": ""1/3"", ""n"": 69}, {""answer_norm"": ""3"", ""n"": 6}, {""answer_norm"": ""1/10"", ""n"": 3}, {""answer_norm"": ""3/1"", ""n"": 2}, {""answer_norm"": ""1 / 3"", ""n"": 1}]",model_dev,
579179,PSBDMGC,1,Fill-in-the-blank(s),Numeric,A sandwich store charges a delivery fee to bring lunch to an office building. One office pays $33 for 4 turkey sandwiches. Another office pays $61 for 8 turkey sandwiches. How much does each turkey sandwich add to the cost of the delivery? $,A sandwich store charges a delivery fee to bring lunch to an office building. One office pays $33 for 4 turkey sandwiches. Another office pays $61 for 8 turkey sandwiches. How much does each turkey sandwich add to the cost of the delivery? $,7,functions_graphs,8.F.B.4,Use Functions to Model Relationships Between Quantities,850,816,445,850,0.4576470588235294,0.2152941176470588,0.4423529411764706,"[{""answer_norm"": ""7"", ""n"": 527}, {""answer_norm"": ""8.25"", ""n"": 77}, {""answer_norm"": ""5"", ""n"": 55}, {""answer_norm"": ""8"", ""n"": 15}, {""answer_norm"": ""2"", ""n"": 13}]",model_dev,
579223,PRABFEJ2,1,Fill-in-the-blank(s),Numeric,"A pool in the shape of a rectangular prism is being filled with water. The length and width of the pool is 24 feet and 15 feet. If the height of the water in the pool is 1 1 3 feet, what is the volume of the water in cubic feet? cubic feet","A pool in the shape of a rectangular prism is being filled with water. The length and width of the pool is 24 feet and 15 feet. If the height of the water in the pool is 1 1 / 3 feet, what is the volume of the water in cubic feet? cubic feet",480,fraction,6.G.A.2,Find the Volume of Rectangular Prisms with Fractional Sides,1226,1181,921,1226,0.2022838499184339,0.2153344208809135,0.6411092985318108,"[{""answer_norm"": ""480"", ""n"": 908}, {""answer_norm"": ""360"", ""n"": 21}, {""answer_norm"": ""1320"", ""n"": 18}, {""answer_norm"": ""1440/3"", ""n"": 18}, {""answer_norm"": ""270"", ""n"": 14}]",model_dev,
584537,PSBDNCG,3,Fill-in-the-blank(s),Numeric,A certain shade of light blue paint is made by mixing 1 1 2 quarts of blue paint with 5 quarts of white paint. How much white paint would you need to mix with 4 quarts of blue paint? quarts of white paint,A certain shade of light blue paint is made by mixing 1 1 / 2 quarts of blue paint with 5 quarts of white paint. How much white paint would you need to mix with 4 quarts of blue paint? quarts of white paint,13 1/3,ratio_percent,7.RP.A.2a,Identify Proportional Relationships,156,155,96,156,0.3846153846153846,0.0192307692307692,0.4038461538461538,"[{""answer_norm"": ""13 1/3"", ""n"": 76}, {""answer_norm"": ""13.3"", ""n"": 11}, {""answer_norm"": ""1.2"", ""n"": 10}, {""answer_norm"": ""13"", ""n"": 9}, {""answer_norm"": ""13.33"", ""n"": 6}]",model_dev,
584854,PSBDNDZ,1,Fill-in-the-blank(s),Numeric,Different nerve signals travel at different speeds. Pressure and touch signals travel about 250 feet per second. Dull pain signals travel about 2 feet per second. How long does it take a person who is 5.5 feet tall to feel an ant crawling on their foot? about seconds,Different nerve signals travel at different speeds. Pressure and touch signals travel about 250 feet per second. Dull pain signals travel about 2 feet per second. How long does it take a person who is 5.5 feet tall to feel an ant crawling on their foot? about seconds,0.022,ratio_percent,7.NS.A.2b,Understand Applied Context for Dividing Rational Numbers,15,14,9,15,0.4,0.0,0.5333333333333333,"[{""answer_norm"": ""0.022"", ""n"": 10}, {""answer_norm"": "".022"", ""n"": 1}, {""answer_norm"": ""0.22"", ""n"": 1}, {""answer_norm"": ""1"", ""n"": 1}, {""answer_norm"": ""1,375"", ""n"": 1}]",model_dev,
584945,PSBDNDZ,2,Fill-in-the-blank(s),Numeric,How long does it take a person who is 5.5 feet tall to feel a dull ache in their foot? about seconds,How long does it take a person who is 5.5 feet tall to feel a dull ache in their foot? about seconds,2.75,ratio_percent,7.NS.A.2b,Understand Applied Context for Dividing Rational Numbers,13,12,8,13,0.3846153846153846,0.0,0.4615384615384615,"[{""answer_norm"": ""2.728"", ""n"": 8}, {""answer_norm"": "".2"", ""n"": 1}, {""answer_norm"": ""0.044"", ""n"": 1}, {""answer_norm"": ""2.55"", ""n"": 1}, {""answer_norm"": ""2.726"", ""n"": 1}]",model_dev,
585630,PRABESGG,1,Fill-in-the-blank(s),Numeric,Add. 14.7 + 28.9,Add. 14.7 + 28.9,43.6,ratio_percent,7.NS.A.1d,Apply Properties of Operations to Add/Subtract Rational Numbers,2182,2150,2081,2182,0.0453712190650779,0.0206232813932172,0.8780934922089826,"[{""answer_norm"": ""43.6"", ""n"": 1966}, {""answer_norm"": ""33.6"", ""n"": 27}, {""answer_norm"": ""42.6"", ""n"": 23}, {""answer_norm"": ""43.5"", ""n"": 10}, {""answer_norm"": ""44.6"", ""n"": 10}]",model_dev,
585877,PRABMSGX,1,Fill-in-the-blank(s),Numeric,Add. -9.2 + 4.4,Add. -9.2 + 4.4,-4.8,ratio_percent,7.NS.A.1d,Apply Properties of Operations to Add/Subtract Rational Numbers,2170,2141,1918,2170,0.1152073732718894,0.0078341013824884,0.6935483870967742,"[{""answer_norm"": ""-4.8"", ""n"": 1552}, {""answer_norm"": ""4.8"", ""n"": 299}, {""answer_norm"": ""-5.2"", ""n"": 48}, {""answer_norm"": ""-13.6"", ""n"": 44}, {""answer_norm"": ""13.6"", ""n"": 38}]",model_dev,
586044,PRABMSGY,1,Fill-in-the-blank(s),Numeric,Add. -81.4 + (-12),Add. -81.4 + (-12),-93.4,ratio_percent,7.NS.A.1d,Apply Properties of Operations to Add/Subtract Rational Numbers,2140,2114,1857,2140,0.1313084112149532,0.005607476635514,0.6705607476635514,"[{""answer_norm"": ""-93.4"", ""n"": 1498}, {""answer_norm"": ""93.4"", ""n"": 304}, {""answer_norm"": ""-69.4"", ""n"": 92}, {""answer_norm"": ""69.4"", ""n"": 84}, {""answer_norm"": ""-83.4"", ""n"": 13}]",test,
586212,PRABMSGZ,1,Fill-in-the-blank(s),Numeric,Add. 51.8 + (-0.8),Add. 51.8 + (-0.8),51,ratio_percent,7.NS.A.1d,Apply Properties of Operations to Add/Subtract Rational Numbers,2128,2105,1981,2128,0.069078947368421,0.0056390977443609,0.8585526315789473,"[{""answer_norm"": ""51"", ""n"": 1805}, {""answer_norm"": ""52.6"", ""n"": 108}, {""answer_norm"": ""51.0"", ""n"": 87}, {""answer_norm"": ""-52.6"", ""n"": 37}, {""answer_norm"": ""-51"", ""n"": 12}]",validation,
587537,PSBDNUV,1,Fill-in-the-blank(s),Numeric,What is 3 4 ÷ 1 8 ?,What is 3 / 4 / 1 / 8?,6,fraction,6.NS.A.1,Interpret & Compute using Division of Fractions,24,24,22,24,0.0833333333333333,0.0,0.875,"[{""answer_norm"": ""6"", ""n"": 15}, {""answer_norm"": ""24/4"", ""n"": 6}, {""answer_norm"": ""24/8"", ""n"": 1}, {""answer_norm"": ""3/32"", ""n"": 1}, {""answer_norm"": ""6/8"", ""n"": 1}]",model_dev,
588744,PRABQKS9,1,Fill-in-the-blank(s),Numeric,A recipe for cookies calls for 2 3 of a cup of sugar per batch. Elena used 5 1 3 cups of sugar to make multiple batches of cookies. How many batches did she make? batches,A recipe for cookies calls for 2 / 3 of a cup of sugar per batch. Elena used 5 1 / 3 cups of sugar to make multiple batches of cookies. How many batches did she make? batches,8,fraction,6.NS.A.1,Interpret & Compute using Division of Fractions,25,25,12,25,0.52,0.0,0.32,"[{""answer_norm"": ""8"", ""n"": 11}, {""answer_norm"": ""5"", ""n"": 3}, {""answer_norm"": ""1/8"", ""n"": 1}, {""answer_norm"": ""10"", ""n"": 1}, {""answer_norm"": ""16"", ""n"": 1}]",model_dev,
590413,PSBDPDQ,2,Fill-in-the-blank(s),Numeric,A stack of 200 file folders is 5.125 inches tall. Compute the thickness of each file folder. inches,A stack of 200 file folders is 5.125 inches tall. Compute the thickness of each file folder. inches,0.025625,whole_number_arithmetic,6.NS.B.2,Divide Multi-Digit Whole Numbers,76,60,71,76,0.0657894736842105,0.0263157894736842,0.3947368421052631,"[{""answer_norm"": ""0.025625"", ""n"": 24}, {""answer_norm"": ""0.025"", ""n"": 6}, {""answer_norm"": "".25625"", ""n"": 4}, {""answer_norm"": ""0.0256"", ""n"": 4}, {""answer_norm"": "".025625"", ""n"": 3}]",model_dev,
591069,PRABQK7A,1,Fill-in-the-blank(s),Numeric,It takes 4.12 gallons of paint to paint a fence. How much paint is needed for 1 5 of the fence? gallons,It takes 4.12 gallons of paint to paint a fence. How much paint is needed for 1 / 5 of the fence? gallons,0.824,decimal,6.NS.B.2 | 6.NS.B.3,"Divide Multi-Digit Whole Numbers | Add, Subtract, Multiply & Divide Multi-Digit Decimals",77,61,74,77,0.0389610389610389,0.0259740259740259,0.5974025974025974,"[{""answer_norm"": ""0.824"", ""n"": 35}, {""answer_norm"": "".824"", ""n"": 10}, {""answer_norm"": ""20.6"", ""n"": 5}, {""answer_norm"": ""0.206"", ""n"": 2}, {""answer_norm"": "".20"", ""n"": 1}]",model_dev,
591787,PSBDPNS,1,Fill-in-the-blank(s),Numeric,Solve the equation. 2 k − 3 ( 4 − k ) = 3 k + 4 k =,Solve the equation. 2 k - 3 (4 - k) = 3 k + 4 k =,8,ratio_percent,8.EE.C.7b,Solve Multi-Step Linear Equations with Rational Number Coefficients,170,165,132,170,0.2235294117647059,0.0,0.7176470588235294,"[{""answer_norm"": ""8"", ""n"": 138}, {""answer_norm"": ""-4"", ""n"": 10}, {""answer_norm"": ""2"", ""n"": 4}, {""answer_norm"": ""4"", ""n"": 3}, {""answer_norm"": ""-13"", ""n"": 2}]",model_dev,
591850,PSBDPRR,1,Fill-in-the-blank(s),Exact Match,"List all multiples of 10 up to 100. List your answers in a list separated by commas and without extra spaces. For example: 1,2,3,4,5","List all multiples of 10 up to 100. List your answers in a list separated by commas and without extra spaces. For example: 1,2,3,4,5","10,20,30,40,50,60,70,80,90,100",other,6.NS.B.4,Find Common Factors & Multiples,613,606,496,613,0.1582381729200652,0.0880913539967373,0.6280587275693311,"[{""answer_norm"": ""10,20,30,40,50,60,70,80,90,100"", ""n"": 409}, {""answer_norm"": ""10,20,30,40,50,60,70,80,90"", ""n"": 53}, {""answer_norm"": ""1,2,3,4,5,6,7,8,9,10"", ""n"": 18}, {""answer_norm"": ""20,30,40,50,60,70,80,90,100"", ""n"": 8}, {""answer_norm"": ""10"", ""n"": 7}]",validation,
592014,PSBDPP7,1,Fill-in-the-blank(s),Numeric,Solve the equation. 3 y - 6 9 = 4 - 2 y - 3 y =,Solve the equation. (3 y - 6) / 9 = (4 - 2 y) / (- 3) y =,2,ratio_percent,8.EE.C.7b,Solve Multi-Step Linear Equations with Rational Number Coefficients,113,113,75,113,0.336283185840708,0.0,0.6460176991150443,"[{""answer_norm"": ""2"", ""n"": 98}, {""answer_norm"": ""-1/9"", ""n"": 1}, {""answer_norm"": ""-3.4"", ""n"": 1}, {""answer_norm"": ""-30/45"", ""n"": 1}, {""answer_norm"": ""-9.3333"", ""n"": 1}]",model_dev,
592027,PSBDPRR,2,Fill-in-the-blank(s),Exact Match,"List all multiples of 15 up to 100. List your answers in a list separated by commas and without extra spaces. For example: 1,2,3,4,5","List all multiples of 15 up to 100. List your answers in a list separated by commas and without extra spaces. For example: 1,2,3,4,5","15,30,45,60,75,90",other,6.NS.B.4,Find Common Factors & Multiples,611,604,490,611,0.1636661211129296,0.0900163666121112,0.5990180032733224,"[{""answer_norm"": ""15,30,45,60,75,90"", ""n"": 388}, {""answer_norm"": ""15,30,45,60,75,90,105"", ""n"": 44}, {""answer_norm"": ""15,30,45,60,75,90,"", ""n"": 36}, {""answer_norm"": ""15,30,45,60,75,100"", ""n"": 12}, {""answer_norm"": ""15, 30, 45, 60, 75, 90"", ""n"": 10}]",validation,
592258,PSBDPRR,3,Fill-in-the-blank(s),Numeric,What is the least common multiple of 10 and 15?,What is the least common multiple of 10 and 15?,30,other,6.NS.B.4,Find Common Factors & Multiples,606,599,531,606,0.1105610561056105,0.0594059405940594,0.7755775577557755,"[{""answer_norm"": ""30"", ""n"": 487}, {""answer_norm"": ""5"", ""n"": 52}, {""answer_norm"": ""1"", ""n"": 14}, {""answer_norm"": ""60"", ""n"": 10}, {""answer_norm"": ""10"", ""n"": 9}]",validation,
593590,PSBDPZ5,1,Fill-in-the-blank(s),Numeric,"A school wants to raise $2,500 to support its music program. If it has met 20% of its goal so far, how much money has it raised? $","A school wants to raise $2,500 to support its music program. If it has met 20% of its goal so far, how much money has it raised? $",500,ratio_percent,6.RP.A.3c,Solve Problems Involving Percents,289,287,235,289,0.1487889273356401,0.1591695501730103,0.7301038062283737,"[{""answer_norm"": ""500"", ""n"": 240}, {""answer_norm"": ""125"", ""n"": 13}, {""answer_norm"": ""20"", ""n"": 3}, {""answer_norm"": ""50"", ""n"": 3}, {""answer_norm"": ""625"", ""n"": 3}]",model_dev,
593802,PSBDPZ5,2,Fill-in-the-blank(s),Numeric,"A school wants to raise $2,500 to support its music program. If it raises 175% of its goal, how much money will the music program receive? $","A school wants to raise $2,500 to support its music program. If it raises 175% of its goal, how much money will the music program receive? $","4,375",ratio_percent,6.RP.A.3c,Solve Problems Involving Percents,288,286,211,288,0.2395833333333333,0.2118055555555555,0.6145833333333334,"[{""answer_norm"": ""4375"", ""n"": 182}, {""answer_norm"": ""4,375"", ""n"": 32}, {""answer_norm"": ""4325"", ""n"": 4}, {""answer_norm"": ""100"", ""n"": 3}, {""answer_norm"": ""4000"", ""n"": 3}]",model_dev,
594916,PSBDP7M,1,Fill-in-the-blank(s),Numeric,The area of a circular table is 225 π in 2 . What is the radius of the table? inches,The area of a circular table is 225 pi in^(2). What is the radius of the table? inches,15,equation_algebra,7.G.B.4,Solve Problems Involving Area & Circumference of Circles,9,9,2,9,0.7777777777777778,1.3333333333333333,0.2222222222222222,"[{""answer_norm"": ""15"", ""n"": 8}, {""answer_norm"": ""3.14"", ""n"": 1}]",model_dev,
595853,PRABQP26,1,Fill-in-the-blank(s),Algebraic Expression,"A recipe for salad dressing calls for 1 3 tablespoon of vinegar for every tablespoon of oil. The equation V = 1 3 L gives the amount of vinegar needed ( V ) in terms of the amount of olive oil used ( L ). Write another equation describing the recipe, this time giving L in terms of V . L = Use V as your variable.","A recipe for salad dressing calls for 1 / 3 tablespoon of vinegar for every tablespoon of oil. The equation V = 1 / 3 L gives the amount of vinegar needed (V) in terms of the amount of olive oil used (L). Write another equation describing the recipe, this time giving L in terms of V. L = Use V as your variable.","3V, V/(1/3)",ratio_percent,7.RP.A.2c,Represent Proportional Relationships with Equations,10,10,3,10,0.7,1.4,0.3,"[{""answer_norm"": ""3v"", ""n"": 7}, {""answer_norm"": ""1/3"", ""n"": 1}, {""answer_norm"": ""3c"", ""n"": 1}, {""answer_norm"": ""x=4"", ""n"": 1}]",model_dev,
596384,PRABEVTR,1,Fill-in-the-blank(s),Numeric,A cylinder has radius 1.6 meters. Its volume is 95 cubic meters. Find its height to the nearest tenth of a meter. meters,A cylinder has radius 1.6 meters. Its volume is 95 cubic meters. Find its height to the nearest tenth of a meter. meters,11.8,geometry_measurement,8.G.C.9,Know & Use Volume Formulas,51,48,43,51,0.1568627450980392,0.3529411764705882,0.4117647058823529,"[{""answer_norm"": ""11.8"", ""n"": 24}, {""answer_norm"": ""11.81"", ""n"": 3}, {""answer_norm"": ""11"", ""n"": 2}, {""answer_norm"": ""12"", ""n"": 2}, {""answer_norm"": ""5"", ""n"": 2}]",model_dev,
599220,PRABJ6PF,1,Fill-in-the-blank(s),Numeric,Complete the equation with a number that makes the expression on the right side of the equal sign equivalent to the expression on the left side. 5x − 2.5 + 6x − 3 = (2x − 1),Complete the equation with a number that makes the expression on the right side of the equal sign equivalent to the expression on the left side. 5x - 2.5 + 6x - 3 = (2x - 1),5.5,ratio_percent,7.EE.A.1,Apply Properties of Operations to Create Equivalent Expressions,1138,1133,786,1138,0.3005272407732864,0.1476274165202108,0.6221441124780316,"[{""answer_norm"": ""5.5"", ""n"": 715}, {""answer_norm"": ""11/2"", ""n"": 112}, {""answer_norm"": ""5 1/2"", ""n"": 75}, {""answer_norm"": ""2.5"", ""n"": 17}, {""answer_norm"": ""11"", ""n"": 16}]",model_dev,
601993,PRABE9GW,1,Fill-in-the-blank(s),Numeric,Elena has 80 unit cubes. What is the volume of the largest cube she can build with them? cubic units,Elena has 80 unit cubes. What is the volume of the largest cube she can build with them? cubic units,64,geometry_measurement,5.MD.C.3b,Understand that Unit Cubes Can be Used to Construct Volume,652,638,222,652,0.6150306748466258,0.2699386503067484,0.2453987730061349,"[{""answer_norm"": ""64"", ""n"": 285}, {""answer_norm"": ""80"", ""n"": 125}, {""answer_norm"": ""40"", ""n"": 45}, {""answer_norm"": ""20"", ""n"": 29}, {""answer_norm"": ""4"", ""n"": 17}]",model_dev,
604967,PSBDRW4,1,Fill-in-the-blank(s),Algebraic Expression,The sides of a square have length s . Write a formula for the perimeter P of the square. P = Use s as your variable.,The sides of a square have length s. Write a formula for the perimeter P of the square. P = Use s as your variable.,4s,equation_algebra,6.EE.A.2a | 6.EE.A.2b | 6.EE.A.2c,Write Expressions with Numbers & Variables | Identify Parts of an Expression | Evaluate Expression in Real-World Context,120,119,110,120,0.0833333333333333,0.0,0.375,"[{""answer_norm"": ""4s"", ""n"": 9}, {""answer_norm"": ""p = 4 s"", ""n"": 9}, {""answer_norm"": ""s + s + s + s = p"", ""n"": 4}, {""answer_norm"": ""p = s 4"", ""n"": 3}, {""answer_norm"": ""p=4s"", ""n"": 3}]",model_dev,
605052,PSBDRW4,2,Fill-in-the-blank(s),Algebraic Expression,The sides of a square have length s . Write a formula for the area A of the square. A = Use s as your variable. Use the ^ symbol to represent an exponent. For example: 5 2 should be typed as 5^2 (-5) 2 should be typed as (-5)^2,The sides of a square have length s. Write a formula for the area A of the square. A = Use s as your variable. Use the^symbol to represent an exponent. For example: 5^(2) should be typed as 5^2 (-5)^(2) should be typed as (-5)^2,s^2,equation_algebra,6.EE.A.2a | 6.EE.A.2b | 6.EE.A.2c,Write Expressions with Numbers & Variables | Identify Parts of an Expression | Evaluate Expression in Real-World Context,117,117,99,117,0.1538461538461538,0.0,0.125,"[{""answer_norm"": ""4s"", ""n"": 10}, {""answer_norm"": ""s \u00d7 s = a"", ""n"": 5}, {""answer_norm"": ""s^2"", ""n"": 5}, {""answer_norm"": ""a = s s"", ""n"": 3}, {""answer_norm"": ""a = s"", ""n"": 2}]",model_dev,
605230,PSBDRYP,1,Fill-in-the-blank(s),Numeric,"Priya measured the perimeter of a square desk and found 248 cm. Noah measured the perimeter of the same desk and found 2,468 mm. By how many millimeters do these measurements differ? millimeters","Priya measured the perimeter of a square desk and found 248 cm. Noah measured the perimeter of the same desk and found 2,468 mm. By how many millimeters do these measurements differ? millimeters",12,geometry_measurement,4.MD.A.1 | 4.MD.A.3,Convert Measurements Within a System & Display in Two-Column Tables | Apply Area & Perimeter Formulas for Rectangles,104,104,58,104,0.4134615384615384,0.1538461538461538,0.2307692307692307,"[{""answer_norm"": ""12"", ""n"": 32}, {""answer_norm"": ""2220"", ""n"": 18}, {""answer_norm"": ""10"", ""n"": 7}, {""answer_norm"": ""9.95"", ""n"": 5}, {""answer_norm"": ""1000"", ""n"": 4}]",test,
637195,PSBDXJH,2,Fill-in-the-blank(s),Numeric,Find the surface area of the rectangular prism. square cm,Find the surface area of the rectangular prism. square cm,160,geometry_measurement,6.G.A.4,Represent 3D Figures Using Nets to Find Surface Area,559,523,312,559,0.4329159212880143,0.1556350626118068,0.4454382826475849,"[{""answer_norm"": ""160"", ""n"": 305}, {""answer_norm"": ""100"", ""n"": 68}, {""answer_norm"": ""110"", ""n"": 17}, {""answer_norm"": ""60"", ""n"": 16}, {""answer_norm"": ""34"", ""n"": 15}]",test,
643786,PSBDYSP,1,Fill-in-the-blank(s),Numeric,"Water costs $1.25 per bottle. At this rate, what is the cost of 10 bottles? $","Water costs $1.25 per bottle. At this rate, what is the cost of 10 bottles? $",12.5,ratio_percent,6.RP.A.3b,Solve Unit Rate Problems,1221,1191,1130,1221,0.0728910728910729,0.0221130221130221,0.8697788697788698,"[{""answer_norm"": ""12.5"", ""n"": 617}, {""answer_norm"": ""12.50"", ""n"": 477}, {""answer_norm"": ""8"", ""n"": 19}, {""answer_norm"": ""12"", ""n"": 10}, {""answer_norm"": ""11.25"", ""n"": 7}]",model_dev,
644011,PSBDYSP,2,Fill-in-the-blank(s),Numeric,"Water costs $1.25 per bottle. At this rate, what is the cost of 20 bottles? $","Water costs $1.25 per bottle. At this rate, what is the cost of 20 bottles? $",25,ratio_percent,6.RP.A.3b,Solve Unit Rate Problems,1218,1188,1148,1218,0.0566502463054187,0.0123152709359605,0.8916256157635468,"[{""answer_norm"": ""25"", ""n"": 983}, {""answer_norm"": ""25.00"", ""n"": 123}, {""answer_norm"": ""15"", ""n"": 15}, {""answer_norm"": ""125"", ""n"": 7}, {""answer_norm"": ""23"", ""n"": 7}]",model_dev,
644155,PSBDYSP,3,Fill-in-the-blank(s),Numeric,"Water costs $1.25 per bottle. At this rate, what is the cost of 50 bottles? $","Water costs $1.25 per bottle. At this rate, what is the cost of 50 bottles? $",62.5,ratio_percent,6.RP.A.3b,Solve Unit Rate Problems,1218,1188,1124,1218,0.0763546798029556,0.0073891625615763,0.8530377668308703,"[{""answer_norm"": ""62.5"", ""n"": 639}, {""answer_norm"": ""62.50"", ""n"": 433}, {""answer_norm"": ""50"", ""n"": 12}, {""answer_norm"": ""62"", ""n"": 10}, {""answer_norm"": ""55"", ""n"": 9}]",model_dev,
655353,PSBD2NU,1,Fill-in-the-blank(s),Numeric,"Noah has 4 bags of marbles with the same number in each bag. If there are 536 marbles altogether, how many marbles are in each bag? marbles in each bag","Noah has 4 bags of marbles with the same number in each bag. If there are 536 marbles altogether, how many marbles are in each bag? marbles in each bag",134,whole_number_arithmetic,4.NBT.B.6,Divide Whole Numbers using Place Value Models & Strategies,28,28,27,28,0.0357142857142857,0.0,0.75,"[{""answer_norm"": ""134"", ""n"": 21}, {""answer_norm"": ""144"", ""n"": 2}, {""answer_norm"": ""2144"", ""n"": 2}, {""answer_norm"": ""135"", ""n"": 1}, {""answer_norm"": ""2,144"", ""n"": 1}]",model_dev,
668634,PSBD4PT,1,Fill-in-the-blank(s),Numeric,"Elena measured the perimeter of a square desk and found 359 cm. Andre measured the perimeter of the same desk and found 3,579 mm. By how many millimeters do these measurements differ? mm","Elena measured the perimeter of a square desk and found 359 cm. Andre measured the perimeter of the same desk and found 3,579 mm. By how many millimeters do these measurements differ? mm",11,geometry_measurement,4.MD.A.1 | 4.MD.A.3,Convert Measurements Within a System & Display in Two-Column Tables | Apply Area & Perimeter Formulas for Rectangles,22,22,13,22,0.2727272727272727,0.5,0.4545454545454545,"[{""answer_norm"": ""11"", ""n"": 11}, {""answer_norm"": ""1.1"", ""n"": 2}, {""answer_norm"": ""3220"", ""n"": 2}, {""answer_norm"": ""3590"", ""n"": 2}, {""answer_norm"": "".9"", ""n"": 1}]",model_dev,
674266,PRABQP47,1,Fill-in-the-blank(s),Numeric,"A cone and cylinder have the same height and their bases are congruent circles. If the volume of the cylinder is 120 in 3 , what is the volume of the cone? in 3","A cone and cylinder have the same height and their bases are congruent circles. If the volume of the cylinder is 120 in^(3), what is the volume of the cone? in^(3)",40,geometry_measurement,8.G.C.9,Know & Use Volume Formulas,34,30,25,34,0.2647058823529412,0.0,0.7058823529411765,"[{""answer_norm"": ""40"", ""n"": 32}, {""answer_norm"": ""12"", ""n"": 1}, {""answer_norm"": ""360"", ""n"": 1}]",model_dev,
677527,PSBD56Z,1,Fill-in-the-blank(s),Numeric,"Andre set up a lemonade stand last weekend. It cost him $0.15 to make each cup of lemonade, and he sold each cup for $0.35. If Andre collects $9.80, how many cups did he sell? cups","Andre set up a lemonade stand last weekend. It cost him $0.15 to make each cup of lemonade, and he sold each cup for $0.35. If Andre collects $9.80, how many cups did he sell? cups",28,equation_algebra,6.EE.B.6,Write Expressions with Variables to Solve Problems,9,9,7,9,0.2222222222222222,0.0,0.5555555555555556,"[{""answer_norm"": ""28"", ""n"": 6}, {""answer_norm"": ""49"", ""n"": 2}, {""answer_norm"": ""2.04"", ""n"": 1}]",model_dev,
677536,PSBD56Z,2,Fill-in-the-blank(s),Numeric,"Andre set up a lemonade stand last weekend. It cost him $0.15 to make each cup of lemonade, and he sold each cup for $0.35. How much money did it cost Andre to make this amount of lemonade? $","Andre set up a lemonade stand last weekend. It cost him $0.15 to make each cup of lemonade, and he sold each cup for $0.35. How much money did it cost Andre to make this amount of lemonade? $",4.2,equation_algebra,6.EE.B.6,Write Expressions with Variables to Solve Problems,9,9,5,9,0.4444444444444444,0.0,0.5555555555555556,"[{""answer_norm"": ""4.20"", ""n"": 5}, {""answer_norm"": ""1.47"", ""n"": 1}, {""answer_norm"": ""4.2"", ""n"": 1}, {""answer_norm"": ""65.3"", ""n"": 1}, {""answer_norm"": ""65.33"", ""n"": 1}]",model_dev,
677544,PSBD56Z,3,Fill-in-the-blank(s),Numeric,"Andre set up a lemonade stand last weekend. It cost him $0.15 to make each cup of lemonade, and he sold each cup for $0.35. How much money did Andre make in profit? $","Andre set up a lemonade stand last weekend. It cost him $0.15 to make each cup of lemonade, and he sold each cup for $0.35. How much money did Andre make in profit? $",5.6,equation_algebra,6.EE.B.6,Write Expressions with Variables to Solve Problems,9,9,4,9,0.5555555555555556,0.2222222222222222,0.4444444444444444,"[{""answer_norm"": ""5.60"", ""n"": 5}, {""answer_norm"": ""1.47"", ""n"": 1}, {""answer_norm"": ""32.2"", ""n"": 1}, {""answer_norm"": ""6.66"", ""n"": 1}, {""answer_norm"": ""9.80"", ""n"": 1}]",model_dev,
